City,Date,PM2.5,PM10,NO,NO2,NOx,NH3,CO,SO2,O3,Benzene,Toluene,Xylene,AQI,Year,Month,Day,Season
Amaravati,2018-07-14,9.85,29.97,3.12,7.5,6.61,15.05,0.4,6.02,21.63,0.22,0.08,3.477354965585054,35.0,2018,7,14,Monsoon
Amaravati,2018-07-15,8.68,26.62,2.19,5.01,4.44,12.07,0.31,6.29,19.52,0.2,0.06,0.1,31.0,2018,7,15,Monsoon
Amaravati,2018-07-16,7.5,24.01,3.64,6.56,6.54,11.23,0.3,7.42,20.89,0.23,0.08,3.477354965585054,29.0,2018,7,16,Monsoon
Amaravati,2018-07-17,7.75,28.62,4.99,8.7,8.78,13.07,0.44,10.4,25.38,0.21,0.09,3.477354965585054,32.0,2018,7,17,Monsoon
Amaravati,2018-07-18,10.45,41.47,4.1,11.13,9.34,14.62,0.47,9.94,28.24,0.21,0.09,0.1,39.0,2018,7,18,Monsoon
Amaravati,2018-07-19,12.7,49.26,4.31,9.81,8.8,11.05,0.42,8.98,32.3,0.22,0.1,3.477354965585054,48.0,2018,7,19,Monsoon
Amaravati,2018-07-20,14.48,35.5,5.28,12.77,11.09,12.61,0.5,9.81,24.28,0.19,0.07,0.1,42.0,2018,7,20,Monsoon
Amaravati,2018-07-21,17.96,47.61,5.68,14.95,12.66,14.75,0.69,6.51,32.73,0.19,0.12,0.15,73.0,2018,7,21,Monsoon
Amaravati,2018-07-22,16.87,50.6,2.22,7.8,5.94,14.92,0.38,12.46,31.82,0.18,0.06,3.477354965585054,59.0,2018,7,22,Monsoon
Amaravati,2018-07-23,16.46,62.29,7.42,15.94,13.64,15.03,0.47,13.78,34.5,0.24,0.12,0.1,294.76488095238096,2018,7,23,Monsoon
Amaravati,2018-07-24,17.42,56.44,5.71,16.26,13.39,15.6,0.47,11.83,28.85,0.21,0.11,0.1,55.0,2018,7,24,Monsoon
Amaravati,2018-07-25,17.79,68.97,7.15,16.25,14.55,14.24,0.62,10.42,26.08,0.16,0.08,0.2,86.0,2018,7,25,Monsoon
Amaravati,2018-07-26,18.75,82.27,4.66,15.45,12.1,16.15,0.55,9.13,27.44,0.16,0.1,3.477354965585054,100.0,2018,7,26,Monsoon
Amaravati,2018-07-27,11.92,46.76,3.33,7.75,6.92,16.19,0.57,10.97,29.93,0.13,0.05,3.477354965585054,85.0,2018,7,27,Monsoon
Amaravati,2018-07-28,17.74,80.26,10.41,20.1,19.29,18.23,0.49,10.98,27.33,0.2,0.19,0.1,57.0,2018,7,28,Monsoon
Amaravati,2018-07-29,21.78,76.32,5.21,20.63,15.21,18.8,0.44,9.64,25.7,0.16,0.18,0.1,85.0,2018,7,29,Monsoon
Amaravati,2018-07-30,28.31,98.01,9.45,24.83,20.98,18.71,0.54,6.69,31.12,0.13,0.12,0.1,85.0,2018,7,30,Monsoon
Amaravati,2018-07-31,27.1,112.48,9.04,23.91,20.07,21.23,0.47,12.6,23.43,0.16,0.22,0.1,106.0,2018,7,31,Monsoon
Amaravati,2018-08-01,20.21,91.71,4.66,16.41,12.61,18.05,0.34,6.74,29.91,0.12,0.08,0.1,100.0,2018,8,1,Monsoon
Amaravati,2018-08-02,18.52,51.48,6.99,18.33,15.52,20.07,0.43,12.46,28.73,0.13,0.1,0.1,68.0,2018,8,2,Monsoon
Amaravati,2018-08-03,25.59,70.1,10.33,21.95,20.17,21.89,0.5,8.64,26.4,0.13,0.14,0.12,61.0,2018,8,3,Monsoon
Amaravati,2018-08-04,21.79,75.21,4.79,15.65,12.3,19.74,0.38,11.1,30.57,0.12,0.08,0.2,71.0,2018,8,4,Monsoon
Amaravati,2018-08-05,24.0,80.0,1.4,28.8,16.4,35.2,0.95,2.9,17.6,0.2,0.1,3.477354965585054,77.0,2018,8,5,Monsoon
Amaravati,2018-08-06,17.79,72.48,5.56,14.87,12.57,16.48,0.42,11.28,30.9,0.16,0.14,3.477354965585054,294.76488095238096,2018,8,6,Monsoon
Amaravati,2018-08-07,18.47,52.91,7.36,16.89,15.06,16.57,0.8,11.49,22.14,0.11,0.09,0.1,111.0,2018,8,7,Monsoon
Amaravati,2018-08-08,16.73,40.15,6.61,16.05,14.0,19.69,0.44,9.02,20.11,0.11,0.07,0.13,47.0,2018,8,8,Monsoon
Amaravati,2018-08-09,18.72,57.71,7.08,25.46,19.29,22.11,0.42,12.33,18.28,0.12,0.15,0.1,47.0,2018,8,9,Monsoon
Amaravati,2018-08-10,11.39,28.72,4.4,11.2,9.63,24.46,0.39,9.47,21.17,0.12,0.07,0.1,48.0,2018,8,10,Monsoon
Amaravati,2018-08-11,10.62,19.96,3.71,9.32,8.1,17.43,0.59,10.32,14.62,0.07,0.03,0.1,49.0,2018,8,11,Monsoon
Amaravati,2018-08-12,8.1,15.83,2.78,8.58,6.84,11.88,0.77,8.72,14.52,0.0,0.0,3.477354965585054,50.0,2018,8,12,Monsoon
Amaravati,2018-08-13,9.28,16.42,5.01,7.85,8.31,14.27,0.92,8.12,12.29,0.04,0.03,0.1,57.0,2018,8,13,Monsoon
Amaravati,2018-08-14,7.45,20.5,3.99,8.92,8.08,14.63,0.88,8.35,16.01,0.05,0.04,0.1,60.0,2018,8,14,Monsoon
Amaravati,2018-08-15,15.32,45.04,3.13,10.48,8.12,15.07,0.88,8.93,14.12,0.1,0.06,0.1,52.0,2018,8,15,Monsoon
Amaravati,2018-08-16,8.84,23.71,3.77,6.74,6.74,18.92,0.95,8.39,21.01,0.1,0.02,3.477354965585054,54.0,2018,8,16,Monsoon
Amaravati,2018-08-17,11.39,24.61,3.02,7.96,6.77,13.6,0.96,11.82,26.34,0.1,0.02,0.1,63.0,2018,8,17,Monsoon
Amaravati,2018-08-18,12.51,32.52,2.71,6.6,5.8,14.61,0.86,9.47,28.28,0.1,0.02,0.1,53.0,2018,8,18,Monsoon
Amaravati,2018-08-19,8.71,14.17,1.36,6.04,4.31,20.04,1.03,8.12,22.3,0.1,0.01,0.1,56.0,2018,8,19,Monsoon
Amaravati,2018-08-20,10.46,22.96,6.49,11.24,10.45,13.4,0.99,10.48,18.45,0.17,0.09,3.477354965585054,294.76488095238096,2018,8,20,Monsoon
Amaravati,2018-08-21,11.3,27.28,5.81,11.69,11.08,9.62,1.2,9.05,24.93,0.12,0.07,3.477354965585054,112.0,2018,8,21,Monsoon
Amaravati,2018-08-22,7.0,7.8,1.7,7.66,5.45,17.12,1.08,8.39,17.77,0.09,0.0,0.1,75.0,2018,8,22,Monsoon
Amaravati,2018-08-23,11.44,32.62,3.08,12.02,8.9,12.88,0.74,8.98,33.9,0.1,0.08,3.477354965585054,294.76488095238096,2018,8,23,Monsoon
Amaravati,2018-08-24,15.76,40.74,4.78,19.03,14.1,16.38,1.36,9.46,23.34,0.1,0.09,0.15,89.0,2018,8,24,Monsoon
Amaravati,2018-08-25,18.79,60.26,5.2,20.45,15.18,18.52,1.1,10.01,22.54,0.1,0.07,0.1,76.0,2018,8,25,Monsoon
Amaravati,2018-08-26,15.05,43.47,3.3,14.59,10.44,19.91,0.95,10.12,22.85,0.1,0.04,3.477354965585054,78.0,2018,8,26,Monsoon
Amaravati,2018-08-27,10.1,23.92,4.73,13.33,11.02,19.26,0.87,9.24,20.67,0.1,0.08,0.1,66.0,2018,8,27,Monsoon
Amaravati,2018-08-28,14.43,43.47,6.66,16.04,14.03,17.73,0.95,9.76,24.54,0.09,0.06,0.13,61.0,2018,8,28,Monsoon
Amaravati,2018-08-29,22.65,57.46,4.52,16.8,12.7,19.88,1.18,8.89,29.44,0.1,0.08,0.1,83.0,2018,8,29,Monsoon
Amaravati,2018-08-30,28.45,81.89,6.68,19.36,15.81,20.7,1.39,9.78,29.76,0.1,0.07,0.1,87.0,2018,8,30,Monsoon
Amaravati,2018-08-31,24.94,69.22,3.56,19.99,13.29,20.42,1.4,11.98,28.1,0.04,0.06,0.1,97.0,2018,8,31,Monsoon
Amaravati,2018-09-01,26.24,62.75,4.63,21.34,15.23,24.55,1.68,11.17,27.98,0.07,0.12,0.1,98.0,2018,9,1,Monsoon
Amaravati,2018-09-02,30.6,76.16,7.16,24.63,18.91,22.37,1.71,11.64,24.36,0.11,0.18,0.12,99.0,2018,9,2,Monsoon
Amaravati,2018-09-03,21.81,78.68,12.19,23.75,22.67,21.76,1.64,11.8,29.05,0.09,0.07,3.477354965585054,94.0,2018,9,3,Monsoon
Amaravati,2018-09-04,24.22,86.08,9.81,26.49,22.16,21.11,1.68,11.54,26.93,0.09,0.1,0.1,98.0,2018,9,4,Monsoon
Amaravati,2018-09-05,19.82,71.36,5.45,17.14,13.64,20.62,1.82,12.89,29.25,0.07,0.09,3.477354965585054,102.0,2018,9,5,Monsoon
Amaravati,2018-09-06,25.11,81.43,6.01,21.87,16.61,16.71,1.57,11.73,31.81,0.09,0.08,3.477354965585054,96.0,2018,9,6,Monsoon
Amaravati,2018-09-07,31.3,101.05,9.49,25.22,21.23,18.06,1.48,11.06,35.61,0.08,0.16,0.1,90.0,2018,9,7,Monsoon
Amaravati,2018-09-08,27.1,89.38,11.58,21.31,20.76,23.69,1.54,10.21,28.77,0.08,0.11,0.1,106.0,2018,9,8,Monsoon
Amaravati,2018-09-10,26.73,71.95,12.65,30.67,26.74,23.97,1.32,12.74,37.63,0.04,0.11,0.13,294.76488095238096,2018,9,10,Monsoon
Amaravati,2018-09-11,33.28,75.5,10.44,32.4,25.96,23.03,1.11,8.91,30.15,0.07,0.07,0.1,88.0,2018,9,11,Monsoon
Amaravati,2018-09-12,40.66,82.62,4.78,23.58,16.52,21.37,0.76,10.9,38.55,0.05,0.03,3.477354965585054,103.0,2018,9,12,Monsoon
Amaravati,2018-09-13,40.56,66.97,2.56,17.56,11.42,22.66,0.62,11.29,37.87,0.07,0.11,0.1,76.0,2018,9,13,Monsoon
Amaravati,2018-09-14,37.93,67.4,3.85,20.86,14.32,19.44,0.78,8.91,34.81,0.07,0.17,0.14,68.0,2018,9,14,Monsoon
Amaravati,2018-09-15,31.64,69.39,2.6,18.65,11.86,24.14,0.66,9.58,39.56,0.06,0.07,0.1,75.0,2018,9,15,Monsoon
Amaravati,2018-09-17,27.69,49.21,7.18,27.31,20.52,19.1,1.56,9.59,40.29,0.04,0.07,0.1,294.76488095238096,2018,9,17,Monsoon
Amaravati,2018-09-18,22.12,34.83,3.73,16.1,11.69,18.14,1.34,10.48,41.51,0.01,0.02,3.477354965585054,89.0,2018,9,18,Monsoon
Amaravati,2018-09-19,29.25,52.84,4.16,17.41,12.79,17.82,0.81,11.24,42.2,0.0,0.03,3.477354965585054,79.0,2018,9,19,Monsoon
Amaravati,2018-09-20,38.32,80.97,3.61,26.27,16.89,18.04,0.65,13.38,25.95,0.05,0.18,3.477354965585054,65.0,2018,9,20,Monsoon
Amaravati,2018-09-21,35.02,71.42,2.84,21.04,13.5,19.86,0.74,6.28,41.37,0.02,0.03,0.1,80.0,2018,9,21,Monsoon
Amaravati,2018-09-22,24.29,50.33,3.45,13.45,10.13,18.22,0.97,14.1,47.86,0.03,0.07,0.1,81.0,2018,9,22,Monsoon
Amaravati,2018-09-23,19.69,50.18,3.1,12.18,9.0,16.71,0.43,12.28,27.91,0.0,0.02,3.477354965585054,52.0,2018,9,23,Monsoon
Amaravati,2018-09-24,18.81,50.51,6.24,14.01,12.61,15.48,0.92,14.67,20.67,0.01,0.02,3.477354965585054,89.0,2018,9,24,Monsoon
Amaravati,2018-09-25,26.13,60.44,8.3,22.94,19.06,19.43,0.82,27.0,30.84,0.03,7.96,12.4,59.0,2018,9,25,Monsoon
Amaravati,2018-09-26,24.08,45.81,8.17,27.49,21.37,18.56,0.84,13.47,27.49,0.03,0.07,0.12,62.0,2018,9,26,Monsoon
Amaravati,2018-09-27,21.81,37.31,6.87,28.22,20.75,19.6,0.62,17.33,25.36,0.02,0.13,3.477354965585054,52.0,2018,9,27,Monsoon
Amaravati,2018-09-28,11.15,34.75,9.61,12.53,14.66,22.26,0.71,11.43,21.89,0.01,0.03,3.477354965585054,294.76488095238096,2018,9,28,Monsoon
Amaravati,2018-09-29,14.58,41.04,15.55,15.29,20.86,15.78,0.85,14.92,20.11,0.03,0.06,3.477354965585054,61.0,2018,9,29,Monsoon
Amaravati,2018-09-30,54.9846661237785,42.61,10.61,14.9,16.55,16.9,0.84,11.9,25.72,0.01,0.06,3.477354965585054,57.0,2018,9,30,Monsoon
Amaravati,2018-10-01,8.98,37.07,6.59,12.51,12.1,18.93,0.75,8.48,21.47,0.0,0.03,3.477354965585054,49.0,2018,10,1,PostMonsoon
Amaravati,2018-10-02,9.7,30.1,20.22,13.81,23.79,16.77,0.72,7.25,14.92,0.01,0.1,3.477354965585054,48.0,2018,10,2,PostMonsoon
Amaravati,2018-10-03,13.11,41.43,8.07,14.11,14.6,16.96,0.79,19.9,43.39,0.04,0.06,3.477354965585054,294.76488095238096,2018,10,3,PostMonsoon
Amaravati,2018-10-04,14.15,39.67,7.63,14.53,14.09,16.17,0.54,13.81,30.86,0.01,0.05,3.477354965585054,294.76488095238096,2018,10,4,PostMonsoon
Amaravati,2018-10-05,25.88,56.44,6.94,17.79,15.2,15.01,0.84,12.41,27.48,0.04,0.21,0.1,56.0,2018,10,5,PostMonsoon
Amaravati,2018-10-06,49.7,109.35,8.38,25.91,20.65,17.96,0.76,14.31,46.63,0.05,0.16,0.1,80.0,2018,10,6,PostMonsoon
Amaravati,2018-10-07,68.66,163.06,11.84,36.24,28.91,26.12,0.86,10.92,28.42,0.09,0.07,3.477354965585054,121.0,2018,10,7,PostMonsoon
Amaravati,2018-10-08,53.52,122.89,14.4,35.17,30.56,16.36,1.44,13.94,52.71,0.06,0.08,0.11,294.76488095238096,2018,10,8,PostMonsoon
Amaravati,2018-10-09,65.16,184.84,22.45,52.69,46.28,18.53,1.07,25.5,37.46,0.08,0.14,0.1,142.0,2018,10,9,PostMonsoon
Amaravati,2018-10-10,52.88,172.08,5.52,26.45,18.96,21.36,0.81,31.74,57.33,0.04,0.05,0.1,154.0,2018,10,10,PostMonsoon
Amaravati,2018-10-11,54.08,157.38,3.63,26.71,17.34,17.82,1.02,27.31,76.78,0.06,0.03,3.477354965585054,294.76488095238096,2018,10,11,PostMonsoon
Amaravati,2018-10-12,40.99,122.69,4.32,29.54,19.32,17.01,0.6,24.37,44.5,0.06,0.08,0.1,130.0,2018,10,12,PostMonsoon
Amaravati,2018-10-13,47.2,116.44,5.83,28.13,19.71,19.97,0.88,16.73,36.92,0.06,0.09,3.477354965585054,109.0,2018,10,13,PostMonsoon
Amaravati,2018-10-14,39.22,102.6,4.9,24.58,17.06,22.01,0.95,10.6,25.73,0.0,0.06,0.1,113.0,2018,10,14,PostMonsoon
Amaravati,2018-10-15,36.86,76.61,8.26,27.36,21.36,20.86,1.09,9.33,21.11,0.02,0.12,0.14,91.0,2018,10,15,PostMonsoon
Amaravati,2018-10-16,34.41,72.03,10.35,25.38,22.0,19.19,1.07,10.8,21.99,0.02,0.19,0.28,77.0,2018,10,16,PostMonsoon
Amaravati,2018-10-17,22.05,48.93,6.04,18.92,15.15,19.77,0.94,10.51,26.78,0.0,0.02,3.477354965585054,80.0,2018,10,17,PostMonsoon
Amaravati,2018-10-22,72.23,183.25,7.73,41.66,28.64,15.61,1.21,38.88,44.59,0.09,0.15,3.477354965585054,294.76488095238096,2018,10,22,PostMonsoon
Amaravati,2018-10-23,71.31,155.98,11.55,25.88,23.25,14.58,1.29,11.32,34.32,0.06,0.08,3.477354965585054,149.0,2018,10,23,PostMonsoon
Amaravati,2018-10-24,63.54,130.58,4.41,25.81,17.47,15.53,1.17,19.34,47.53,0.07,0.07,3.477354965585054,133.0,2018,10,24,PostMonsoon
Amaravati,2018-10-25,52.92,125.33,4.1,37.63,23.5,13.51,1.66,13.7,45.81,0.06,0.11,0.1,294.76488095238096,2018,10,25,PostMonsoon
Amaravati,2018-10-26,56.53,128.8,9.84,36.38,27.43,16.01,1.18,13.43,41.17,0.08,0.15,0.1,122.0,2018,10,26,PostMonsoon
Amaravati,2018-10-27,69.42,167.05,1.79,45.82,25.35,14.06,1.35,23.42,39.0,0.07,0.38,0.14,133.0,2018,10,27,PostMonsoon
Amaravati,2018-10-28,53.53,119.1,1.52,38.23,21.54,13.73,0.88,15.52,37.22,0.07,0.28,0.14,133.0,2018,10,28,PostMonsoon
Amaravati,2018-10-29,48.33,115.41,1.38,36.77,20.23,15.37,1.16,28.74,37.42,0.08,0.22,0.1,118.0,2018,10,29,PostMonsoon
Amaravati,2018-10-30,58.65,125.68,1.23,36.24,20.27,14.82,1.26,14.54,31.09,0.07,0.13,0.13,118.0,2018,10,30,PostMonsoon
Amaravati,2018-10-31,33.33,65.58,1.24,19.63,11.45,12.35,0.88,10.4,32.06,0.04,0.15,3.477354965585054,98.0,2018,10,31,PostMonsoon
Amaravati,2018-11-01,17.62,37.38,5.59,35.39,21.13,15.23,0.6,12.5,37.06,0.0,0.02,3.477354965585054,294.76488095238096,2018,11,1,PostMonsoon
Amaravati,2018-11-02,14.54,53.23,9.13,36.62,27.06,1.81,0.84,8.95,20.93,0.0,0.04,3.477354965585054,294.76488095238096,2018,11,2,PostMonsoon
Amaravati,2018-11-03,12.7,38.49,4.68,30.66,20.22,1.62,0.89,8.59,23.45,0.0,0.05,3.477354965585054,75.0,2018,11,3,PostMonsoon
Amaravati,2018-11-04,16.86,36.56,4.6,26.48,17.83,2.72,0.55,10.19,21.33,0.0,0.05,3.477354965585054,45.0,2018,11,4,PostMonsoon
Amaravati,2018-11-05,21.58,68.71,20.4,39.44,37.67,3.41,0.73,10.43,19.42,0.0,0.07,0.1,61.0,2018,11,5,PostMonsoon
Amaravati,2018-11-06,23.22,64.84,20.42,39.56,37.74,2.15,0.89,10.33,21.33,0.01,0.11,0.1,86.0,2018,11,6,PostMonsoon
Amaravati,2018-11-07,28.39,71.27,11.5,45.23,33.61,0.3,1.04,10.36,35.14,0.01,0.05,3.477354965585054,70.0,2018,11,7,PostMonsoon
Amaravati,2018-11-08,43.23,97.64,5.87,48.0,30.5,0.75,0.84,15.03,36.26,0.01,0.07,3.477354965585054,294.76488095238096,2018,11,8,PostMonsoon
Amaravati,2018-11-09,51.51,111.28,20.08,57.93,47.24,2.03,1.07,12.3,26.53,0.04,0.11,0.1,105.0,2018,11,9,PostMonsoon
Amaravati,2018-11-10,56.85,115.5,16.11,62.91,46.64,2.73,0.82,18.89,27.44,0.03,0.09,0.1,106.0,2018,11,10,PostMonsoon
Amaravati,2018-11-11,68.25,129.41,15.11,65.0,46.85,3.53,1.22,25.14,30.3,0.08,0.29,0.1,120.0,2018,11,11,PostMonsoon
Amaravati,2018-11-12,84.48,164.24,14.25,80.74,54.62,3.19,1.21,30.44,33.39,0.1,0.39,0.25,156.0,2018,11,12,PostMonsoon
Amaravati,2018-11-13,77.38,173.47,22.55,75.54,58.58,4.88,1.15,30.69,35.94,0.09,0.29,0.16,182.0,2018,11,13,PostMonsoon
Amaravati,2018-11-14,71.23,160.66,15.11,89.44,59.86,3.45,1.48,38.91,32.4,0.12,0.56,0.2,144.0,2018,11,14,PostMonsoon
Amaravati,2018-11-15,38.29,93.11,6.56,64.69,40.04,7.46,1.32,24.47,43.96,0.08,0.09,3.477354965585054,294.76488095238096,2018,11,15,PostMonsoon
Amaravati,2018-11-16,15.69,43.67,15.32,46.68,37.45,8.41,0.73,10.63,18.09,0.01,0.06,0.1,294.76488095238096,2018,11,16,PostMonsoon
Amaravati,2018-11-17,16.21,48.0,13.93,43.42,34.5,8.82,0.87,7.51,17.51,0.01,0.07,3.477354965585054,64.0,2018,11,17,PostMonsoon
Amaravati,2018-11-18,19.48,46.57,14.56,35.92,30.95,10.76,0.84,7.49,15.47,0.01,0.07,0.1,56.0,2018,11,18,PostMonsoon
Amaravati,2018-11-19,26.8,66.67,5.44,38.81,25.15,9.87,1.03,9.65,22.63,0.0,0.04,3.477354965585054,80.0,2018,11,19,PostMonsoon
Amaravati,2018-11-20,48.35,100.01,3.87,38.27,23.58,10.18,1.07,12.15,35.86,0.0,0.04,3.477354965585054,88.0,2018,11,20,PostMonsoon
Amaravati,2018-11-21,50.02,100.82,3.59,47.93,28.6,7.09,0.89,16.66,43.61,0.02,0.08,3.477354965585054,102.0,2018,11,21,PostMonsoon
Amaravati,2018-11-22,59.2,112.7,5.92,60.41,37.34,6.46,0.86,31.55,39.89,0.05,0.16,3.477354965585054,294.76488095238096,2018,11,22,PostMonsoon
Amaravati,2018-11-23,56.0,112.5,11.95,87.35,58.15,4.5,1.43,13.65,59.8,0.1,0.1,3.477354965585054,294.76488095238096,2018,11,23,PostMonsoon
Amaravati,2018-11-24,51.25,107.69,2.74,82.32,46.02,2.1,1.08,20.63,57.6,0.04,0.01,3.477354965585054,294.76488095238096,2018,11,24,PostMonsoon
Amaravati,2018-11-25,78.19,183.0,5.87,78.98,46.8,3.41,1.32,19.96,50.12,0.05,0.08,0.1,294.76488095238096,2018,11,25,PostMonsoon
Amaravati,2018-11-26,85.11,183.15,9.11,97.16,59.17,3.61,1.28,17.17,37.99,0.1,0.23,0.11,189.0,2018,11,26,PostMonsoon
Amaravati,2018-11-27,93.95,190.73,19.47,105.22,71.79,3.81,1.81,20.78,39.9,0.11,0.3,0.15,190.0,2018,11,27,PostMonsoon
Amaravati,2018-11-28,80.96,152.44,4.73,89.01,51.18,2.95,1.51,15.71,41.41,0.12,0.26,0.11,215.0,2018,11,28,PostMonsoon
Amaravati,2018-11-29,52.64,97.29,3.64,66.83,38.5,2.12,1.84,19.81,49.85,0.09,0.04,3.477354965585054,294.76488095238096,2018,11,29,PostMonsoon
Amaravati,2018-11-30,60.52,154.02,6.73,81.64,48.91,6.0,0.9,39.76,33.93,0.05,0.17,0.13,294.76488095238096,2018,11,30,PostMonsoon
Amaravati,2018-12-01,77.86,159.49,10.69,90.28,56.71,4.66,1.16,14.21,22.45,0.1,0.5,0.13,145.0,2018,12,1,Winter
Amaravati,2018-12-02,70.89,125.4,3.58,68.12,39.14,1.79,1.17,13.87,29.82,0.07,0.44,0.12,160.0,2018,12,2,Winter
Amaravati,2018-12-03,74.34,129.57,4.54,69.78,40.81,3.38,1.09,14.03,33.95,0.09,0.12,0.1,130.0,2018,12,3,Winter
Amaravati,2018-12-04,97.09,143.69,4.09,86.95,49.58,1.52,1.11,13.62,33.03,0.1,0.12,0.12,176.0,2018,12,4,Winter
Amaravati,2018-12-05,89.63,137.58,4.32,76.89,44.42,10.9,1.6,14.31,32.5,0.1,0.21,3.477354965585054,245.0,2018,12,5,Winter
Amaravati,2018-12-06,86.92,139.02,4.57,85.21,49.04,8.52,1.11,13.06,35.15,0.09,0.08,3.477354965585054,294.76488095238096,2018,12,6,Winter
Amaravati,2018-12-07,100.1,155.25,4.45,92.4,52.76,6.31,0.76,10.86,27.99,0.1,0.11,3.477354965585054,209.0,2018,12,7,Winter
Amaravati,2018-12-08,110.12,172.67,5.15,92.9,53.61,8.66,1.37,11.12,33.26,0.1,0.05,3.477354965585054,256.0,2018,12,8,Winter
Amaravati,2018-12-09,111.21,170.04,4.42,76.7,44.4,10.99,1.47,10.17,31.17,0.06,0.06,0.1,266.0,2018,12,9,Winter
Amaravati,2018-12-10,107.24,162.72,5.85,72.27,43.16,13.91,1.14,9.58,28.5,0.09,0.04,0.1,276.0,2018,12,10,Winter
Amaravati,2018-12-11,89.07,160.83,5.59,72.19,42.93,17.31,1.23,11.7,29.51,0.07,0.05,0.1,218.0,2018,12,11,Winter
Amaravati,2018-12-12,93.1,163.9,5.46,77.58,45.71,16.59,0.97,13.75,33.59,0.1,0.11,3.477354965585054,206.0,2018,12,12,Winter
Amaravati,2018-12-13,76.94,160.28,6.68,79.86,47.92,15.05,0.97,18.13,29.35,0.1,0.16,0.14,294.76488095238096,2018,12,13,Winter
Amaravati,2018-12-14,90.61,164.19,5.37,74.89,44.2,16.85,1.07,17.68,31.59,0.11,0.3,0.15,180.0,2018,12,14,Winter
Amaravati,2018-12-15,96.57,174.31,3.33,57.77,33.44,18.28,1.1,23.81,39.75,0.11,0.11,0.1,217.0,2018,12,15,Winter
Amaravati,2018-12-16,78.15,137.52,3.6,50.62,29.86,20.78,0.96,23.87,26.46,0.07,0.15,3.477354965585054,211.0,2018,12,16,Winter
Amaravati,2018-12-17,19.26,22.54,2.0,30.38,17.79,21.15,0.7,10.94,18.91,0.0,0.0,3.477354965585054,90.0,2018,12,17,Winter
Amaravati,2018-12-18,10.89,19.98,2.2,28.6,17.01,22.45,0.45,12.41,17.5,0.0,0.0,3.477354965585054,49.0,2018,12,18,Winter
Amaravati,2018-12-19,16.38,33.04,4.77,39.69,24.99,23.12,0.67,44.59,19.12,0.0,0.01,3.477354965585054,46.0,2018,12,19,Winter
Amaravati,2018-12-20,30.48,69.23,9.24,67.05,43.17,20.44,1.28,57.72,22.1,0.03,0.07,0.1,294.76488095238096,2018,12,20,Winter
Amaravati,2018-12-21,48.88,84.99,6.61,63.12,38.95,19.24,0.94,29.45,23.97,0.06,0.16,0.11,81.0,2018,12,21,Winter
Amaravati,2018-12-22,55.24,81.9,3.65,55.65,32.57,17.93,1.17,13.62,27.34,0.07,0.15,0.1,89.0,2018,12,22,Winter
Amaravati,2018-12-23,83.4,121.25,2.86,46.47,27.04,20.01,1.0,12.32,32.68,0.08,0.21,0.1,136.0,2018,12,23,Winter
Amaravati,2018-12-24,93.78,142.65,5.55,67.51,40.43,19.51,1.34,42.75,29.16,0.1,0.21,0.1,199.0,2018,12,24,Winter
Amaravati,2018-12-25,92.72,135.61,13.43,77.45,52.11,19.49,1.16,20.19,24.79,0.1,0.22,0.11,221.0,2018,12,25,Winter
Amaravati,2018-12-26,76.48,114.53,12.45,69.63,47.16,18.65,1.08,13.32,24.73,0.05,0.05,3.477354965585054,178.0,2018,12,26,Winter
Amaravati,2018-12-27,50.45,87.25,5.44,51.24,31.68,21.42,0.89,10.45,27.83,0.0,0.01,3.477354965585054,294.76488095238096,2018,12,27,Winter
Amaravati,2018-12-28,73.19,127.1,13.43,69.17,47.7,21.66,0.92,25.43,22.5,0.07,0.22,0.1,119.0,2018,12,28,Winter
Amaravati,2018-12-29,82.53,145.06,5.44,67.17,40.16,21.34,1.01,28.57,24.03,0.09,0.19,0.13,153.0,2018,12,29,Winter
Amaravati,2018-12-30,95.18,154.73,4.57,76.4,44.35,15.29,1.34,33.25,30.68,0.1,0.36,0.15,202.0,2018,12,30,Winter
Amaravati,2018-12-31,79.29,136.71,4.24,74.24,42.93,15.82,1.1,40.52,28.79,0.09,0.23,0.16,191.0,2018,12,31,Winter
Amaravati,2019-01-01,83.17,140.9,6.56,83.38,49.69,15.16,1.09,30.85,24.84,0.1,0.21,0.11,183.0,2019,1,1,Winter
Amaravati,2019-01-02,109.97,189.28,13.93,124.57,77.59,10.65,1.38,48.92,30.25,0.11,0.25,0.13,210.0,2019,1,2,Winter
Amaravati,2019-01-03,139.38,230.27,35.59,140.17,103.49,8.7,1.24,42.26,20.87,0.13,0.58,0.13,304.0,2019,1,3,Winter
Amaravati,2019-01-04,126.47,187.83,9.48,106.1,64.14,9.27,1.43,15.29,26.24,0.12,0.25,0.1,312.0,2019,1,4,Winter
Amaravati,2019-01-05,127.94,196.3,6.73,92.41,54.63,11.1,1.33,15.9,28.51,0.11,0.31,0.1,304.0,2019,1,5,Winter
Amaravati,2019-01-06,126.66,184.73,9.63,94.51,58.1,13.66,1.45,11.75,26.07,0.12,0.22,0.1,306.0,2019,1,6,Winter
Amaravati,2019-01-07,121.47,215.5,17.24,103.31,68.98,13.63,1.5,16.53,24.55,0.12,0.31,0.1,302.0,2019,1,7,Winter
Amaravati,2019-01-08,118.17,219.63,36.87,121.38,94.54,11.21,1.25,39.68,21.18,0.1,0.25,0.13,298.0,2019,1,8,Winter
Amaravati,2019-01-09,97.45,225.75,12.68,121.94,75.16,10.39,0.86,66.39,27.23,0.09,0.16,0.18,274.0,2019,1,9,Winter
Amaravati,2019-01-10,115.23,198.47,14.96,113.39,72.47,7.38,0.78,9.43,20.07,0.11,0.23,0.13,270.0,2019,1,10,Winter
Amaravati,2019-01-11,121.81,193.4,11.17,100.16,62.36,8.62,0.96,10.56,24.73,0.1,0.15,0.1,302.0,2019,1,11,Winter
Amaravati,2019-01-12,99.69,157.03,5.83,71.61,42.84,15.19,0.5,10.52,24.22,0.08,0.08,0.1,257.0,2019,1,12,Winter
Amaravati,2019-01-13,92.66,146.49,4.86,57.32,34.44,17.36,0.64,12.33,25.51,0.07,0.18,0.1,212.0,2019,1,13,Winter
Amaravati,2019-01-14,116.99,172.92,2.91,58.43,33.44,17.38,0.44,12.91,26.84,0.1,0.12,0.1,256.0,2019,1,14,Winter
Amaravati,2019-01-15,120.33,182.65,5.68,60.37,36.74,17.46,1.02,26.39,21.83,0.08,0.14,0.11,301.0,2019,1,15,Winter
Amaravati,2019-01-16,108.43,159.44,3.49,50.62,29.77,17.97,0.7,6.49,24.73,0.08,0.13,0.1,274.0,2019,1,16,Winter
Amaravati,2019-01-17,118.0,174.01,3.46,58.6,33.99,16.97,0.82,13.73,24.69,0.1,0.18,0.1,262.0,2019,1,17,Winter
Amaravati,2019-01-18,107.94,163.17,5.64,63.17,38.2,18.79,0.8,26.75,21.59,0.08,0.15,0.1,287.0,2019,1,18,Winter
Amaravati,2019-01-19,108.34,173.27,13.44,61.22,43.49,22.53,0.72,11.71,23.64,0.09,0.13,0.1,262.0,2019,1,19,Winter
Amaravati,2019-01-20,96.45,159.1,17.23,71.77,52.18,17.22,0.91,16.0,22.52,0.07,0.11,0.1,242.0,2019,1,20,Winter
Amaravati,2019-01-21,90.25,141.29,7.53,64.26,40.3,18.38,0.55,14.8,25.31,0.06,0.09,3.477354965585054,204.0,2019,1,21,Winter
Amaravati,2019-01-22,100.34,165.55,20.01,60.14,48.26,20.43,0.85,13.57,24.82,0.06,0.08,0.1,230.0,2019,1,22,Winter
Amaravati,2019-01-23,62.75,117.55,4.15,49.18,29.54,21.17,0.55,13.17,28.15,0.02,0.02,3.477354965585054,171.0,2019,1,23,Winter
Amaravati,2019-01-24,62.74,108.94,6.36,43.14,28.2,20.36,0.87,11.48,20.37,0.04,0.04,0.1,113.0,2019,1,24,Winter
Amaravati,2019-01-25,34.51,63.23,3.87,38.2,23.52,21.38,0.72,12.19,17.24,0.02,0.01,3.477354965585054,96.0,2019,1,25,Winter
Amaravati,2019-01-26,15.12,40.61,2.65,22.75,14.26,22.92,0.38,8.37,19.39,0.0,0.02,3.477354965585054,56.0,2019,1,26,Winter
Amaravati,2019-01-27,27.25,49.07,2.38,27.55,16.59,22.29,0.44,11.04,19.68,0.02,0.06,3.477354965585054,48.0,2019,1,27,Winter
Amaravati,2019-01-28,51.67,70.71,5.29,55.79,34.06,17.58,1.28,15.66,20.15,0.06,0.12,0.11,91.0,2019,1,28,Winter
Amaravati,2019-01-29,54.24,87.78,5.5,56.1,34.39,17.76,0.98,27.99,25.38,0.04,0.05,0.1,96.0,2019,1,29,Winter
Amaravati,2019-01-30,47.81,99.22,5.98,65.34,39.69,17.61,1.02,26.84,36.53,0.03,0.08,0.15,111.0,2019,1,30,Winter
Amaravati,2019-01-31,84.99,137.17,5.14,71.78,42.43,12.16,1.39,15.58,47.94,0.07,0.14,0.1,143.0,2019,1,31,Winter
Amaravati,2019-02-01,63.05,111.15,5.4,68.18,40.73,15.31,1.06,13.42,47.46,0.06,0.36,0.11,141.0,2019,2,1,Winter
Amaravati,2019-02-02,71.09,128.56,29.13,85.01,68.98,14.32,1.15,10.68,40.2,0.06,0.1,0.1,130.0,2019,2,2,Winter
Amaravati,2019-02-03,76.78,129.54,6.08,69.13,41.71,13.58,1.27,17.71,48.7,0.06,0.1,3.477354965585054,149.0,2019,2,3,Winter
Amaravati,2019-02-04,73.21,129.76,3.04,61.14,35.07,15.38,1.11,16.63,62.74,0.08,0.14,0.1,150.0,2019,2,4,Winter
Amaravati,2019-02-05,81.64,146.56,13.08,83.44,55.08,14.61,1.58,12.92,43.18,0.08,0.19,0.1,159.0,2019,2,5,Winter
Amaravati,2019-02-06,81.71,142.46,15.23,74.7,49.36,10.83,1.03,18.7,37.16,0.07,0.09,0.1,178.0,2019,2,6,Winter
Amaravati,2019-02-07,75.52,125.82,7.69,25.85,20.1,10.97,0.74,12.37,32.23,0.05,0.06,0.1,159.0,2019,2,7,Winter
Amaravati,2019-02-08,58.02,96.18,2.61,16.37,10.79,17.41,0.76,8.47,38.97,0.0,0.0,3.477354965585054,126.0,2019,2,8,Winter
Amaravati,2019-02-09,65.56,128.56,6.38,23.26,17.36,16.81,0.86,16.7,34.16,0.01,0.05,0.14,115.0,2019,2,9,Winter
Amaravati,2019-02-10,56.98,148.8,1.02,16.86,9.76,13.91,0.52,10.21,32.14,0.01,0.06,3.477354965585054,136.0,2019,2,10,Winter
Amaravati,2019-02-11,74.5,119.5,3.19,17.12,11.14,16.46,0.66,10.22,39.91,0.01,0.02,3.477354965585054,131.0,2019,2,11,Winter
Amaravati,2019-02-12,66.61,121.81,4.03,26.18,17.28,13.97,0.66,9.84,39.63,0.02,0.05,3.477354965585054,137.0,2019,2,12,Winter
Amaravati,2019-02-13,70.86,142.17,3.01,28.42,17.6,14.9,0.74,10.43,41.96,0.06,0.1,0.1,121.0,2019,2,13,Winter
Amaravati,2019-02-14,69.96,130.91,15.49,35.52,31.56,16.42,0.84,9.78,37.99,0.05,0.08,0.11,157.0,2019,2,14,Winter
Amaravati,2019-02-15,60.11,101.22,2.29,22.82,13.91,16.94,0.7,6.98,40.95,0.02,0.02,0.1,116.0,2019,2,15,Winter
Amaravati,2019-02-16,33.9,64.61,2.59,15.97,10.54,14.52,0.55,7.78,32.91,0.0,0.01,3.477354965585054,87.0,2019,2,16,Winter
Amaravati,2019-02-17,31.75,58.96,1.38,13.31,8.16,12.92,0.54,13.52,27.85,0.0,0.01,3.477354965585054,58.0,2019,2,17,Winter
Amaravati,2019-02-18,34.8,72.77,7.55,17.35,15.37,10.31,0.59,12.99,24.83,0.0,0.0,3.477354965585054,74.0,2019,2,18,Winter
Amaravati,2019-02-19,32.07,63.36,8.59,17.16,16.19,11.98,0.72,10.51,19.85,0.0,0.0,3.477354965585054,90.0,2019,2,19,Winter
Amaravati,2019-02-20,30.32,66.4,7.19,15.26,14.04,9.84,0.58,10.5,24.21,0.0,0.01,3.477354965585054,61.0,2019,2,20,Winter
Amaravati,2019-02-21,38.35,95.79,18.66,21.18,26.51,9.69,0.72,8.3,27.25,0.0,0.04,0.15,96.0,2019,2,21,Winter
Amaravati,2019-02-22,36.92,106.73,26.53,25.18,35.05,10.43,0.64,14.78,30.4,0.0,0.04,0.1,96.0,2019,2,22,Winter
Amaravati,2019-02-23,43.16,149.98,43.76,28.73,50.94,9.94,0.8,9.67,31.72,0.02,0.07,0.11,126.0,2019,2,23,Winter
Amaravati,2019-02-24,42.51,121.35,18.77,24.64,28.36,13.1,0.53,14.5,35.13,0.02,0.05,0.12,131.0,2019,2,24,Winter
Amaravati,2019-02-25,33.88,80.8,3.59,18.86,13.05,14.69,0.51,13.5,30.89,0.0,0.01,0.1,95.0,2019,2,25,Winter
Amaravati,2019-02-26,22.47,52.83,3.89,12.56,9.93,11.9,0.46,11.27,19.85,0.0,0.0,3.477354965585054,62.0,2019,2,26,Winter
Amaravati,2019-02-27,14.78,39.26,2.82,8.15,6.69,9.17,0.4,10.43,23.58,0.0,0.01,3.477354965585054,64.0,2019,2,27,Winter
Amaravati,2019-02-28,20.92,49.94,3.23,13.32,9.81,9.1,0.56,15.85,25.36,0.0,0.01,0.1,60.0,2019,2,28,Winter
Amaravati,2019-03-01,27.08,59.54,2.49,9.07,6.97,11.97,0.52,11.04,33.63,0.0,0.01,3.477354965585054,101.0,2019,3,1,Summer
Amaravati,2019-03-02,23.72,51.79,2.9,8.11,6.76,10.79,0.44,8.55,27.48,0.0,0.0,3.477354965585054,63.0,2019,3,2,Summer
Amaravati,2019-03-03,22.49,54.86,5.46,12.0,10.75,11.3,0.43,5.49,23.63,0.0,0.0,3.477354965585054,57.0,2019,3,3,Summer
Amaravati,2019-03-04,21.59,52.32,2.9,10.62,8.02,11.85,0.41,11.52,19.77,0.0,0.0,3.477354965585054,54.0,2019,3,4,Summer
Amaravati,2019-03-05,34.44,76.9,3.11,13.02,9.5,12.13,0.5,14.74,33.17,0.0,0.01,3.477354965585054,61.0,2019,3,5,Summer
Amaravati,2019-03-06,49.2,116.27,2.37,16.7,10.86,12.82,0.69,15.37,44.06,0.08,0.18,0.16,120.0,2019,3,6,Summer
Amaravati,2019-03-07,42.1,87.51,1.68,13.22,8.24,13.14,0.57,11.6,44.93,2.25,4.15,0.74,105.0,2019,3,7,Summer
Amaravati,2019-03-08,16.39,53.9,2.15,8.68,6.38,11.34,0.62,10.98,31.2,1.7,4.48,0.42,92.0,2019,3,8,Summer
Amaravati,2019-03-09,12.88,59.01,2.82,9.92,7.57,11.03,0.69,12.43,29.66,1.38,5.33,0.54,86.0,2019,3,9,Summer
Amaravati,2019-03-10,10.66,47.74,4.02,8.02,7.5,9.45,0.35,12.07,22.33,1.05,4.23,0.34,56.0,2019,3,10,Summer
Amaravati,2019-03-11,12.77,50.79,2.6,8.45,6.56,8.86,0.53,14.06,22.67,0.95,3.31,0.29,78.0,2019,3,11,Summer
Amaravati,2019-03-12,27.0,90.58,5.03,15.67,12.51,9.74,0.41,13.33,27.15,1.01,6.81,0.67,74.0,2019,3,12,Summer
Amaravati,2019-03-13,32.79,104.04,4.4,17.4,12.91,11.1,0.4,9.21,31.25,0.86,4.9,0.37,97.0,2019,3,13,Summer
Amaravati,2019-03-14,39.77,129.33,14.09,24.88,24.78,9.4,0.45,8.16,27.19,1.07,9.76,1.02,107.0,2019,3,14,Summer
Amaravati,2019-03-15,43.78,124.06,6.29,19.29,15.47,9.87,0.64,11.35,29.47,1.03,6.87,0.58,130.0,2019,3,15,Summer
Amaravati,2019-03-16,40.96,101.35,4.18,14.19,11.01,10.37,0.46,7.42,22.03,1.46,5.11,0.44,110.0,2019,3,16,Summer
Amaravati,2019-03-17,40.08,93.9,6.5,14.86,12.92,11.63,0.58,7.89,28.04,1.74,9.37,0.68,98.0,2019,3,17,Summer
Amaravati,2019-03-18,22.52,69.14,7.47,13.59,13.38,7.71,0.56,10.99,21.12,1.17,4.07,0.33,101.0,2019,3,18,Summer
Amaravati,2019-03-19,22.09,53.31,2.18,9.6,6.94,6.44,0.68,9.51,29.78,1.87,3.29,0.26,85.0,2019,3,19,Summer
Amaravati,2019-03-20,25.39,49.43,2.04,7.75,5.44,7.63,0.7,9.14,32.42,4.88,2.68,2.27,85.0,2019,3,20,Summer
Amaravati,2019-03-21,21.71,43.12,1.13,6.24,4.23,7.09,0.5,7.63,36.81,1.7,2.82,0.13,60.0,2019,3,21,Summer
Amaravati,2019-03-22,23.56,53.08,2.86,12.03,8.56,5.6,0.53,10.27,29.46,1.18,3.57,0.28,56.0,2019,3,22,Summer
Amaravati,2019-03-23,23.68,64.65,9.37,14.63,15.49,5.75,0.53,8.61,29.24,1.4,4.5,0.38,67.0,2019,3,23,Summer
Amaravati,2019-03-24,17.99,48.09,2.41,8.02,5.87,6.06,0.47,9.11,29.02,1.46,3.2,0.2,79.0,2019,3,24,Summer
Amaravati,2019-03-25,17.03,46.96,2.89,10.15,7.82,5.53,0.5,13.84,21.8,1.51,3.77,0.25,45.0,2019,3,25,Summer
Amaravati,2019-03-26,20.58,51.83,3.09,9.93,7.87,5.76,0.49,10.38,21.95,1.2,3.07,0.21,53.0,2019,3,26,Summer
Amaravati,2019-03-27,24.0,60.54,2.23,10.84,7.69,7.15,0.54,12.07,32.91,1.09,3.83,0.24,69.0,2019,3,27,Summer
Amaravati,2019-03-28,27.44,70.3,3.41,12.49,9.43,6.62,0.54,12.69,28.07,1.18,3.54,0.3,65.0,2019,3,28,Summer
Amaravati,2019-03-29,24.11,65.16,2.56,9.81,7.4,6.81,0.45,8.19,30.44,1.08,2.73,0.21,78.0,2019,3,29,Summer
Amaravati,2019-03-30,28.43,60.07,1.74,9.49,6.53,8.36,0.56,17.06,42.66,1.26,2.14,0.18,83.0,2019,3,30,Summer
Amaravati,2019-03-31,33.0,72.26,1.11,9.26,5.64,7.66,0.58,16.56,34.64,0.69,3.43,0.22,64.0,2019,3,31,Summer
Amaravati,2019-04-01,37.09,70.85,1.55,7.48,4.74,7.56,0.69,12.4,38.42,0.52,3.58,0.15,102.0,2019,4,1,Summer
Amaravati,2019-04-02,30.05,62.5,1.54,8.62,5.72,6.27,0.71,14.7,31.67,1.13,2.43,0.22,92.0,2019,4,2,Summer
Amaravati,2019-04-03,20.75,45.07,1.4,5.59,4.08,6.03,0.48,9.15,25.97,1.09,1.72,0.15,58.0,2019,4,3,Summer
Amaravati,2019-04-04,13.97,39.04,3.77,7.21,6.99,5.55,0.64,10.24,20.32,1.33,2.13,0.23,76.0,2019,4,4,Summer
Amaravati,2019-04-05,18.72,50.84,3.12,6.06,5.7,5.8,0.67,13.03,28.03,1.06,2.11,0.15,78.0,2019,4,5,Summer
Amaravati,2019-04-06,22.07,63.47,2.2,5.25,3.94,6.21,0.62,12.96,40.3,0.51,2.03,0.16,91.0,2019,4,6,Summer
Amaravati,2019-04-07,19.4,55.83,1.42,7.03,4.48,4.36,0.76,10.88,38.75,0.8,1.6,0.15,124.0,2019,4,7,Summer
Amaravati,2019-04-08,13.49,34.05,1.45,4.2,3.38,4.21,0.57,12.69,22.15,0.69,1.25,0.13,75.0,2019,4,8,Summer
Amaravati,2019-04-09,20.68,38.77,1.56,4.48,3.53,4.22,0.63,10.9,26.79,0.71,1.43,0.12,73.0,2019,4,9,Summer
Amaravati,2019-04-10,16.52,36.76,1.14,3.14,2.26,4.47,0.61,8.92,39.57,0.67,2.24,0.12,101.0,2019,4,10,Summer
Amaravati,2019-04-11,15.91,33.28,0.46,2.04,0.86,3.7,0.4,13.09,33.05,0.63,1.54,0.12,64.0,2019,4,11,Summer
Amaravati,2019-04-12,17.24,43.11,2.53,5.32,4.04,3.95,0.58,14.02,30.87,0.78,2.17,0.16,80.0,2019,4,12,Summer
Amaravati,2019-04-13,25.87,89.0,2.4,9.61,6.54,3.98,0.39,11.84,46.66,0.67,2.74,0.25,85.0,2019,4,13,Summer
Amaravati,2019-04-14,15.77,50.12,1.12,6.04,4.03,3.86,0.36,14.45,28.78,0.62,1.37,0.14,80.0,2019,4,14,Summer
Amaravati,2019-04-15,23.75,68.9,1.94,11.38,7.46,3.49,0.64,18.42,19.94,0.33,2.13,0.18,84.0,2019,4,15,Summer
Amaravati,2019-04-16,25.36,81.59,2.19,20.61,12.25,4.81,0.65,22.54,20.53,0.67,2.07,0.21,79.0,2019,4,16,Summer
Amaravati,2019-04-17,32.7,91.22,2.19,17.13,10.91,7.6,0.54,15.71,25.28,0.52,2.02,0.18,91.0,2019,4,17,Summer
Amaravati,2019-04-18,20.21,57.8,2.65,13.78,9.52,6.54,0.51,10.6,26.51,0.16,3.11,0.14,79.0,2019,4,18,Summer
Amaravati,2019-04-19,11.55,37.66,3.35,13.27,9.6,7.05,0.59,12.58,26.46,0.19,2.64,0.12,82.0,2019,4,19,Summer
Amaravati,2019-04-20,9.39,36.94,2.81,12.29,8.89,4.58,0.35,17.07,24.65,0.27,2.25,0.14,45.0,2019,4,20,Summer
Amaravati,2019-04-21,9.77,35.42,1.48,12.59,7.81,3.34,0.32,21.81,28.75,0.01,2.55,0.14,41.0,2019,4,21,Summer
Amaravati,2019-04-22,21.38,75.6,2.29,19.85,11.65,4.32,0.48,23.3,39.42,0.39,2.28,0.23,78.0,2019,4,22,Summer
Amaravati,2019-04-23,24.68,132.02,8.38,29.05,22.21,3.97,0.58,16.03,23.73,0.41,3.95,0.48,124.0,2019,4,23,Summer
Amaravati,2019-04-24,17.58,59.05,2.68,18.08,11.89,4.04,0.48,12.66,27.14,0.25,2.73,0.21,73.0,2019,4,24,Summer
Amaravati,2019-04-25,28.05,84.5,4.67,18.74,13.85,6.85,0.48,12.78,25.81,0.24,1.43,0.13,71.0,2019,4,25,Summer
Amaravati,2019-04-26,27.98,79.71,2.79,18.31,12.1,8.01,0.51,8.71,34.54,0.19,1.79,0.13,79.0,2019,4,26,Summer
Amaravati,2019-04-27,23.32,70.68,1.97,16.88,10.58,5.65,0.66,16.4,34.16,0.38,1.13,0.11,78.0,2019,4,27,Summer
Amaravati,2019-04-28,15.52,46.14,2.16,15.11,9.79,4.67,0.42,13.67,23.72,0.11,1.33,0.18,57.0,2019,4,28,Summer
Amaravati,2019-04-29,12.11,40.82,2.1,15.46,9.94,4.07,0.31,12.72,23.43,0.06,1.73,0.13,46.0,2019,4,29,Summer
Amaravati,2019-04-30,19.03,60.71,1.99,19.23,11.85,4.84,0.4,13.57,35.2,0.05,1.84,0.18,58.0,2019,4,30,Summer
Amaravati,2019-05-01,27.18,93.8,2.87,23.54,14.82,3.53,0.64,26.8,38.05,0.45,2.85,0.27,83.0,2019,5,1,Summer
Amaravati,2019-05-02,38.9,111.93,1.76,27.29,16.03,3.52,0.98,16.06,56.99,0.57,3.44,0.37,109.0,2019,5,2,Summer
Amaravati,2019-05-03,57.73,211.34,3.54,35.92,21.98,5.61,0.78,16.59,58.87,0.7,5.18,0.51,148.0,2019,5,3,Summer
Amaravati,2019-05-04,44.49,163.62,1.17,22.32,12.89,7.12,0.53,16.97,67.99,0.35,2.22,0.38,158.0,2019,5,4,Summer
Amaravati,2019-05-05,39.76,152.97,1.12,23.24,13.25,6.0,0.52,15.33,69.15,0.35,1.97,0.18,146.0,2019,5,5,Summer
Amaravati,2019-05-06,47.3,136.76,1.53,20.22,12.09,7.92,0.64,22.25,68.43,0.3,2.17,0.15,133.0,2019,5,6,Summer
Amaravati,2019-05-07,39.81,138.9,1.14,18.58,10.81,7.81,0.44,13.03,51.98,0.14,1.37,0.12,122.0,2019,5,7,Summer
Amaravati,2019-05-08,49.19,155.58,0.95,26.89,13.92,4.26,0.77,25.9,73.55,0.48,4.0,0.2,126.0,2019,5,8,Summer
Amaravati,2019-05-09,40.38,112.93,1.4,24.31,13.78,5.75,0.7,30.4,74.3,0.34,2.48,0.18,131.0,2019,5,9,Summer
Amaravati,2019-05-10,44.65,114.79,1.63,19.79,12.0,7.06,0.63,19.26,54.72,0.34,2.48,0.12,124.0,2019,5,10,Summer
Amaravati,2019-05-11,35.5,98.4,1.74,19.29,11.72,6.98,0.59,17.83,49.82,0.33,1.68,0.12,106.0,2019,5,11,Summer
Amaravati,2019-05-12,41.0,122.0,1.15,37.0,20.6,5.35,0.78,23.6,37.05,0.45,3.7,0.35,294.76488095238096,2019,5,12,Summer
Amaravati,2019-05-13,36.14,103.71,1.82,19.59,12.05,6.69,0.78,23.1,45.48,0.17,1.68,0.1,294.76488095238096,2019,5,13,Summer
Amaravati,2019-05-14,40.41,102.09,1.99,21.47,13.17,4.15,0.5,25.09,43.31,0.06,1.6,0.11,294.76488095238096,2019,5,14,Summer
Amaravati,2019-05-15,34.12,88.79,1.7,19.98,12.12,6.69,0.7,24.2,42.21,0.14,1.32,0.11,109.0,2019,5,15,Summer
Amaravati,2019-05-16,41.62,95.91,1.93,20.32,12.54,4.91,0.53,21.47,43.36,0.23,2.08,0.12,92.0,2019,5,16,Summer
Amaravati,2019-05-17,43.1,96.34,2.0,21.71,13.26,5.96,0.67,24.72,42.13,0.31,1.77,0.16,88.0,2019,5,17,Summer
Amaravati,2019-05-18,35.3,89.42,0.8,17.33,9.84,4.32,0.47,17.09,44.47,0.06,1.16,0.11,95.0,2019,5,18,Summer
Amaravati,2019-05-19,40.35,94.6,0.91,18.93,10.8,4.17,0.53,23.95,45.97,0.06,1.32,0.11,93.0,2019,5,19,Summer
Amaravati,2019-05-20,32.33,78.4,1.83,19.42,11.91,4.01,0.61,21.27,34.54,0.15,1.24,0.11,104.0,2019,5,20,Summer
Amaravati,2019-05-21,24.95,74.2,1.86,20.68,12.51,3.36,0.49,16.73,19.84,0.1,1.17,0.14,80.0,2019,5,21,Summer
Amaravati,2019-05-22,32.3,85.04,2.18,18.38,11.7,3.7,0.79,27.47,41.48,0.11,1.27,0.1,294.76488095238096,2019,5,22,Summer
Amaravati,2019-05-23,30.42,76.95,1.27,16.96,10.05,3.25,0.72,13.67,30.35,0.21,1.02,0.11,99.0,2019,5,23,Summer
Amaravati,2019-05-24,36.5,84.57,1.5,17.83,10.77,3.8,0.63,14.71,37.15,0.17,1.46,0.11,99.0,2019,5,24,Summer
Amaravati,2019-05-25,40.04,98.75,1.7,17.31,10.2,4.07,0.89,18.61,48.85,0.21,1.82,0.11,108.0,2019,5,25,Summer
Amaravati,2019-05-26,40.51,99.45,0.71,16.93,9.55,3.35,0.51,14.62,54.63,0.14,1.55,0.14,99.0,2019,5,26,Summer
Amaravati,2019-05-27,38.88,86.09,1.31,18.0,10.69,4.51,0.47,13.86,51.56,0.14,1.27,0.11,106.0,2019,5,27,Summer
Amaravati,2019-05-28,36.31,77.21,1.47,18.03,10.88,4.47,0.52,17.79,42.23,0.14,1.09,0.11,85.0,2019,5,28,Summer
Amaravati,2019-05-29,38.7,82.24,1.45,16.29,9.94,4.22,0.48,15.76,42.04,0.14,1.06,0.11,83.0,2019,5,29,Summer
Amaravati,2019-05-30,33.52,79.78,2.11,26.44,15.85,3.85,0.57,19.96,45.17,0.23,2.96,0.15,83.0,2019,5,30,Summer
Amaravati,2019-05-31,36.8,75.96,0.97,17.39,10.05,4.06,0.51,14.55,48.97,0.03,1.06,0.12,74.0,2019,5,31,Summer
Amaravati,2019-06-01,41.89,99.66,1.66,22.98,13.65,4.84,0.77,17.7,39.43,0.16,1.62,0.19,103.0,2019,6,1,Monsoon
Amaravati,2019-06-02,41.47,90.61,0.72,18.25,10.27,4.59,0.5,16.21,54.72,0.05,1.29,0.13,101.0,2019,6,2,Monsoon
Amaravati,2019-06-03,31.52,73.42,1.39,20.17,11.91,4.0,0.45,18.1,43.53,0.13,1.09,0.13,80.0,2019,6,3,Monsoon
Amaravati,2019-06-04,39.73,104.78,1.54,27.54,15.99,3.61,0.95,17.17,42.88,0.17,2.37,0.24,107.0,2019,6,4,Monsoon
Amaravati,2019-06-05,36.24,84.55,0.66,19.93,10.94,4.56,0.46,21.35,54.64,0.06,1.09,0.11,91.0,2019,6,5,Monsoon
Amaravati,2019-06-06,24.16,59.22,1.81,26.79,9.83,12.18,0.53,26.62,41.27,0.28,1.46,0.16,78.0,2019,6,6,Monsoon
Amaravati,2019-06-07,23.12,57.48,1.52,24.2,13.97,5.86,0.52,23.46,56.71,0.15,1.38,0.12,65.0,2019,6,7,Monsoon
Amaravati,2019-06-08,31.95,71.15,2.87,26.2,16.27,7.52,0.58,17.18,55.48,0.03,1.32,0.14,71.0,2019,6,8,Monsoon
Amaravati,2019-06-09,26.02,66.47,0.73,20.95,11.65,5.5,0.52,15.99,75.1,0.07,1.06,0.12,90.0,2019,6,9,Monsoon
Amaravati,2019-06-10,22.19,63.59,2.62,25.07,15.42,5.06,0.5,18.35,62.52,0.13,1.19,0.18,78.0,2019,6,10,Monsoon
Amaravati,2019-06-11,13.91,48.33,3.61,24.16,15.86,4.78,0.37,14.02,44.59,0.08,1.26,0.12,61.0,2019,6,11,Monsoon
Amaravati,2019-06-12,11.81,43.2,5.0,29.99,20.12,4.69,0.34,13.82,41.43,0.09,1.65,0.13,50.0,2019,6,12,Monsoon
Amaravati,2019-06-13,10.02,31.73,4.88,33.11,21.72,3.35,0.49,17.28,38.1,0.2,2.31,0.1,42.0,2019,6,13,Monsoon
Amaravati,2019-06-14,9.55,31.71,3.23,24.02,15.47,2.09,0.36,16.48,32.84,0.27,1.13,0.12,38.0,2019,6,14,Monsoon
Amaravati,2019-06-15,17.42,69.93,1.53,18.88,11.36,3.49,0.38,14.79,38.49,0.08,0.96,0.2,54.0,2019,6,15,Monsoon
Amaravati,2019-06-16,19.25,71.73,0.8,18.26,10.36,2.01,0.31,9.68,47.37,0.22,1.39,0.1,75.0,2019,6,16,Monsoon
Amaravati,2019-06-17,23.99,66.09,3.71,28.19,18.1,4.94,0.49,14.94,30.27,0.18,3.67,0.18,72.0,2019,6,17,Monsoon
Amaravati,2019-06-18,23.62,68.06,7.98,36.52,26.01,2.85,0.46,13.66,30.54,0.27,3.55,0.44,59.0,2019,6,18,Monsoon
Amaravati,2019-06-19,21.28,72.04,2.87,27.95,16.23,4.57,0.44,18.83,38.25,0.27,3.08,0.19,77.0,2019,6,19,Monsoon
Amaravati,2019-06-20,14.03,40.6,3.87,25.45,16.74,4.45,0.45,18.94,34.87,0.28,1.73,0.14,59.0,2019,6,20,Monsoon
Amaravati,2019-06-21,17.9,39.22,2.87,29.14,17.92,4.79,0.57,16.39,32.98,0.18,2.02,0.15,42.0,2019,6,21,Monsoon
Amaravati,2019-06-22,17.07,40.3,1.54,25.75,15.04,5.54,0.5,16.01,36.19,0.04,1.81,5.99,46.0,2019,6,22,Monsoon
Amaravati,2019-06-23,13.45,34.6,1.0,24.16,13.66,4.77,0.46,14.9,40.53,0.06,1.31,0.2,48.0,2019,6,23,Monsoon
Amaravati,2019-06-24,15.93,32.7,1.43,20.53,12.15,5.4,0.43,16.53,42.92,0.11,1.04,0.11,53.0,2019,6,24,Monsoon
Amaravati,2019-06-25,19.8,34.77,2.36,30.66,18.32,4.41,0.76,14.36,38.26,0.08,2.31,0.28,78.0,2019,6,25,Monsoon
Amaravati,2019-06-26,21.45,38.36,4.83,36.24,23.3,4.23,0.73,17.88,24.68,0.08,2.16,0.31,74.0,2019,6,26,Monsoon
Amaravati,2019-06-27,12.45,30.36,3.08,26.62,16.74,3.09,0.53,17.43,27.85,0.1,1.04,0.17,70.0,2019,6,27,Monsoon
Amaravati,2019-06-28,9.57,26.83,2.1,22.0,13.49,3.36,0.36,19.5,32.37,0.07,0.44,0.1,42.0,2019,6,28,Monsoon
Amaravati,2019-06-29,8.23,21.73,1.72,20.71,12.5,2.82,0.32,18.01,32.91,0.05,0.23,3.477354965585054,40.0,2019,6,29,Monsoon
Amaravati,2019-06-30,11.55,25.16,1.2,22.16,12.76,2.1,0.35,17.0,40.21,0.03,0.41,0.1,46.0,2019,6,30,Monsoon
Amaravati,2019-07-01,13.4,23.95,4.39,29.37,19.27,2.9,0.42,16.27,29.58,0.11,0.91,0.24,39.0,2019,7,1,Monsoon
Amaravati,2019-07-02,12.05,24.42,6.49,29.88,21.26,2.4,0.59,13.78,23.41,0.07,0.72,0.12,66.0,2019,7,2,Monsoon
Amaravati,2019-07-03,14.54,32.83,7.23,30.62,22.26,2.68,0.61,12.6,27.29,0.09,0.67,0.1,68.0,2019,7,3,Monsoon
Amaravati,2019-07-04,8.4,21.46,11.11,30.36,25.27,2.7,0.57,14.32,26.69,0.27,0.83,0.16,68.0,2019,7,4,Monsoon
Amaravati,2019-07-05,10.31,22.14,8.27,25.22,20.23,2.46,0.62,16.24,22.99,0.23,1.38,0.59,70.0,2019,7,5,Monsoon
Amaravati,2019-07-06,13.91,38.67,2.55,18.0,11.62,3.43,0.58,18.86,26.64,0.21,0.49,0.16,72.0,2019,7,6,Monsoon
Amaravati,2019-07-07,15.17,40.56,0.93,18.2,10.43,1.28,0.39,23.12,30.24,0.09,0.56,0.16,43.0,2019,7,7,Monsoon
Amaravati,2019-07-08,13.1,34.85,2.64,22.88,14.4,1.91,0.33,17.88,25.83,0.17,0.97,0.17,35.0,2019,7,8,Monsoon
Amaravati,2019-07-09,11.3,31.96,4.61,23.47,16.32,1.62,0.28,17.09,27.47,0.11,0.82,0.15,37.0,2019,7,9,Monsoon
Amaravati,2019-07-10,13.03,29.59,5.45,25.64,18.15,2.13,0.51,20.09,32.1,0.15,1.14,0.11,75.0,2019,7,10,Monsoon
Amaravati,2019-07-11,11.17,25.03,5.24,26.2,18.29,2.44,0.34,23.89,26.88,0.2,1.2,0.11,40.0,2019,7,11,Monsoon
Amaravati,2019-07-12,11.65,27.15,5.28,22.68,16.42,2.06,0.56,22.58,25.94,0.15,2.15,0.18,70.0,2019,7,12,Monsoon
Amaravati,2019-07-13,17.22,34.78,1.25,4.58,3.13,3.6,0.42,14.79,36.77,0.2,1.3,0.25,48.0,2019,7,13,Monsoon
Amaravati,2019-07-14,12.68,20.52,0.74,3.7,2.34,2.84,0.4,15.89,31.62,0.03,0.56,0.17,41.0,2019,7,14,Monsoon
Amaravati,2019-07-15,10.73,22.63,2.92,9.95,7.26,2.99,0.36,16.35,32.13,0.12,1.45,0.22,48.0,2019,7,15,Monsoon
Amaravati,2019-07-16,14.44,40.44,4.68,17.05,12.96,2.72,0.47,15.46,27.69,0.18,2.6,0.29,39.0,2019,7,16,Monsoon
Amaravati,2019-07-17,21.86,56.69,4.74,19.35,14.24,5.9,0.45,19.19,31.87,0.44,16.07,0.39,55.0,2019,7,17,Monsoon
Amaravati,2019-07-18,16.18,39.97,3.29,16.01,11.13,5.05,0.43,12.93,35.8,0.18,2.28,0.21,53.0,2019,7,18,Monsoon
Amaravati,2019-07-19,22.28,42.15,2.14,13.16,8.82,6.07,0.54,20.51,33.08,0.08,1.4,0.26,46.0,2019,7,19,Monsoon
Amaravati,2019-07-20,11.14,18.23,1.11,5.65,3.93,5.5,0.44,13.82,37.65,0.05,1.13,0.26,47.0,2019,7,20,Monsoon
Amaravati,2019-07-21,14.72,22.46,1.25,4.64,3.56,4.81,0.49,9.71,34.63,0.03,0.98,0.18,45.0,2019,7,21,Monsoon
Amaravati,2019-07-22,12.89,26.39,2.53,9.64,7.23,4.25,0.5,15.68,29.49,0.09,1.26,0.2,39.0,2019,7,22,Monsoon
Amaravati,2019-07-23,13.53,23.73,8.56,12.71,13.79,3.87,0.42,15.77,22.09,0.09,0.98,0.16,35.0,2019,7,23,Monsoon
Amaravati,2019-07-24,9.92,23.28,2.09,7.06,5.44,3.02,0.32,9.04,24.9,0.11,0.85,0.12,294.76488095238096,2019,7,24,Monsoon
Amaravati,2019-07-25,11.23,25.46,12.82,24.43,23.57,2.84,0.38,21.66,27.89,0.11,1.35,0.27,294.76488095238096,2019,7,25,Monsoon
Amaravati,2019-07-26,7.48,15.84,4.57,10.04,8.96,3.4,0.38,12.51,20.01,0.09,0.96,0.15,35.0,2019,7,26,Monsoon
Amaravati,2019-07-27,12.52,30.89,1.4,3.94,2.89,3.12,0.55,14.14,22.33,0.13,0.94,0.16,65.0,2019,7,27,Monsoon
Amaravati,2019-07-28,13.25,37.61,0.65,2.08,1.4,2.17,0.33,12.58,22.05,0.0,0.38,0.1,36.0,2019,7,28,Monsoon
Amaravati,2019-07-29,10.89,26.77,5.81,11.39,9.53,2.47,0.56,21.15,19.61,0.1,0.84,0.15,68.0,2019,7,29,Monsoon
Amaravati,2019-07-30,8.0,22.87,5.36,10.03,9.41,1.87,0.31,14.72,22.5,0.19,0.98,0.13,28.0,2019,7,30,Monsoon
Amaravati,2019-07-31,10.62,26.84,2.17,4.4,4.19,2.59,0.38,11.66,24.46,0.2,0.88,0.11,29.0,2019,7,31,Monsoon
Amaravati,2019-08-01,8.71,21.35,1.77,4.43,3.76,2.43,0.39,13.83,20.11,0.06,0.5,0.21,34.0,2019,8,1,Monsoon
Amaravati,2019-08-02,6.85,13.3,1.61,1.52,1.86,2.44,0.46,13.29,18.07,0.04,0.26,0.1,68.0,2019,8,2,Monsoon
Amaravati,2019-08-03,9.31,19.98,1.48,3.35,2.36,4.4,0.32,11.83,20.23,0.09,0.36,0.1,24.0,2019,8,3,Monsoon
Amaravati,2019-08-04,9.09,18.33,1.68,4.02,3.51,6.13,0.34,10.88,23.92,0.19,0.4,3.477354965585054,27.0,2019,8,4,Monsoon
Amaravati,2019-08-05,7.53,24.18,2.74,6.1,5.55,6.38,0.34,26.08,26.62,0.35,0.49,0.1,31.0,2019,8,5,Monsoon
Amaravati,2019-08-06,6.89,13.83,2.96,6.48,5.95,6.28,0.34,13.35,21.06,0.06,0.61,0.12,32.0,2019,8,6,Monsoon
Amaravati,2019-08-07,7.35,18.12,3.22,6.38,6.1,6.23,0.46,11.57,21.64,0.22,0.5,0.1,66.0,2019,8,7,Monsoon
Amaravati,2019-08-08,7.45,19.56,3.47,7.66,6.99,6.31,0.27,11.94,22.68,0.29,0.5,0.1,27.0,2019,8,8,Monsoon
Amaravati,2019-08-09,10.88,30.31,3.17,10.11,8.05,6.98,0.41,11.86,22.62,0.12,1.08,0.16,32.0,2019,8,9,Monsoon
Amaravati,2019-08-10,13.49,37.83,2.45,7.57,6.12,7.17,0.5,19.01,27.18,0.29,0.78,0.28,70.0,2019,8,10,Monsoon
Amaravati,2019-08-11,16.6,47.35,2.07,6.74,5.37,6.66,0.6,15.64,31.28,0.28,0.94,0.14,76.0,2019,8,11,Monsoon
Amaravati,2019-08-12,18.19,43.56,1.89,7.45,5.5,6.45,0.32,12.44,25.4,0.37,0.73,3.477354965585054,49.0,2019,8,12,Monsoon
Amaravati,2019-08-14,24.25,52.38,4.37,15.26,11.85,10.3,1.31,12.16,35.45,0.21,2.75,0.71,294.76488095238096,2019,8,14,Monsoon
Amaravati,2019-08-15,24.56,47.61,2.23,9.16,6.49,14.56,0.58,18.9,33.97,0.19,1.87,0.52,51.0,2019,8,15,Monsoon
Amaravati,2019-08-16,15.75,34.12,2.8,9.34,7.33,12.08,0.4,28.32,36.06,0.16,1.66,0.17,49.0,2019,8,16,Monsoon
Amaravati,2019-08-17,17.54,31.8,2.74,9.58,7.48,13.57,0.42,20.69,28.25,0.28,3.35,0.12,40.0,2019,8,17,Monsoon
Amaravati,2019-08-27,14.0,42.0,6.39,22.75,17.3,9.73,0.55,6.44,32.56,0.18,1.24,0.22,294.76488095238096,2019,8,27,Monsoon
Amaravati,2019-08-28,15.8,44.75,3.71,12.43,9.71,14.64,0.62,11.3,36.47,0.12,0.95,0.23,92.0,2019,8,28,Monsoon
Amaravati,2019-08-29,14.98,36.58,4.5,13.97,11.18,15.31,0.47,14.17,29.78,0.12,0.75,0.14,47.0,2019,8,29,Monsoon
Amaravati,2019-08-30,10.11,23.08,23.03,14.19,14.12,24.24,0.45,16.84,23.09,0.13,0.99,0.13,37.0,2019,8,30,Monsoon
Amaravati,2019-10-07,21.0,34.78,2.21,12.32,6.04,20.39,0.45,16.43,37.42,0.11,0.86,0.24,294.76488095238096,2019,10,7,PostMonsoon
Amaravati,2019-10-08,23.31,39.09,2.21,12.18,8.29,17.46,0.55,18.77,31.69,0.05,1.04,0.3,50.0,2019,10,8,PostMonsoon
Amaravati,2019-10-09,27.63,44.01,3.3,11.48,8.92,17.92,0.89,18.89,31.23,0.15,1.48,0.26,78.0,2019,10,9,PostMonsoon
Amaravati,2019-10-10,21.05,31.3,5.93,14.29,12.62,11.94,0.7,12.85,24.81,0.16,2.59,0.27,45.0,2019,10,10,PostMonsoon
Amaravati,2019-10-11,18.12,33.96,5.09,11.78,10.49,12.69,0.46,14.24,17.41,0.12,2.45,0.54,43.0,2019,10,11,PostMonsoon
Amaravati,2019-10-12,7.09,24.44,2.65,7.41,6.2,10.75,0.65,13.87,29.37,0.14,1.13,0.27,72.0,2019,10,12,PostMonsoon
Amaravati,2019-10-13,7.08,21.25,3.19,7.96,6.83,9.64,0.45,13.99,26.75,0.05,1.45,0.37,46.0,2019,10,13,PostMonsoon
Amaravati,2019-10-14,9.79,26.48,3.35,11.9,9.14,8.4,0.65,14.02,30.06,0.08,1.85,0.39,74.0,2019,10,14,PostMonsoon
Amaravati,2019-10-15,32.29,56.07,2.67,12.02,8.66,12.43,0.72,15.53,47.76,0.37,4.97,0.46,55.0,2019,10,15,PostMonsoon
Amaravati,2019-10-16,40.0,67.65,3.08,13.18,9.6,12.31,0.64,15.3,51.95,0.34,4.49,0.32,72.0,2019,10,16,PostMonsoon
Amaravati,2019-10-17,19.31,36.71,5.32,13.02,11.34,10.32,0.52,11.22,28.81,0.26,4.8,0.42,51.0,2019,10,17,PostMonsoon
Amaravati,2019-10-18,9.48,25.78,3.47,11.3,8.92,9.41,0.58,12.14,27.95,0.13,2.5,0.32,43.0,2019,10,18,PostMonsoon
Amaravati,2019-10-19,13.78,24.72,3.08,10.61,8.24,10.25,0.47,11.83,29.61,0.21,3.14,0.24,41.0,2019,10,19,PostMonsoon
Amaravati,2019-10-20,8.12,21.82,1.93,7.85,5.75,8.66,0.53,11.39,34.36,0.08,2.0,0.18,52.0,2019,10,20,PostMonsoon
Amaravati,2019-10-21,9.99,25.65,3.25,12.56,9.33,8.36,0.72,8.72,29.54,0.2,3.97,0.22,72.0,2019,10,21,PostMonsoon
Amaravati,2019-10-22,9.29,20.41,8.72,16.43,15.93,7.32,0.59,11.26,25.66,0.25,2.18,0.28,44.0,2019,10,22,PostMonsoon
Amaravati,2019-10-23,11.75,23.54,3.84,13.51,10.4,8.03,0.72,10.68,23.48,0.15,1.74,0.16,71.0,2019,10,23,PostMonsoon
Amaravati,2019-10-24,7.14,23.73,4.15,11.84,9.76,7.79,0.5,8.21,28.73,0.19,1.11,0.23,40.0,2019,10,24,PostMonsoon
Amaravati,2019-10-25,7.53,26.41,3.75,10.7,8.83,7.21,0.46,5.29,25.04,0.14,1.46,0.16,39.0,2019,10,25,PostMonsoon
Amaravati,2019-10-26,11.82,27.75,3.59,11.1,8.92,7.35,0.72,9.54,24.82,0.2,3.1,0.22,69.0,2019,10,26,PostMonsoon
Amaravati,2019-10-27,18.57,36.29,3.0,9.97,7.46,8.32,0.76,14.66,22.53,0.23,3.37,0.22,49.0,2019,10,27,PostMonsoon
Amaravati,2019-10-28,38.32,53.68,3.85,9.76,8.42,7.89,0.55,18.55,30.26,0.24,2.71,0.17,67.0,2019,10,28,PostMonsoon
Amaravati,2019-10-29,19.51,39.12,3.98,13.01,10.25,8.33,0.65,15.46,29.36,0.22,3.84,0.24,48.0,2019,10,29,PostMonsoon
Amaravati,2019-10-30,18.54,35.57,6.02,13.63,12.23,8.18,0.62,12.08,28.76,0.2,2.33,0.22,48.0,2019,10,30,PostMonsoon
Amaravati,2019-10-31,12.01,28.41,7.47,13.82,13.43,6.44,0.64,11.34,25.6,0.27,4.01,0.29,45.0,2019,10,31,PostMonsoon
Amaravati,2019-11-01,12.95,35.12,6.0,13.44,12.11,6.68,0.58,12.65,31.2,0.17,2.21,0.2,64.0,2019,11,1,PostMonsoon
Amaravati,2019-11-02,18.41,39.48,7.8,11.45,12.51,7.12,0.6,11.51,31.08,0.16,1.6,0.16,49.0,2019,11,2,PostMonsoon
Amaravati,2019-11-03,42.98,74.55,5.08,15.53,12.48,9.29,0.67,12.3,45.78,0.31,2.35,0.18,74.0,2019,11,3,PostMonsoon
Amaravati,2019-11-04,56.76,101.39,4.62,20.7,14.85,10.74,0.68,17.89,41.87,0.44,5.99,0.21,94.0,2019,11,4,PostMonsoon
Amaravati,2019-11-05,78.45,137.41,6.19,26.0,19.23,11.21,0.82,29.06,42.11,0.59,5.45,0.28,122.0,2019,11,5,PostMonsoon
Amaravati,2019-11-06,89.53,148.15,4.0,22.79,15.39,13.0,0.89,20.75,42.72,0.79,9.7,0.27,190.0,2019,11,6,PostMonsoon
Amaravati,2019-11-07,85.95,135.44,4.35,24.78,16.8,13.37,1.04,15.74,47.62,0.58,5.05,0.22,198.0,2019,11,7,PostMonsoon
Amaravati,2019-11-08,81.5,128.86,3.06,20.13,13.3,13.9,0.93,21.32,52.53,0.46,4.72,0.17,174.0,2019,11,8,PostMonsoon
Amaravati,2019-11-09,77.93,128.41,2.23,14.09,9.4,13.92,0.75,20.18,58.79,0.59,4.45,0.19,168.0,2019,11,9,PostMonsoon
Amaravati,2019-11-10,51.46,82.75,1.84,12.24,8.01,11.48,0.64,11.75,44.89,0.49,2.46,0.12,126.0,2019,11,10,PostMonsoon
Amaravati,2019-11-11,39.26,68.41,2.81,16.23,10.92,10.87,0.67,10.97,39.44,0.33,2.9,0.11,77.0,2019,11,11,PostMonsoon
Amaravati,2019-11-12,37.5,69.2,4.33,20.42,14.47,10.74,0.91,11.84,34.42,0.22,2.58,0.16,94.0,2019,11,12,PostMonsoon
Amaravati,2019-11-13,45.41,76.67,2.6,14.75,10.05,10.82,0.64,13.6,50.03,0.26,4.34,0.1,73.0,2019,11,13,PostMonsoon
Amaravati,2019-11-14,50.33,91.06,3.02,16.68,11.42,10.46,0.93,10.82,59.48,0.36,2.64,0.24,101.0,2019,11,14,PostMonsoon
Amaravati,2019-11-15,60.86,97.67,2.41,13.27,9.11,10.84,0.8,15.36,60.81,0.28,3.78,0.11,100.0,2019,11,15,PostMonsoon
Amaravati,2019-11-16,64.88,104.25,2.5,15.42,10.32,11.54,1.04,15.4,47.96,0.35,4.66,0.17,115.0,2019,11,16,PostMonsoon
Amaravati,2019-11-17,63.97,109.47,2.43,18.14,11.62,11.38,0.83,22.37,37.65,0.21,4.76,0.12,127.0,2019,11,17,PostMonsoon
Amaravati,2019-11-18,42.45,72.25,2.7,14.32,9.89,10.74,0.81,15.71,37.44,0.16,2.7,0.14,90.0,2019,11,18,PostMonsoon
Amaravati,2019-11-19,62.31,89.89,2.51,14.9,10.06,12.77,1.0,16.91,49.95,0.22,1.34,0.18,98.0,2019,11,19,PostMonsoon
Amaravati,2019-11-20,80.27,113.24,2.34,12.84,8.83,13.44,0.79,14.86,60.68,0.31,1.85,0.12,162.0,2019,11,20,PostMonsoon
Amaravati,2019-11-21,63.19,97.39,2.34,13.46,9.15,11.1,0.98,12.61,65.38,0.48,2.41,0.1,141.0,2019,11,21,PostMonsoon
Amaravati,2019-11-22,53.15,87.02,2.74,15.54,10.58,9.58,0.65,7.74,55.76,0.6,12.8,0.11,94.0,2019,11,22,PostMonsoon
Amaravati,2019-11-23,63.39,100.23,2.4,15.36,10.21,11.13,0.71,12.64,48.1,0.63,6.28,0.17,97.0,2019,11,23,PostMonsoon
Amaravati,2019-11-24,76.12,111.89,1.96,16.19,10.21,11.83,0.83,13.3,51.68,0.66,8.57,0.17,136.0,2019,11,24,PostMonsoon
Amaravati,2019-11-25,83.5,121.3,2.75,15.78,10.74,13.62,0.81,14.34,61.97,0.56,4.21,0.14,167.0,2019,11,25,PostMonsoon
Amaravati,2019-11-26,79.85,124.9,2.61,16.51,10.24,13.29,1.15,17.76,62.87,0.73,3.13,0.16,174.0,2019,11,26,PostMonsoon
Amaravati,2019-11-27,68.76,109.47,2.82,21.1,13.61,11.88,0.92,19.3,55.76,0.71,6.18,0.2,151.0,2019,11,27,PostMonsoon
Amaravati,2019-11-28,57.83,88.67,2.46,14.13,9.61,10.05,0.78,15.1,51.67,0.4,2.13,0.15,121.0,2019,11,28,PostMonsoon
Amaravati,2019-11-29,35.69,63.76,2.11,14.42,9.39,9.11,0.67,14.59,43.35,0.49,8.64,0.14,78.0,2019,11,29,PostMonsoon
Amaravati,2019-11-30,55.2,86.24,2.55,12.3,8.72,11.27,0.81,18.46,44.15,0.21,4.76,0.1,79.0,2019,11,30,PostMonsoon
Amaravati,2019-12-01,65.14,106.58,2.68,16.03,10.7,15.72,0.95,9.83,43.92,0.15,2.41,3.477354965585054,94.0,2019,12,1,Winter
Amaravati,2019-12-02,55.72,86.96,2.85,13.9,9.8,14.4,0.7,10.3,42.3,0.21,1.95,0.1,98.0,2019,12,2,Winter
Amaravati,2019-12-03,63.99,97.97,2.93,14.49,10.18,17.28,0.72,14.19,43.47,0.28,2.0,0.1,100.0,2019,12,3,Winter
Amaravati,2019-12-04,77.57,114.45,3.06,14.81,10.46,20.71,0.83,14.99,56.45,0.36,1.69,0.11,156.0,2019,12,4,Winter
Amaravati,2019-12-05,82.76,122.21,3.15,22.64,14.7,18.82,0.78,29.74,55.26,0.85,8.1,0.14,160.0,2019,12,5,Winter
Amaravati,2019-12-06,90.54,132.55,3.23,23.89,15.42,16.04,1.0,19.16,63.55,0.73,6.25,0.1,185.0,2019,12,6,Winter
Amaravati,2019-12-07,61.25,98.77,3.05,19.42,12.92,12.59,0.95,17.57,60.61,0.86,7.98,3.477354965585054,174.0,2019,12,7,Winter
Amaravati,2019-12-08,36.75,63.62,2.46,12.29,8.54,11.52,0.56,12.2,42.28,0.18,2.81,3.477354965585054,79.0,2019,12,8,Winter
Amaravati,2019-12-09,24.96,49.69,4.02,15.4,11.55,10.42,0.52,13.35,37.78,0.24,7.47,3.477354965585054,61.0,2019,12,9,Winter
Amaravati,2019-12-10,39.12,69.06,5.93,24.73,17.97,14.14,0.77,10.8,34.82,0.71,8.37,0.13,83.0,2019,12,10,Winter
Amaravati,2019-12-11,51.44,82.17,4.9,22.53,15.96,13.61,0.68,12.58,36.02,0.76,4.92,0.16,86.0,2019,12,11,Winter
Amaravati,2019-12-12,38.89,66.08,3.95,18.7,13.15,13.46,0.62,10.22,36.73,0.88,12.73,0.15,72.0,2019,12,12,Winter
Amaravati,2019-12-13,35.8,62.14,3.3,16.11,11.24,16.42,0.62,12.83,39.73,0.49,4.63,0.12,66.0,2019,12,13,Winter
Amaravati,2019-12-14,39.06,63.53,2.22,13.1,8.77,14.38,0.55,13.87,41.66,0.44,12.72,0.1,64.0,2019,12,14,Winter
Amaravati,2019-12-15,47.53,79.0,2.62,17.58,11.48,13.85,0.65,17.05,41.13,0.66,10.29,0.19,73.0,2019,12,15,Winter
Amaravati,2019-12-16,46.6,78.44,4.18,17.93,12.93,14.81,0.62,18.96,43.5,0.59,6.47,0.18,76.0,2019,12,16,Winter
Amaravati,2019-12-17,67.15,107.1,4.36,25.62,17.18,19.74,0.84,12.22,47.84,1.2,9.82,0.25,96.0,2019,12,17,Winter
Amaravati,2019-12-18,66.82,105.01,2.43,17.15,11.09,19.94,0.75,12.67,53.85,1.3,12.96,0.23,137.0,2019,12,18,Winter
Amaravati,2019-12-19,83.16,120.25,2.51,17.41,11.31,23.06,0.76,17.03,49.59,1.33,14.69,0.13,138.0,2019,12,19,Winter
Amaravati,2019-12-20,79.92,119.82,2.56,19.92,12.69,20.43,0.9,23.63,43.53,0.87,3.69,0.15,188.0,2019,12,20,Winter
Amaravati,2019-12-21,83.64,118.52,1.83,15.67,9.82,19.48,0.84,16.5,50.47,0.94,4.12,0.12,166.0,2019,12,21,Winter
Amaravati,2019-12-22,72.34,103.82,1.6,13.46,8.46,18.4,0.71,17.81,56.41,0.75,5.72,0.11,162.0,2019,12,22,Winter
Amaravati,2019-12-23,72.99,104.91,1.88,13.46,8.68,17.61,0.69,11.56,57.63,0.93,4.69,0.12,147.0,2019,12,23,Winter
Amaravati,2019-12-24,76.56,115.06,1.87,14.77,9.37,16.52,0.82,14.21,56.77,0.98,5.28,0.11,138.0,2019,12,24,Winter
Amaravati,2019-12-25,84.51,120.22,1.73,13.16,8.41,14.6,0.95,17.69,54.0,1.19,3.31,0.12,194.0,2019,12,25,Winter
Amaravati,2019-12-26,50.52,81.46,2.37,14.79,9.79,13.24,0.59,13.86,32.95,0.89,2.1,0.12,114.0,2019,12,26,Winter
Amaravati,2019-12-27,41.79,73.58,3.48,17.65,12.21,13.75,0.63,14.1,29.21,0.74,2.45,0.13,77.0,2019,12,27,Winter
Amaravati,2019-12-28,57.09,88.15,2.19,15.8,10.17,15.74,0.78,9.56,35.44,0.92,2.46,0.12,79.0,2019,12,28,Winter
Amaravati,2019-12-29,74.45,110.95,1.54,12.5,7.89,16.66,0.75,19.09,59.61,1.04,2.28,0.15,133.0,2019,12,29,Winter
Amaravati,2019-12-30,59.42,90.44,1.63,12.73,8.09,14.39,0.92,20.55,63.08,0.87,6.68,0.15,131.0,2019,12,30,Winter
Amaravati,2019-12-31,49.5,80.8,1.67,12.64,8.05,14.44,0.64,17.14,64.8,0.7,1.44,0.11,87.0,2019,12,31,Winter
Amaravati,2020-01-01,59.64,88.85,1.67,12.12,7.81,14.99,0.77,17.53,57.26,0.89,3.38,0.12,96.0,2020,1,1,Winter
Amaravati,2020-01-02,42.46,65.39,1.72,12.17,7.87,14.75,0.73,17.09,55.17,0.79,2.12,0.11,82.0,2020,1,2,Winter
Amaravati,2020-01-03,39.07,62.93,1.81,13.53,8.67,14.43,0.69,22.14,43.7,0.77,3.4,0.17,76.0,2020,1,3,Winter
Amaravati,2020-01-04,22.79,38.35,2.27,18.79,11.83,14.34,0.64,19.87,23.59,0.6,5.88,0.24,47.0,2020,1,4,Winter
Amaravati,2020-01-05,37.81,56.66,1.73,12.98,8.31,20.69,0.63,14.68,36.53,0.6,1.94,0.14,55.0,2020,1,5,Winter
Amaravati,2020-01-06,38.82,61.4,1.9,11.64,7.75,21.22,0.65,18.74,48.53,0.58,1.28,0.11,66.0,2020,1,6,Winter
Amaravati,2020-01-07,69.49,97.7,1.95,12.04,8.0,20.46,0.68,17.89,59.37,0.71,1.24,0.1,109.0,2020,1,7,Winter
Amaravati,2020-01-08,53.32,75.4,1.81,11.47,7.58,16.98,0.64,15.37,53.9,0.55,1.0,0.1,103.0,2020,1,8,Winter
Amaravati,2020-01-09,37.23,62.09,1.83,13.23,8.52,15.63,0.53,13.54,46.31,0.5,0.92,0.11,78.0,2020,1,9,Winter
Amaravati,2020-01-10,51.22,84.62,3.18,21.49,14.02,17.07,0.67,20.19,36.26,0.85,4.41,0.21,70.0,2020,1,10,Winter
Amaravati,2020-01-11,66.57,100.98,1.91,16.47,10.31,18.55,0.76,18.45,37.24,0.65,2.92,0.19,110.0,2020,1,11,Winter
Amaravati,2020-01-12,78.28,109.42,2.34,16.82,10.84,18.62,0.8,24.75,47.01,0.74,3.26,0.12,147.0,2020,1,12,Winter
Amaravati,2020-01-13,85.67,121.55,2.61,20.64,13.1,20.95,0.95,32.97,47.84,1.08,5.83,0.22,177.0,2020,1,13,Winter
Amaravati,2020-01-14,82.66,111.92,1.62,14.0,8.76,19.57,0.85,17.11,56.49,0.91,1.78,0.13,168.0,2020,1,14,Winter
Amaravati,2020-01-15,68.4,90.93,1.72,11.06,7.27,19.03,0.76,18.33,48.09,0.79,1.9,0.13,163.0,2020,1,15,Winter
Amaravati,2020-01-16,56.44,75.95,1.57,10.33,6.65,21.41,0.64,9.86,47.51,0.52,2.58,0.1,108.0,2020,1,16,Winter
Amaravati,2020-01-17,45.81,66.69,2.1,11.52,7.83,15.1,0.66,15.86,44.3,0.52,1.06,0.1,82.0,2020,1,17,Winter
Amaravati,2020-01-18,31.59,51.42,2.23,8.68,6.43,12.88,0.6,12.33,35.43,0.23,0.95,0.1,60.0,2020,1,18,Winter
Amaravati,2020-01-19,36.62,58.14,2.01,10.43,7.18,13.99,0.69,16.57,35.86,0.26,0.79,0.1,58.0,2020,1,19,Winter
Amaravati,2020-01-20,31.22,57.33,3.69,16.9,11.99,14.42,0.63,14.64,33.25,0.38,1.44,0.14,62.0,2020,1,20,Winter
Amaravati,2020-01-21,29.88,55.3,4.31,15.62,11.81,16.82,0.63,14.09,35.92,0.41,1.34,0.14,63.0,2020,1,21,Winter
Amaravati,2020-01-22,37.56,65.26,2.86,14.76,10.17,17.54,0.65,14.71,41.22,0.37,1.33,0.11,63.0,2020,1,22,Winter
Amaravati,2020-01-23,59.33,93.3,3.08,17.94,12.04,18.24,0.75,18.29,40.9,0.43,1.41,0.15,87.0,2020,1,23,Winter
Amaravati,2020-01-24,61.4,96.6,2.53,15.34,10.21,18.05,0.73,23.54,43.29,0.69,2.14,0.14,101.0,2020,1,24,Winter
Amaravati,2020-01-25,51.18,76.33,1.67,11.66,7.55,18.53,0.64,18.69,46.21,0.49,0.9,0.1,98.0,2020,1,25,Winter
Amaravati,2020-01-26,38.39,63.99,2.48,15.39,10.2,16.55,0.61,20.0,36.83,0.46,1.14,0.15,77.0,2020,1,26,Winter
Amaravati,2020-01-27,34.56,62.65,2.89,16.51,11.14,17.89,0.57,19.73,44.57,0.42,0.92,0.13,74.0,2020,1,27,Winter
Amaravati,2020-01-28,33.62,60.66,2.5,14.78,9.89,16.7,0.52,20.29,36.88,0.32,0.61,0.12,65.0,2020,1,28,Winter
Amaravati,2020-01-29,29.98,51.68,2.24,9.21,6.72,17.48,0.52,12.76,32.35,0.23,0.36,0.11,59.0,2020,1,29,Winter
Amaravati,2020-01-30,32.18,60.01,2.65,13.11,9.13,15.9,0.55,15.43,36.9,0.31,0.65,0.1,59.0,2020,1,30,Winter
Amaravati,2020-01-31,26.72,53.9,3.71,15.53,11.29,15.51,0.49,19.06,32.28,0.34,0.8,0.12,66.0,2020,1,31,Winter
Amaravati,2020-02-01,21.22,43.36,2.75,12.12,8.68,13.05,0.45,18.25,31.33,0.24,0.49,0.12,52.0,2020,2,1,Winter
Amaravati,2020-02-02,19.94,42.27,2.1,10.35,7.22,13.25,0.47,13.38,31.97,0.26,0.91,0.13,47.0,2020,2,2,Winter
Amaravati,2020-02-03,24.44,47.41,3.38,12.27,9.27,14.49,0.54,15.16,30.12,0.36,0.95,0.17,48.0,2020,2,3,Winter
Amaravati,2020-02-04,27.24,49.64,3.19,14.18,10.14,14.24,0.52,16.38,32.33,0.36,0.82,0.17,54.0,2020,2,4,Winter
Amaravati,2020-02-05,25.74,46.38,2.92,11.44,8.46,15.08,0.52,19.32,36.58,0.33,0.67,0.13,54.0,2020,2,5,Winter
Amaravati,2020-02-06,20.12,42.08,4.32,14.78,11.37,14.0,0.52,15.01,27.59,0.38,1.08,0.17,47.0,2020,2,6,Winter
Amaravati,2020-02-07,16.85,37.38,2.13,9.88,6.98,14.69,0.44,18.3,36.72,0.18,0.33,0.13,44.0,2020,2,7,Winter
Amaravati,2020-02-08,22.46,41.78,1.94,10.81,7.33,15.98,0.38,20.25,35.46,0.23,0.33,0.1,45.0,2020,2,8,Winter
Amaravati,2020-02-09,38.73,63.42,2.15,16.17,10.34,15.89,0.62,17.41,35.62,0.69,2.28,0.17,51.0,2020,2,9,Winter
Amaravati,2020-02-10,36.26,56.64,2.36,14.25,9.51,18.78,0.53,17.68,46.43,0.58,1.45,0.12,65.0,2020,2,10,Winter
Amaravati,2020-02-11,45.14,73.27,2.37,13.84,9.3,18.61,0.6,18.99,53.62,0.64,1.74,0.14,70.0,2020,2,11,Winter
Amaravati,2020-02-12,59.61,94.82,2.4,17.03,11.02,19.76,0.67,21.32,55.77,0.74,3.79,0.13,86.0,2020,2,12,Winter
Amaravati,2020-02-13,61.24,99.2,3.15,25.9,16.33,20.39,0.64,34.59,46.13,0.73,2.66,0.21,110.0,2020,2,13,Winter
Amaravati,2020-02-14,43.11,76.55,2.24,16.21,10.44,18.22,0.52,23.05,46.64,0.45,1.41,0.13,87.0,2020,2,14,Winter
Amaravati,2020-02-15,64.53,110.64,2.58,23.25,14.46,21.25,0.78,27.95,53.69,1.01,5.19,0.37,103.0,2020,2,15,Winter
Amaravati,2020-02-16,37.53,64.2,1.97,14.1,9.09,21.98,0.44,15.75,40.59,0.41,1.1,0.14,88.0,2020,2,16,Winter
Amaravati,2020-02-17,29.12,54.82,3.8,14.06,10.57,18.64,0.44,19.12,41.62,0.39,1.15,0.14,66.0,2020,2,17,Winter
Amaravati,2020-02-18,31.68,62.23,2.77,14.53,9.98,18.14,0.48,20.98,37.94,0.46,1.51,0.18,66.0,2020,2,18,Winter
Amaravati,2020-02-19,40.98,69.15,2.22,14.6,9.58,19.11,0.46,18.62,39.9,0.33,0.97,0.14,65.0,2020,2,19,Winter
Amaravati,2020-02-20,49.1,74.88,2.17,12.98,8.68,17.4,0.44,17.74,49.28,0.31,0.67,0.14,77.0,2020,2,20,Winter
Amaravati,2020-02-21,35.92,61.83,1.79,11.83,7.74,13.53,0.47,16.2,42.11,0.38,1.02,0.16,74.0,2020,2,21,Winter
Amaravati,2020-02-22,27.13,54.16,1.78,12.98,8.34,10.6,0.48,20.2,39.74,0.49,6.94,0.13,60.0,2020,2,22,Winter
Amaravati,2020-02-23,34.81,62.43,1.99,14.44,9.3,12.6,0.77,13.0,44.47,0.44,2.7,0.15,82.0,2020,2,23,Winter
Amaravati,2020-02-24,31.66,53.22,1.94,9.29,6.53,14.42,0.62,15.94,46.68,0.18,1.19,0.12,68.0,2020,2,24,Winter
Amaravati,2020-02-25,24.86,47.43,2.38,10.73,7.64,12.94,0.61,16.73,39.9,0.22,0.5,0.12,53.0,2020,2,25,Winter
Amaravati,2020-02-26,31.28,59.42,2.46,13.15,8.99,15.78,0.81,19.56,40.48,0.43,1.57,0.18,78.0,2020,2,26,Winter
Amaravati,2020-02-27,38.85,67.95,2.65,13.49,9.33,14.82,0.86,22.27,43.97,0.28,1.8,0.16,73.0,2020,2,27,Winter
Amaravati,2020-02-28,31.99,57.18,2.22,10.99,7.67,14.0,0.66,23.6,51.47,0.43,1.47,0.11,68.0,2020,2,28,Winter
Amaravati,2020-02-29,35.99,59.72,1.87,10.24,6.96,13.49,0.52,18.21,51.81,0.32,0.83,0.12,65.0,2020,2,29,Winter
Amaravati,2020-03-01,32.99,56.46,1.68,8.29,5.77,12.67,0.48,19.32,52.32,0.26,0.5,0.13,67.0,2020,3,1,Summer
Amaravati,2020-03-02,39.84,62.14,2.35,11.69,8.11,12.86,0.56,24.7,49.09,0.25,0.63,0.17,67.0,2020,3,2,Summer
Amaravati,2020-03-03,40.19,64.95,2.55,10.71,7.77,12.84,0.58,22.82,45.68,0.27,0.64,0.14,70.0,2020,3,3,Summer
Amaravati,2020-03-04,35.95,59.47,2.76,12.61,8.95,12.21,0.55,17.88,38.71,0.28,0.69,0.12,66.0,2020,3,4,Summer
Amaravati,2020-03-05,20.14,31.66,2.18,7.85,5.94,10.82,0.49,18.35,26.21,0.13,0.32,0.1,47.0,2020,3,5,Summer
Amaravati,2020-03-06,19.0,31.65,1.94,5.45,4.48,10.31,0.48,17.86,29.66,0.14,0.18,3.477354965585054,36.0,2020,3,6,Summer
Amaravati,2020-03-07,14.26,24.49,2.46,6.19,5.28,10.4,0.52,12.13,26.65,0.13,0.29,0.1,35.0,2020,3,7,Summer
Amaravati,2020-03-08,10.28,22.95,2.09,8.15,6.03,8.47,0.49,29.5,24.62,0.1,0.42,0.1,35.0,2020,3,8,Summer
Amaravati,2020-03-09,12.37,22.79,3.17,9.77,7.78,9.65,0.54,18.18,19.25,0.09,0.69,0.1,42.0,2020,3,9,Summer
Amaravati,2020-03-10,10.63,22.11,2.43,7.78,6.12,9.32,0.46,25.19,24.48,0.09,0.56,0.1,35.0,2020,3,10,Summer
Amaravati,2020-03-11,11.08,19.3,2.13,5.99,4.92,8.81,0.48,20.86,23.99,0.03,0.33,3.477354965585054,35.0,2020,3,11,Summer
Amaravati,2020-03-12,12.73,24.73,2.25,5.62,4.83,10.53,0.49,17.37,25.1,0.01,0.26,3.477354965585054,38.0,2020,3,12,Summer
Amaravati,2020-03-13,18.17,33.52,2.24,5.74,4.88,9.23,0.45,14.83,25.04,0.02,0.24,3.477354965585054,35.0,2020,3,13,Summer
Amaravati,2020-03-14,23.78,44.16,1.98,8.07,5.91,9.98,0.49,21.65,27.22,0.11,0.65,0.18,48.0,2020,3,14,Summer
Amaravati,2020-03-15,25.83,45.42,2.21,7.94,6.02,9.82,0.47,22.1,28.67,0.18,0.78,0.19,48.0,2020,3,15,Summer
Amaravati,2020-03-16,27.28,47.52,2.65,9.42,7.16,10.82,0.57,19.49,28.25,0.19,0.88,0.13,48.0,2020,3,16,Summer
Amaravati,2020-03-17,31.49,49.92,1.93,8.93,6.32,10.09,0.64,19.67,34.5,0.18,0.6,0.1,54.0,2020,3,17,Summer
Amaravati,2020-03-18,19.45,36.11,2.41,9.54,7.05,9.35,0.58,16.2,31.44,0.11,0.56,0.1,48.0,2020,3,18,Summer
Amaravati,2020-03-19,18.86,35.92,2.32,8.13,6.23,9.31,0.55,19.8,32.35,0.1,0.56,0.1,51.0,2020,3,19,Summer
Amaravati,2020-03-20,15.23,28.92,2.14,7.4,5.67,10.07,0.49,25.54,28.78,0.08,0.51,0.1,43.0,2020,3,20,Summer
Amaravati,2020-03-21,13.9,26.07,1.78,5.15,4.18,8.51,0.49,23.29,25.43,0.04,0.29,0.15,37.0,2020,3,21,Summer
Amaravati,2020-03-22,25.49,42.7,1.46,4.19,3.42,10.08,0.48,23.0,27.87,0.05,0.24,3.477354965585054,39.0,2020,3,22,Summer
Amaravati,2020-03-23,26.01,50.98,1.54,4.65,3.73,8.62,0.45,24.44,29.73,0.07,0.33,0.1,51.0,2020,3,23,Summer
Amaravati,2020-03-24,17.19,39.17,1.39,4.81,3.69,7.58,0.46,20.71,28.52,0.08,0.42,0.14,47.0,2020,3,24,Summer
Amaravati,2020-03-25,16.77,35.65,1.38,4.29,3.41,7.58,1.47,18.95,27.74,0.07,0.33,0.1,101.0,2020,3,25,Summer
Amaravati,2020-03-26,23.67,44.23,1.58,4.99,3.94,7.93,0.66,18.8,29.32,0.15,0.66,0.16,108.0,2020,3,26,Summer
Amaravati,2020-03-27,25.36,50.63,1.51,4.69,3.74,8.2,0.23,21.49,37.28,0.08,0.31,0.1,52.0,2020,3,27,Summer
Amaravati,2020-03-28,25.12,52.01,1.52,4.71,3.74,7.88,0.25,22.1,43.19,0.09,0.39,0.15,61.0,2020,3,28,Summer
Amaravati,2020-03-29,26.96,53.31,1.29,5.11,3.77,7.91,0.37,19.29,38.57,0.13,0.65,0.1,58.0,2020,3,29,Summer
Amaravati,2020-03-30,30.36,60.36,1.45,5.2,3.92,8.01,0.37,22.14,45.51,0.11,0.25,3.477354965585054,58.0,2020,3,30,Summer
Amaravati,2020-03-31,29.86,55.8,1.39,4.52,3.54,8.81,0.28,23.12,44.17,0.08,0.33,0.1,69.0,2020,3,31,Summer
Amaravati,2020-04-01,34.77,63.95,1.4,5.03,3.81,9.07,0.25,25.11,40.76,0.11,0.47,0.1,69.0,2020,4,1,Summer
Amaravati,2020-04-02,29.77,59.98,1.38,4.32,3.42,8.71,12.837420289855071,20.53,32.28,0.07,0.29,0.1,59.0,2020,4,2,Summer
Amaravati,2020-04-03,30.52,54.56,1.38,4.05,3.27,8.95,12.837420289855071,29.01,19.3,0.04,0.33,3.477354965585054,59.0,2020,4,3,Summer
Amaravati,2020-04-04,30.58,53.17,1.41,3.65,3.09,8.16,12.837420289855071,21.14,30.65,0.05,0.2,0.1,55.0,2020,4,4,Summer
Amaravati,2020-04-05,23.9,46.95,1.34,3.93,3.18,7.68,12.837420289855071,19.38,25.31,0.02,0.26,0.18,51.0,2020,4,5,Summer
Amaravati,2020-04-06,16.28,33.84,1.54,3.77,3.25,7.66,12.837420289855071,20.08,17.23,0.02,0.18,3.477354965585054,39.0,2020,4,6,Summer
Amaravati,2020-04-07,11.01,28.46,1.46,3.53,3.07,7.63,12.837420289855071,17.69,16.26,0.04,0.19,3.477354965585054,30.0,2020,4,7,Summer
Amaravati,2020-04-08,16.58,36.98,1.45,4.27,3.46,7.28,12.837420289855071,19.86,25.67,0.01,0.22,0.1,38.0,2020,4,8,Summer
Amaravati,2020-04-09,18.11,38.01,1.51,5.44,4.12,7.74,12.837420289855071,24.28,43.68,0.15,0.49,0.1,52.0,2020,4,9,Summer
Amaravati,2020-04-10,21.17,41.26,1.3,6.54,4.25,6.25,0.0,13.94,36.65,0.32,1.26,0.17,53.0,2020,4,10,Summer
Amaravati,2020-04-11,13.72,31.06,1.4,4.58,3.58,6.74,0.0,15.56,26.1,0.05,0.54,0.16,42.0,2020,4,11,Summer
Amaravati,2020-04-12,16.75,36.94,1.33,4.59,3.53,6.79,0.0,13.59,25.74,0.05,0.36,3.477354965585054,44.0,2020,4,12,Summer
Amaravati,2020-04-13,18.38,40.46,1.31,4.91,3.66,7.17,0.0,14.3,27.51,0.05,0.38,0.1,47.0,2020,4,13,Summer
Amaravati,2020-04-14,19.77,45.79,1.4,4.99,3.77,7.23,0.0,14.56,26.57,0.06,0.36,3.477354965585054,50.0,2020,4,14,Summer
Amaravati,2020-04-15,18.62,45.2,1.48,4.5,3.6,6.92,0.0,14.12,30.13,0.06,0.29,0.1,51.0,2020,4,15,Summer
Amaravati,2020-04-16,17.21,38.03,1.45,4.4,3.53,6.84,0.0,13.37,24.22,0.03,0.28,3.477354965585054,43.0,2020,4,16,Summer
Amaravati,2020-04-17,13.28,40.72,1.37,4.83,3.68,7.29,0.0,12.24,25.98,0.06,0.31,0.1,40.0,2020,4,17,Summer
Amaravati,2020-04-18,7.38,26.67,1.37,3.7,3.09,6.49,12.837420289855071,13.63,25.12,0.02,0.25,3.477354965585054,41.0,2020,4,18,Summer
Amaravati,2020-04-19,7.59,24.92,1.44,3.52,3.04,6.17,12.837420289855071,13.62,23.68,0.03,0.23,3.477354965585054,35.0,2020,4,19,Summer
Amaravati,2020-04-20,7.81,23.53,1.5,4.13,3.42,6.17,12.837420289855071,15.82,19.01,0.01,0.25,0.1,30.0,2020,4,20,Summer
Amaravati,2020-04-21,7.35,20.8,1.47,4.16,3.4,5.9,12.837420289855071,13.92,18.71,0.02,0.25,3.477354965585054,26.0,2020,4,21,Summer
Amaravati,2020-04-22,9.51,24.12,1.32,3.97,2.97,6.56,0.0,12.29,19.18,0.05,0.23,3.477354965585054,26.0,2020,4,22,Summer
Amaravati,2020-04-23,11.34,26.66,1.39,3.97,3.24,6.59,0.0,36.68408281573499,21.01,0.02,0.23,3.477354965585054,30.0,2020,4,23,Summer
Amaravati,2020-04-24,9.36,26.24,1.39,3.87,3.19,6.41,0.0,36.68408281573499,22.75,0.02,0.19,3.477354965585054,31.0,2020,4,24,Summer
Amaravati,2020-04-25,14.44,38.88,1.36,4.26,3.38,6.81,0.0,36.68408281573499,31.0,0.0,0.2,3.477354965585054,43.0,2020,4,25,Summer
Amaravati,2020-04-26,11.9,29.15,1.33,6.18,4.37,5.43,0.0,36.68408281573499,44.57,0.06,0.31,3.477354965585054,56.0,2020,4,26,Summer
Amaravati,2020-04-27,16.45,32.26,1.41,5.66,4.17,7.0,0.0,36.68408281573499,36.76,0.06,0.24,3.477354965585054,52.0,2020,4,27,Summer
Amaravati,2020-04-28,10.61,33.88,1.46,5.21,3.95,5.9,0.0,36.68408281573499,32.29,0.05,0.43,0.12,41.0,2020,4,28,Summer
Amaravati,2020-04-29,35.38,63.42,1.42,11.76,7.42,7.98,0.0,36.68408281573499,34.99,0.36,0.81,0.1,43.0,2020,4,29,Summer
Amaravati,2020-04-30,26.8,50.65,1.35,6.22,4.41,7.86,0.0,19.3,39.46,0.08,0.47,3.477354965585054,56.0,2020,4,30,Summer
Amaravati,2020-05-01,28.33,54.31,1.4,4.92,3.75,9.08,12.837420289855071,14.34,37.13,0.03,0.3,3.477354965585054,51.0,2020,5,1,Summer
Amaravati,2020-05-02,24.11,50.38,1.37,4.1,3.3,9.1,12.837420289855071,8.61,36.34,0.01,0.22,3.477354965585054,60.0,2020,5,2,Summer
Amaravati,2020-05-03,21.42,54.69,1.45,4.25,3.44,8.33,12.837420289855071,7.58,31.83,0.01,0.25,3.477354965585054,52.0,2020,5,3,Summer
Amaravati,2020-05-04,22.79,56.2,1.46,4.24,3.44,8.16,12.837420289855071,7.55,30.11,0.03,0.25,3.477354965585054,55.0,2020,5,4,Summer
Amaravati,2020-05-05,54.9846661237785,11.0,1.12,10.39,4.17,5.07,12.837420289855071,20.43,13.04,0.02,0.2,3.477354965585054,58.0,2020,5,5,Summer
Amaravati,2020-05-06,14.28,35.43,1.65,5.46,4.24,8.57,12.837420289855071,6.68,19.59,0.02,0.29,3.477354965585054,44.0,2020,5,6,Summer
Amaravati,2020-05-07,18.76,41.98,1.52,5.55,3.77,8.35,12.837420289855071,7.49,19.9,0.02,0.33,3.477354965585054,45.0,2020,5,7,Summer
Amaravati,2020-05-08,18.81,47.91,1.44,5.84,4.27,8.22,12.837420289855071,8.18,23.44,0.02,0.28,3.477354965585054,43.0,2020,5,8,Summer
Amaravati,2020-05-09,18.48,43.55,1.28,4.73,3.54,7.79,12.837420289855071,7.27,24.81,0.02,0.27,3.477354965585054,54.0,2020,5,9,Summer
Amaravati,2020-05-10,14.26,34.12,1.36,4.75,3.64,7.39,12.837420289855071,8.02,23.19,0.07,0.47,137.45,42.0,2020,5,10,Summer
Amaravati,2020-05-11,17.1,44.23,1.56,6.38,4.65,7.21,12.837420289855071,5.75,20.46,0.05,0.51,3.477354965585054,43.0,2020,5,11,Summer
Amaravati,2020-05-12,13.9,36.24,1.5,5.16,3.81,7.31,12.837420289855071,13.56,19.85,0.05,0.36,3.477354965585054,39.0,2020,5,12,Summer
Amaravati,2020-05-13,13.11,36.14,1.52,4.87,3.64,6.48,12.837420289855071,9.04,19.71,0.04,0.32,3.477354965585054,41.0,2020,5,13,Summer
Amaravati,2020-05-14,12.05,34.03,1.5,4.68,3.71,6.75,12.837420289855071,7.64,17.21,0.03,0.3,3.477354965585054,36.0,2020,5,14,Summer
Amaravati,2020-05-15,13.47,36.01,1.52,5.95,4.37,5.54,12.837420289855071,8.83,21.83,0.06,0.54,3.477354965585054,39.0,2020,5,15,Summer
Amaravati,2020-05-16,54.9846661237785,35.01,1.47,5.28,4.02,6.14,12.837420289855071,9.38,28.31,0.03,0.52,3.477354965585054,41.0,2020,5,16,Summer
Amaravati,2020-05-17,54.9846661237785,44.57,1.78,14.19,8.73,8.16,12.837420289855071,11.96,29.87,0.05,0.94,3.477354965585054,48.0,2020,5,17,Summer
Amaravati,2020-05-18,30.46,54.8,5.95,14.07,12.33,7.88,12.837420289855071,10.08,33.55,0.13,1.07,0.1,55.0,2020,5,18,Summer
Amaravati,2020-05-19,34.15,71.94,1.64,15.46,9.56,8.67,12.837420289855071,10.28,51.22,0.14,1.45,3.477354965585054,77.0,2020,5,19,Summer
Amaravati,2020-05-20,41.46,108.2,1.56,16.97,9.83,9.88,12.837420289855071,13.83,49.1,0.31,2.08,0.22,93.0,2020,5,20,Summer
Amaravati,2020-05-21,27.66,102.68,1.43,11.41,6.96,8.65,12.837420289855071,10.27,50.56,0.2,1.08,3.477354965585054,105.0,2020,5,21,Summer
Amaravati,2020-05-22,29.9,103.68,1.47,10.11,6.4,11.55,0.38,12.04,52.47,0.16,0.82,0.1,103.0,2020,5,22,Summer
Amaravati,2020-05-23,21.15,72.04,1.51,4.87,3.81,12.22,0.52,9.79,50.76,0.02,0.24,3.477354965585054,88.0,2020,5,23,Summer
Amaravati,2020-05-24,18.09,60.29,1.41,4.2,3.39,10.29,0.45,8.1,48.0,5.09,0.2,4.95,66.0,2020,5,24,Summer
Amaravati,2020-05-25,16.93,57.4,1.42,3.63,3.07,11.22,0.47,7.48,40.43,6.44,0.26,3.477354965585054,57.0,2020,5,25,Summer
Amaravati,2020-05-26,22.01,72.96,1.57,3.89,3.35,11.74,0.49,7.24,48.22,0.42,0.31,3.477354965585054,69.0,2020,5,26,Summer
Amaravati,2020-05-27,24.22,66.04,1.39,4.33,3.44,11.7,0.5,7.19,24.36,4.9,0.42,84.72,69.0,2020,5,27,Summer
Amaravati,2020-05-28,25.16,66.12,1.57,5.41,4.15,12.46,0.6,7.99,13.71,0.44,0.38,0.1,64.0,2020,5,28,Summer
Amaravati,2020-05-29,20.96,68.44,1.52,5.69,4.27,10.97,0.6,10.85,17.45,0.08,0.49,0.1,70.0,2020,5,29,Summer
Amaravati,2020-05-30,22.5,62.08,1.46,6.94,4.87,10.98,0.57,17.09,21.62,0.09,0.67,0.12,63.0,2020,5,30,Summer
Amaravati,2020-05-31,19.96,58.07,1.42,5.43,4.05,10.08,0.55,9.11,21.51,0.05,0.34,0.3,62.0,2020,5,31,Summer
Amaravati,2020-06-01,8.09,37.02,1.58,9.29,6.22,4.7,0.48,9.85,14.81,0.12,1.75,0.12,46.0,2020,6,1,Monsoon
Amaravati,2020-06-02,12.78,38.24,1.66,9.72,6.52,10.11,0.51,6.61,18.39,0.09,1.19,0.22,41.0,2020,6,2,Monsoon
Amaravati,2020-06-03,10.23,35.22,1.85,10.19,6.6,7.4,0.5,12.47,19.36,0.1,1.18,0.19,40.0,2020,6,3,Monsoon
Amaravati,2020-06-04,7.89,34.52,1.76,11.09,7.33,7.17,0.54,16.74,18.72,0.05,0.45,0.1,39.0,2020,6,4,Monsoon
Amaravati,2020-06-05,9.33,36.04,1.6,8.83,5.99,8.01,0.44,11.48,30.3,0.08,0.47,0.1,58.0,2020,6,5,Monsoon
Amaravati,2020-06-06,10.14,43.39,1.33,7.06,4.83,6.2,0.42,12.83,35.22,0.09,0.55,0.19,44.0,2020,6,6,Monsoon
Amaravati,2020-06-07,11.49,47.69,1.48,6.9,4.87,6.93,0.42,12.34,38.36,0.06,0.36,0.1,50.0,2020,6,7,Monsoon
Amaravati,2020-06-08,12.19,49.5,1.62,10.16,6.72,7.12,0.44,11.95,38.42,0.1,0.7,0.15,54.0,2020,6,8,Monsoon
Amaravati,2020-06-09,10.39,44.35,1.56,10.06,6.61,6.04,0.5,15.46,40.05,0.09,0.76,0.22,61.0,2020,6,9,Monsoon
Amaravati,2020-06-10,10.18,25.24,8.5,15.4,15.51,9.51,0.59,13.75,40.65,0.09,1.21,0.17,58.0,2020,6,10,Monsoon
Amaravati,2020-06-11,5.6,12.17,2.27,14.58,9.6,9.96,0.51,18.82,42.45,0.11,1.63,0.1,53.0,2020,6,11,Monsoon
Amaravati,2020-06-12,4.7,12.83,1.66,10.03,6.69,8.76,0.53,13.34,34.37,0.08,0.52,0.1,47.0,2020,6,12,Monsoon
Amaravati,2020-06-13,4.65,12.76,1.48,8.44,5.7,7.97,0.48,12.34,35.22,0.06,0.28,0.1,44.0,2020,6,13,Monsoon
Amaravati,2020-06-14,11.71,25.81,1.6,8.06,5.6,8.67,0.53,16.01,39.34,0.07,0.57,0.29,47.0,2020,6,14,Monsoon
Amaravati,2020-06-15,10.07,24.04,2.12,9.21,6.62,8.73,0.48,12.19,33.82,0.06,0.41,0.1,41.0,2020,6,15,Monsoon
Amaravati,2020-06-16,11.61,31.52,4.88,16.7,12.86,8.35,0.5,16.28,31.19,0.09,0.78,0.36,39.0,2020,6,16,Monsoon
Amaravati,2020-06-17,8.73,18.33,4.64,16.26,11.66,10.3,0.38,17.54,29.47,0.09,0.54,0.2,36.0,2020,6,17,Monsoon
Amaravati,2020-06-18,11.2,27.86,3.27,12.95,9.54,12.91,0.62,17.81,31.9,0.1,0.81,0.19,42.0,2020,6,18,Monsoon
Amaravati,2020-06-19,11.03,34.97,3.18,13.74,9.89,8.92,0.64,10.39,31.37,0.14,1.43,0.32,43.0,2020,6,19,Monsoon
Amaravati,2020-06-20,16.99,45.43,1.52,9.48,6.27,8.6,0.55,11.19,41.25,0.11,1.29,0.16,55.0,2020,6,20,Monsoon
Amaravati,2020-06-21,12.74,30.83,1.66,10.27,6.81,9.45,0.59,13.28,34.95,0.13,0.77,0.15,50.0,2020,6,21,Monsoon
Amaravati,2020-06-22,17.97,50.49,2.05,12.1,8.1,10.92,0.65,11.68,30.15,0.17,1.55,0.53,46.0,2020,6,22,Monsoon
Amaravati,2020-06-23,15.48,34.84,2.07,9.15,6.55,13.53,0.58,15.88,39.82,0.11,0.8,0.16,55.0,2020,6,23,Monsoon
Amaravati,2020-06-24,14.88,35.33,1.86,10.59,7.15,11.62,0.59,14.04,38.01,0.13,1.03,0.21,52.0,2020,6,24,Monsoon
Amaravati,2020-06-25,20.74,37.36,1.9,8.44,6.03,14.57,0.62,15.38,39.32,0.13,0.89,0.28,50.0,2020,6,25,Monsoon
Amaravati,2020-06-26,10.41,20.55,1.88,7.21,5.37,12.46,0.53,15.86,25.96,0.06,0.3,3.477354965585054,37.0,2020,6,26,Monsoon
Amaravati,2020-06-27,14.5,24.43,1.53,6.53,4.72,8.97,0.55,13.75,33.76,0.06,0.27,0.15,42.0,2020,6,27,Monsoon
Amaravati,2020-06-28,16.65,28.51,1.43,8.32,5.59,9.77,0.66,10.86,37.34,0.1,0.43,0.12,49.0,2020,6,28,Monsoon
Amaravati,2020-06-29,20.96,32.56,1.65,9.55,6.43,14.3,0.66,14.79,43.29,0.12,0.69,0.1,56.0,2020,6,29,Monsoon
Amaravati,2020-06-30,21.34,35.16,1.74,10.69,7.1,13.38,0.66,14.58,45.32,0.14,1.42,0.2,61.0,2020,6,30,Monsoon
Amaravati,2020-07-01,22.0,34.0,1.5,9.68,6.4,8.45,0.59,10.88,29.15,0.1,0.5,3.477354965585054,54.0,2020,7,1,Monsoon
Amritsar,2017-02-27,13.42,14.92,15.06,8.86,33.92948160535117,1.6,0.81,11.0,12.96,4.149716373012463,19.2963644177052,3.477354965585054,294.76488095238096,2017,2,27,Winter
Amritsar,2017-02-28,12.45,13.8,17.44,8.05,33.92948160535117,1.73,0.67,16.06,11.88,4.149716373012463,19.2963644177052,3.477354965585054,52.0,2017,2,28,Winter
Amritsar,2017-03-01,19.52,21.88,14.77,6.02,33.92948160535117,1.48,0.43,26.24,11.53,4.149716373012463,19.2963644177052,3.477354965585054,31.0,2017,3,1,Summer
Amritsar,2017-03-02,77.71,80.27,10.49,3.88,33.92948160535117,1.29,0.36,22.35,18.68,4.149716373012463,19.2963644177052,3.477354965585054,106.0,2017,3,2,Summer
Amritsar,2017-03-03,19.7,33.08,9.91,3.13,33.92948160535117,1.15,0.37,14.29,22.22,4.149716373012463,19.2963644177052,3.477354965585054,98.0,2017,3,3,Summer
Amritsar,2017-03-04,22.91,56.19,10.69,4.13,33.92948160535117,1.86,0.47,8.42,26.62,4.149716373012463,19.2963644177052,3.477354965585054,61.0,2017,3,4,Summer
Amritsar,2017-03-05,29.56,44.5,8.95,2.66,33.92948160535117,1.26,0.39,10.95,27.03,4.149716373012463,19.2963644177052,3.477354965585054,62.0,2017,3,5,Summer
Amritsar,2017-03-06,46.13,62.88,9.62,4.89,33.92948160535117,1.99,0.54,30.27,26.3,4.149716373012463,19.2963644177052,3.477354965585054,78.0,2017,3,6,Summer
Amritsar,2017-03-07,44.3,52.12,9.4,5.32,33.92948160535117,2.4,0.36,28.74,20.63,4.149716373012463,19.2963644177052,3.477354965585054,72.0,2017,3,7,Summer
Amritsar,2017-03-08,41.23,52.75,11.18,7.88,33.92948160535117,2.51,0.39,21.4,22.44,4.149716373012463,19.2963644177052,3.477354965585054,71.0,2017,3,8,Summer
Amritsar,2017-03-09,29.88,33.2,10.64,11.66,33.92948160535117,2.31,0.36,4.26,21.11,4.149716373012463,19.2963644177052,3.477354965585054,59.0,2017,3,9,Summer
Amritsar,2017-03-10,37.93,43.69,12.84,15.11,33.92948160535117,2.05,0.2,6.38,25.06,4.149716373012463,19.2963644177052,3.477354965585054,73.0,2017,3,10,Summer
Amritsar,2017-03-11,32.46,50.76,10.93,19.67,33.92948160535117,6.82,0.0,4.71,18.79,4.149716373012463,19.2963644177052,3.477354965585054,56.0,2017,3,11,Summer
Amritsar,2017-03-12,25.65,54.59,12.14,26.15,33.92948160535117,11.73,0.0,8.32,15.64,4.149716373012463,19.2963644177052,3.477354965585054,55.0,2017,3,12,Summer
Amritsar,2017-03-13,41.36,77.43,11.4,25.88,33.92948160535117,11.71,0.0,4.75,20.27,4.149716373012463,19.2963644177052,3.477354965585054,69.0,2017,3,13,Summer
Amritsar,2017-03-14,51.88,86.64,9.24,25.21,33.92948160535117,11.76,0.0,7.72,30.34,4.149716373012463,19.2963644177052,3.477354965585054,80.0,2017,3,14,Summer
Amritsar,2017-03-15,51.59,86.11,10.03,26.05,33.92948160535117,12.33,0.0,9.06,24.63,4.149716373012463,19.2963644177052,3.477354965585054,89.0,2017,3,15,Summer
Amritsar,2017-03-16,45.46,82.73,13.23,26.38,33.92948160535117,12.56,0.0,2.94,19.36,0.0,0.0,0.0,79.0,2017,3,16,Summer
Amritsar,2017-03-17,152.17,93.68,13.86,27.06,33.92948160535117,12.45,0.0,3.17,21.78,4.149716373012463,19.2963644177052,3.477354965585054,262.0,2017,3,17,Summer
Ahmedabad,2015-01-28,73.24,82.9102228224173,5.72,21.11,25.84,13.535549399815327,5.72,36.52,62.42,0.03,0.01,1.41,294.76488095238096,2015,1,28,Winter
Ahmedabad,2015-01-29,83.13,82.9102228224173,6.93,28.71,33.72,13.535549399815327,6.93,49.52,59.76,0.02,0.0,3.14,209.0,2015,1,29,Winter
Ahmedabad,2015-01-30,79.84,82.9102228224173,13.85,28.68,41.08,13.535549399815327,13.85,48.49,97.07,0.04,0.0,4.81,328.0,2015,1,30,Winter
Ahmedabad,2015-01-31,94.52,82.9102228224173,24.39,32.66,52.61,13.535549399815327,24.39,67.39,111.33,0.24,0.01,7.67,514.0,2015,1,31,Winter
Ahmedabad,2015-02-01,135.99,82.9102228224173,43.48,42.08,84.57,13.535549399815327,43.48,75.23,102.7,0.4,0.04,25.87,782.0,2015,2,1,Winter
Ahmedabad,2015-02-02,178.33,82.9102228224173,54.56,35.31,72.8,13.535549399815327,54.56,55.04,107.38,0.46,0.06,35.61,914.0,2015,2,2,Winter
Ahmedabad,2015-02-03,139.7,82.9102228224173,30.61,28.4,56.73,13.535549399815327,30.61,33.79,73.6,0.17,0.03,11.87,660.0,2015,2,3,Winter
Ahmedabad,2015-02-04,80.65,82.9102228224173,2.37,22.83,24.0,13.535549399815327,2.37,25.73,47.3,0.0,0.0,0.0,294.0,2015,2,4,Winter
Ahmedabad,2015-02-05,58.36,82.9102228224173,2.6,21.39,23.31,13.535549399815327,2.6,32.66,53.54,0.0,0.0,0.0,149.0,2015,2,5,Winter
Ahmedabad,2015-02-06,79.29,82.9102228224173,1.16,26.94,26.83,13.535549399815327,1.16,67.41,59.3,0.0,0.0,0.0,190.0,2015,2,6,Winter
Ahmedabad,2015-02-07,88.7,82.9102228224173,7.29,31.32,37.73,13.535549399815327,7.29,80.09,44.76,0.0,0.0,0.0,247.0,2015,2,7,Winter
Ahmedabad,2015-02-08,74.28,82.9102228224173,8.92,27.3,33.42,13.535549399815327,8.92,54.28,47.42,0.0,0.0,0.27,379.0,2015,2,8,Winter
Ahmedabad,2015-02-09,113.93,82.9102228224173,4.32,24.27,26.86,13.535549399815327,4.32,48.73,39.94,0.02,0.0,3.55,341.0,2015,2,9,Winter
Ahmedabad,2015-02-10,105.39,82.9102228224173,1.41,18.21,18.75,13.535549399815327,1.41,35.91,56.15,0.0,0.0,3.31,256.0,2015,2,10,Winter
Ahmedabad,2015-02-11,66.52,82.9102228224173,6.34,23.8,28.24,13.535549399815327,6.34,66.58,53.14,9.7,9.63,16.49,388.0,2015,2,11,Winter
Ahmedabad,2015-02-12,65.04,82.9102228224173,14.19,30.1,44.21,13.535549399815327,14.19,65.91,31.88,7.72,17.46,2.51,288.0,2015,2,12,Winter
Ahmedabad,2015-02-13,103.36,82.9102228224173,18.18,39.56,57.33,13.535549399815327,18.18,80.43,40.11,11.29,24.35,3.35,510.0,2015,2,13,Winter
Ahmedabad,2015-02-14,177.33,82.9102228224173,37.49,47.58,77.85,13.535549399815327,37.49,99.72,36.47,17.0,52.66,6.98,761.0,2015,2,14,Winter
Ahmedabad,2015-02-15,113.25,82.9102228224173,15.55,30.5,44.87,13.535549399815327,15.55,69.71,33.78,10.47,28.53,3.22,475.0,2015,2,15,Winter
Ahmedabad,2015-02-16,99.7,82.9102228224173,19.85,28.1,47.31,13.535549399815327,19.85,73.23,30.57,10.28,31.25,4.0,536.0,2015,2,16,Winter
Ahmedabad,2015-02-17,80.61,82.9102228224173,15.96,21.04,35.67,13.535549399815327,15.96,54.7,36.2,8.14,18.75,2.52,479.0,2015,2,17,Winter
Ahmedabad,2015-02-18,100.79,82.9102228224173,16.24,25.93,41.91,13.535549399815327,16.24,43.11,37.43,10.0,32.41,4.04,592.0,2015,2,18,Winter
Ahmedabad,2015-02-19,107.99,82.9102228224173,11.25,30.09,40.47,13.535549399815327,11.25,84.86,31.94,9.2,24.03,3.25,427.0,2015,2,19,Winter
Ahmedabad,2015-02-20,140.29,82.9102228224173,33.84,36.14,68.85,13.535549399815327,33.84,101.53,40.98,20.12,43.51,7.48,588.0,2015,2,20,Winter
Ahmedabad,2015-02-21,239.96,82.9102228224173,61.95,46.25,106.92,13.535549399815327,61.95,84.87,33.55,22.14,53.98,15.44,1141.0,2015,2,21,Winter
Ahmedabad,2015-02-22,142.96,82.9102228224173,45.45,48.21,92.32,13.535549399815327,45.45,62.96,34.77,7.35,22.4,8.47,669.0,2015,2,22,Winter
Ahmedabad,2015-02-23,238.41,82.9102228224173,77.7,55.07,131.32,13.535549399815327,77.7,89.07,37.3,50.61,163.64,28.46,1247.0,2015,2,23,Winter
Ahmedabad,2015-02-24,118.72,82.9102228224173,12.56,32.01,42.56,13.535549399815327,12.56,61.54,38.8,16.89,46.52,6.05,411.0,2015,2,24,Winter
Ahmedabad,2015-02-25,52.99,82.9102228224173,2.23,10.45,10.39,13.535549399815327,2.23,32.76,67.25,3.85,11.39,0.81,292.0,2015,2,25,Winter
Ahmedabad,2015-03-01,61.12,82.9102228224173,3.58,16.81,20.92,13.535549399815327,3.58,28.44,30.48,2.69,1.58,1.32,294.76488095238096,2015,3,1,Summer
Ahmedabad,2015-03-02,60.78,82.9102228224173,9.07,18.21,27.34,13.535549399815327,9.07,29.48,34.75,2.05,0.55,0.22,189.0,2015,3,2,Summer
Ahmedabad,2015-03-03,91.83,82.9102228224173,12.99,28.71,40.76,13.535549399815327,12.99,39.71,38.46,2.69,1.74,2.25,408.0,2015,3,3,Summer
Ahmedabad,2015-03-04,93.88,82.9102228224173,18.21,29.38,47.01,13.535549399815327,18.21,62.75,46.79,5.21,2.55,1.55,383.0,2015,3,4,Summer
Ahmedabad,2015-03-05,173.01,82.9102228224173,48.44,42.27,90.73,13.535549399815327,48.44,78.76,59.39,9.72,9.96,4.13,780.0,2015,3,5,Summer
Ahmedabad,2015-03-07,105.45,82.9102228224173,2.5,16.1,18.66,13.535549399815327,2.5,29.29,69.9,17.77,5.75,0.39,294.76488095238096,2015,3,7,Summer
Ahmedabad,2015-03-08,71.56,82.9102228224173,3.51,16.83,20.32,13.535549399815327,3.51,30.28,57.16,3.95,8.01,0.63,190.0,2015,3,8,Summer
Ahmedabad,2015-03-09,119.8,82.9102228224173,4.13,24.07,27.9,13.535549399815327,4.13,50.35,50.49,4.85,12.15,1.35,233.0,2015,3,9,Summer
Ahmedabad,2015-03-10,106.71,82.9102228224173,5.39,25.59,30.51,13.535549399815327,5.39,38.85,60.17,5.58,14.17,1.74,297.0,2015,3,10,Summer
Ahmedabad,2015-03-11,118.49,82.9102228224173,4.11,28.94,31.83,13.535549399815327,4.11,54.2,53.61,7.9,21.32,2.78,330.0,2015,3,11,Summer
Ahmedabad,2015-03-12,106.01,82.9102228224173,4.28,27.31,30.54,13.535549399815327,4.28,70.29,40.91,9.45,15.54,1.71,252.0,2015,3,12,Summer
Ahmedabad,2015-03-13,97.34,82.9102228224173,3.67,21.58,24.62,13.535549399815327,3.67,64.39,45.69,5.61,15.02,2.25,244.0,2015,3,13,Summer
Ahmedabad,2015-03-14,83.92,82.9102228224173,6.42,25.03,30.8,13.535549399815327,6.42,67.53,34.94,8.24,21.47,3.09,234.0,2015,3,14,Summer
Ahmedabad,2015-03-15,49.51,82.9102228224173,3.1,14.16,16.15,13.535549399815327,3.1,48.33,37.95,4.34,11.34,1.09,219.0,2015,3,15,Summer
Ahmedabad,2015-03-16,30.76,82.9102228224173,2.72,14.14,16.98,13.535549399815327,2.72,43.62,54.78,3.58,9.38,0.84,118.0,2015,3,16,Summer
Ahmedabad,2015-03-17,50.29,82.9102228224173,5.34,29.84,33.28,13.535549399815327,5.34,59.23,45.44,5.45,15.12,1.65,231.0,2015,3,17,Summer
Ahmedabad,2015-03-18,57.69,82.9102228224173,25.36,29.48,54.79,13.535549399815327,25.36,58.33,52.87,9.55,32.11,4.53,286.0,2015,3,18,Summer
Ahmedabad,2015-03-19,105.06,82.9102228224173,46.24,37.05,82.23,13.535549399815327,46.24,53.62,45.65,20.89,75.36,12.7,883.0,2015,3,19,Summer
Ahmedabad,2015-03-20,94.1,82.9102228224173,22.14,36.53,57.49,13.535549399815327,22.14,61.31,46.77,17.5,52.01,7.9,720.0,2015,3,20,Summer
Ahmedabad,2015-03-21,111.89,82.9102228224173,22.25,43.29,64.53,13.535549399815327,22.25,66.44,50.57,18.03,56.86,8.86,570.0,2015,3,21,Summer
Ahmedabad,2015-03-22,108.59,82.9102228224173,25.38,39.34,63.01,13.535549399815327,25.38,75.8,46.68,15.78,48.41,7.07,589.0,2015,3,22,Summer
Ahmedabad,2015-03-23,130.76,82.9102228224173,45.61,41.03,85.76,13.535549399815327,45.61,65.77,41.58,24.12,85.31,12.56,818.0,2015,3,23,Summer
Ahmedabad,2015-03-24,143.55,82.9102228224173,27.3,31.15,57.16,13.535549399815327,27.3,50.98,35.38,18.61,72.78,10.15,737.0,2015,3,24,Summer
Ahmedabad,2015-03-25,165.07,82.9102228224173,23.83,34.48,57.71,13.535549399815327,23.83,64.32,43.79,29.14,64.01,8.51,585.0,2015,3,25,Summer
Ahmedabad,2015-03-26,166.85,82.9102228224173,17.93,43.3,60.07,13.535549399815327,17.93,79.71,53.44,24.09,67.38,9.76,616.0,2015,3,26,Summer
Ahmedabad,2015-03-27,147.38,82.9102228224173,6.4,35.82,40.22,13.535549399815327,6.4,46.89,17.94,14.23,41.88,5.7,437.0,2015,3,27,Summer
Ahmedabad,2015-03-28,158.25,82.9102228224173,5.86,27.89,32.65,13.535549399815327,5.86,142.36,38.54,13.67,21.24,2.83,321.0,2015,3,28,Summer
Ahmedabad,2015-03-29,237.76,82.9102228224173,4.99,21.8,25.37,13.535549399815327,4.99,96.28,39.77,8.68,14.95,1.28,372.0,2015,3,29,Summer
Ahmedabad,2015-03-30,133.37,82.9102228224173,3.88,17.99,21.02,13.535549399815327,3.88,57.34,39.66,5.76,11.74,1.04,339.0,2015,3,30,Summer
Ahmedabad,2015-03-31,133.3,82.9102228224173,6.52,20.0,26.18,13.535549399815327,6.52,51.58,59.03,9.94,21.13,2.31,339.0,2015,3,31,Summer
Ahmedabad,2015-04-01,96.04,82.9102228224173,3.8,20.07,23.46,13.535549399815327,3.8,62.42,46.61,7.54,13.44,1.65,324.0,2015,4,1,Summer
Ahmedabad,2015-04-02,77.69,82.9102228224173,5.24,18.87,23.06,13.535549399815327,5.24,100.48,27.14,9.49,11.77,1.6,222.0,2015,4,2,Summer
Ahmedabad,2015-04-03,53.07,82.9102228224173,4.17,13.82,17.45,13.535549399815327,4.17,40.36,21.76,4.47,6.94,0.42,169.0,2015,4,3,Summer
Ahmedabad,2015-04-04,63.11,82.9102228224173,5.63,15.5,18.49,13.535549399815327,5.63,38.21,4.72,5.2,8.17,0.73,220.0,2015,4,4,Summer
Ahmedabad,2015-04-05,156.76,82.9102228224173,3.92,16.7,20.97,13.535549399815327,3.92,26.32,37.11,3.88,10.78,0.97,294.76488095238096,2015,4,5,Summer
Ahmedabad,2015-04-06,120.96,82.9102228224173,4.23,20.86,25.02,13.535549399815327,4.23,35.54,35.66,6.05,15.85,1.68,303.0,2015,4,6,Summer
Ahmedabad,2015-04-07,138.63,82.9102228224173,5.65,25.47,30.67,13.535549399815327,5.65,87.43,29.77,11.25,24.67,3.12,314.0,2015,4,7,Summer
Ahmedabad,2015-04-08,144.36,82.9102228224173,15.82,30.69,46.1,13.535549399815327,15.82,66.39,27.34,17.22,49.56,7.71,378.0,2015,4,8,Summer
Ahmedabad,2015-04-09,85.03,82.9102228224173,3.3,26.7,27.41,13.535549399815327,3.3,59.16,35.89,7.58,29.19,4.08,415.0,2015,4,9,Summer
Ahmedabad,2015-04-10,134.6,82.9102228224173,5.9,26.27,28.7,13.535549399815327,5.9,34.53,7.0,0.0,0.0,0.0,294.76488095238096,2015,4,10,Summer
Ahmedabad,2015-04-11,61.06,82.9102228224173,3.52,14.03,17.59,13.535549399815327,3.52,8.08,19.54,0.0,0.0,0.01,126.0,2015,4,11,Summer
Ahmedabad,2015-04-12,39.42,82.9102228224173,5.28,19.56,24.66,13.535549399815327,5.28,17.66,31.3,0.0,0.0,0.0,175.0,2015,4,12,Summer
Ahmedabad,2015-04-13,111.86,82.9102228224173,3.89,22.51,25.17,13.535549399815327,3.89,15.84,31.23,0.0,0.0,0.0,226.0,2015,4,13,Summer
Ahmedabad,2015-04-14,58.37,82.9102228224173,5.74,21.71,27.69,13.535549399815327,5.74,25.9,43.92,2.15,10.46,5.4,244.0,2015,4,14,Summer
Ahmedabad,2015-04-15,95.37,82.9102228224173,18.01,26.23,44.34,13.535549399815327,18.01,13.59,41.64,1.21,3.28,20.78,315.0,2015,4,15,Summer
Ahmedabad,2015-04-16,141.3,82.9102228224173,30.8,36.88,66.53,13.535549399815327,30.8,41.06,37.66,0.66,0.01,28.13,678.0,2015,4,16,Summer
Ahmedabad,2015-04-17,106.68,82.9102228224173,19.91,46.38,54.77,13.535549399815327,19.91,31.56,48.49,1.67,0.0,15.95,774.0,2015,4,17,Summer
Ahmedabad,2015-04-18,109.48,82.9102228224173,4.3,20.27,22.86,13.535549399815327,4.3,46.6,31.34,0.05,0.0,6.19,285.0,2015,4,18,Summer
Ahmedabad,2015-04-19,126.04,82.9102228224173,6.99,20.18,26.78,13.535549399815327,6.99,79.56,28.71,0.2,0.0,6.4,321.0,2015,4,19,Summer
Ahmedabad,2015-04-20,71.22,82.9102228224173,16.73,21.32,37.58,13.535549399815327,16.73,50.09,28.39,1.38,23.54,6.09,358.0,2015,4,20,Summer
Ahmedabad,2015-04-21,97.87,82.9102228224173,6.3,17.96,23.45,13.535549399815327,6.3,13.85,34.16,0.21,4.91,2.95,357.0,2015,4,21,Summer
Ahmedabad,2015-04-22,63.38,82.9102228224173,3.44,13.28,15.44,13.535549399815327,3.44,24.79,43.62,0.0,0.0,1.23,189.0,2015,4,22,Summer
Ahmedabad,2015-04-23,75.29,82.9102228224173,3.35,14.29,17.97,13.535549399815327,3.35,76.05,60.71,0.0,0.01,2.27,294.76488095238096,2015,4,23,Summer
Ahmedabad,2015-04-24,80.9,82.9102228224173,5.7,18.62,24.23,13.535549399815327,5.7,65.44,22.8,0.05,0.09,3.46,214.0,2015,4,24,Summer
Ahmedabad,2015-04-25,103.29,82.9102228224173,4.55,19.82,23.69,13.535549399815327,4.55,85.42,22.18,0.06,1.17,2.58,253.0,2015,4,25,Summer
Ahmedabad,2015-04-26,107.5,82.9102228224173,5.29,15.56,19.73,13.535549399815327,5.29,74.37,10.12,0.09,0.16,2.91,239.0,2015,4,26,Summer
Ahmedabad,2015-04-27,161.14,82.9102228224173,3.11,14.77,16.12,13.535549399815327,3.11,118.35,59.73,0.0,2.55,0.0,294.76488095238096,2015,4,27,Summer
Ahmedabad,2015-04-28,102.58,82.9102228224173,3.88,12.74,16.82,13.535549399815327,3.88,41.94,26.89,0.02,6.4,0.76,294.76488095238096,2015,4,28,Summer
Ahmedabad,2015-04-29,138.42,82.9102228224173,5.05,16.7,21.56,13.535549399815327,5.05,77.74,27.18,0.01,0.88,2.01,300.0,2015,4,29,Summer
Ahmedabad,2015-04-30,129.04,82.9102228224173,5.69,14.86,19.66,13.535549399815327,5.69,78.27,18.67,0.0,0.0,1.54,317.0,2015,4,30,Summer
Ahmedabad,2015-05-01,96.65,82.9102228224173,4.67,15.9,20.53,13.535549399815327,4.67,39.41,11.83,0.01,0.0,3.11,240.0,2015,5,1,Summer
Ahmedabad,2015-05-02,126.77,82.9102228224173,15.69,23.93,39.73,13.535549399815327,15.69,93.18,36.71,0.22,0.04,10.0,344.0,2015,5,2,Summer
Ahmedabad,2015-05-03,106.15,82.9102228224173,13.12,23.02,35.05,13.535549399815327,13.12,65.95,81.6,0.3,0.02,9.69,503.0,2015,5,3,Summer
Ahmedabad,2015-05-04,86.31,82.9102228224173,2.69,10.5,10.9,13.535549399815327,2.69,50.13,90.54,0.47,0.15,12.8,308.0,2015,5,4,Summer
Ahmedabad,2015-05-05,83.99,82.9102228224173,2.73,0.08,2.75,13.535549399815327,2.73,34.06,69.57,0.28,0.05,8.97,227.0,2015,5,5,Summer
Ahmedabad,2015-05-06,65.11,82.9102228224173,3.14,4.58,6.75,13.535549399815327,3.14,22.27,32.26,0.17,0.04,5.84,120.0,2015,5,6,Summer
Ahmedabad,2015-05-07,51.03,82.9102228224173,6.24,20.47,26.2,13.535549399815327,6.24,15.5,31.44,0.0,0.0,1.29,158.0,2015,5,7,Summer
Ahmedabad,2015-05-08,38.73,82.9102228224173,8.0,19.28,26.61,13.535549399815327,8.0,20.13,25.7,0.0,0.0,2.08,177.0,2015,5,8,Summer
Ahmedabad,2015-05-09,61.12,82.9102228224173,9.94,17.82,27.18,13.535549399815327,9.94,39.69,25.9,0.0,0.0,3.49,201.0,2015,5,9,Summer
Ahmedabad,2015-05-10,58.44,82.9102228224173,10.68,17.24,27.38,13.535549399815327,10.68,54.69,18.89,0.0,0.0,1.39,211.0,2015,5,10,Summer
Ahmedabad,2015-05-11,61.49,82.9102228224173,11.44,16.69,27.61,13.535549399815327,11.44,42.66,18.2,0.01,0.0,2.59,221.0,2015,5,11,Summer
Ahmedabad,2015-05-12,65.39,82.9102228224173,12.3,16.08,27.86,13.535549399815327,12.3,27.96,22.35,0.0,0.0,2.29,233.0,2015,5,12,Summer
Ahmedabad,2015-05-13,100.92,82.9102228224173,20.42,18.9,37.83,13.535549399815327,20.42,31.9,22.84,4.9,19.26,8.21,481.0,2015,5,13,Summer
Ahmedabad,2015-05-14,97.48,82.9102228224173,5.31,30.02,33.62,13.535549399815327,5.31,36.05,16.26,10.6,34.91,3.85,352.0,2015,5,14,Summer
Ahmedabad,2015-05-15,129.27,82.9102228224173,14.28,28.33,41.92,13.535549399815327,14.28,70.13,25.4,16.9,44.19,4.97,327.0,2015,5,15,Summer
Ahmedabad,2015-05-16,129.58,82.9102228224173,21.23,28.79,45.4,13.535549399815327,21.23,17.66,34.42,20.53,85.73,11.56,577.0,2015,5,16,Summer
Ahmedabad,2015-05-17,100.57,82.9102228224173,7.56,18.79,24.33,13.535549399815327,7.56,38.76,38.83,4.92,17.94,1.54,411.0,2015,5,17,Summer
Ahmedabad,2015-05-18,130.34,82.9102228224173,7.14,17.43,23.72,13.535549399815327,7.14,52.07,29.05,5.05,14.0,1.3,212.0,2015,5,18,Summer
Ahmedabad,2015-05-19,53.24,82.9102228224173,8.05,15.86,23.34,13.535549399815327,8.05,36.23,21.58,5.23,15.0,1.02,280.0,2015,5,19,Summer
Ahmedabad,2015-05-20,42.0,82.9102228224173,10.44,18.16,21.8,13.535549399815327,10.44,17.0,25.5,0.0,0.0,0.0,162.0,2015,5,20,Summer
Ahmedabad,2015-05-21,50.1,82.9102228224173,9.46,14.9,22.5,13.535549399815327,9.46,30.67,12.91,0.41,1.89,1.44,294.76488095238096,2015,5,21,Summer
Ahmedabad,2015-05-22,83.69,82.9102228224173,10.89,17.18,27.15,13.535549399815327,10.89,41.12,35.61,12.62,20.2,17.84,569.0,2015,5,22,Summer
Ahmedabad,2015-05-23,38.88,82.9102228224173,2.18,16.28,17.74,13.535549399815327,2.18,26.4,12.47,3.0,6.96,6.37,128.0,2015,5,23,Summer
Ahmedabad,2015-05-24,46.89,82.9102228224173,2.96,16.17,18.49,13.535549399815327,2.96,41.96,10.74,3.41,8.87,3.53,129.0,2015,5,24,Summer
Ahmedabad,2015-05-25,70.96,82.9102228224173,4.12,15.47,19.28,13.535549399815327,4.12,23.67,16.01,3.72,8.13,4.06,152.0,2015,5,25,Summer
Ahmedabad,2015-05-26,53.66,82.9102228224173,4.23,14.43,18.06,13.535549399815327,4.23,14.46,45.64,2.39,6.4,3.53,176.0,2015,5,26,Summer
Ahmedabad,2015-05-27,45.49,82.9102228224173,4.26,13.73,17.1,13.535549399815327,4.26,12.85,71.85,2.5,5.96,3.36,167.0,2015,5,27,Summer
Ahmedabad,2015-05-28,60.86,82.9102228224173,5.27,16.61,21.42,13.535549399815327,5.27,14.91,41.19,3.03,9.18,6.54,106.0,2015,5,28,Summer
Ahmedabad,2015-05-29,51.93,82.9102228224173,13.71,17.87,31.64,13.535549399815327,13.71,15.33,12.88,6.32,19.17,10.57,231.0,2015,5,29,Summer
Ahmedabad,2015-05-30,77.87,82.9102228224173,6.67,17.12,23.0,13.535549399815327,6.67,46.82,16.67,4.79,9.78,5.1,327.0,2015,5,30,Summer
Ahmedabad,2015-05-31,57.59,82.9102228224173,5.6,15.47,20.42,13.535549399815327,5.6,41.68,25.51,2.64,6.3,3.08,174.0,2015,5,31,Summer
Ahmedabad,2015-06-01,77.22,82.9102228224173,7.02,15.47,21.13,13.535549399815327,7.02,71.97,9.56,3.74,8.45,1.17,185.0,2015,6,1,Monsoon
Ahmedabad,2015-06-02,45.29,82.9102228224173,7.25,12.74,19.66,13.535549399815327,7.25,18.64,6.32,2.73,6.99,0.76,179.0,2015,6,2,Monsoon
Ahmedabad,2015-06-03,103.78,82.9102228224173,6.36,13.9,19.86,13.535549399815327,6.36,7.76,15.27,0.82,1.37,0.81,211.0,2015,6,3,Monsoon
Ahmedabad,2015-06-04,25.14,82.9102228224173,6.01,18.73,24.74,13.535549399815327,6.01,38.05,38.52,0.0,0.0,0.0,192.0,2015,6,4,Monsoon
Ahmedabad,2015-06-05,87.03,82.9102228224173,8.05,17.88,25.53,13.535549399815327,8.05,23.84,48.22,0.0,0.0,0.0,310.0,2015,6,5,Monsoon
Ahmedabad,2015-06-06,89.6,82.9102228224173,6.59,19.84,25.9,13.535549399815327,6.59,48.05,44.78,0.0,0.0,0.0,223.0,2015,6,6,Monsoon
Ahmedabad,2015-06-07,80.69,82.9102228224173,6.86,16.07,22.25,13.535549399815327,6.86,39.85,32.65,0.0,0.0,0.0,192.0,2015,6,7,Monsoon
Ahmedabad,2015-06-08,44.75,82.9102228224173,7.76,16.53,24.29,13.535549399815327,7.76,9.89,8.07,0.0,0.0,0.0,191.0,2015,6,8,Monsoon
Ahmedabad,2015-06-09,38.11,82.9102228224173,7.41,11.62,19.03,13.535549399815327,7.41,3.13,6.69,2.5,5.93,0.74,184.0,2015,6,9,Monsoon
Ahmedabad,2015-06-10,45.5,82.9102228224173,8.56,15.59,24.15,13.535549399815327,8.56,0.76,3.82,5.09,8.52,1.82,220.0,2015,6,10,Monsoon
Ahmedabad,2015-06-11,36.98,82.9102228224173,8.21,11.52,19.74,13.535549399815327,8.21,0.52,5.17,3.63,8.16,1.33,215.0,2015,6,11,Monsoon
Ahmedabad,2015-06-12,43.58,82.9102228224173,8.26,13.33,21.58,13.535549399815327,8.26,1.02,7.56,3.59,6.79,1.5,226.0,2015,6,12,Monsoon
Ahmedabad,2015-06-13,45.49,82.9102228224173,9.63,14.91,24.53,13.535549399815327,9.63,0.81,2.94,3.67,6.62,1.17,251.0,2015,6,13,Monsoon
Ahmedabad,2015-06-14,38.06,82.9102228224173,8.67,18.57,27.25,13.535549399815327,8.67,1.05,4.63,2.85,5.12,0.74,216.0,2015,6,14,Monsoon
Ahmedabad,2015-06-15,45.41,82.9102228224173,9.35,20.55,29.9,13.535549399815327,9.35,0.74,4.5,2.83,7.18,0.82,237.0,2015,6,15,Monsoon
Ahmedabad,2015-06-16,37.71,82.9102228224173,8.54,16.26,24.8,13.535549399815327,8.54,0.87,4.6,2.52,7.61,0.81,198.0,2015,6,16,Monsoon
Ahmedabad,2015-06-17,32.37,82.9102228224173,7.53,14.36,21.89,13.535549399815327,7.53,2.17,12.17,1.88,7.92,0.69,195.0,2015,6,17,Monsoon
Ahmedabad,2015-06-18,34.74,82.9102228224173,7.59,13.51,21.11,13.535549399815327,7.59,4.11,12.22,1.82,6.19,0.47,187.0,2015,6,18,Monsoon
Ahmedabad,2015-06-19,32.56,82.9102228224173,7.34,13.91,21.25,13.535549399815327,7.34,4.04,11.85,2.55,9.3,0.97,181.0,2015,6,19,Monsoon
Ahmedabad,2015-06-20,29.28,82.9102228224173,7.55,11.68,19.23,13.535549399815327,7.55,4.01,12.64,1.64,7.0,0.62,179.0,2015,6,20,Monsoon
Ahmedabad,2015-06-21,20.46,82.9102228224173,7.15,10.61,17.76,13.535549399815327,7.15,5.62,12.7,1.26,5.17,0.32,188.0,2015,6,21,Monsoon
Ahmedabad,2015-06-22,26.07,82.9102228224173,7.99,11.07,19.06,13.535549399815327,7.99,4.1,10.57,1.5,6.9,0.63,190.0,2015,6,22,Monsoon
Ahmedabad,2015-06-23,21.43,82.9102228224173,7.45,11.16,18.62,13.535549399815327,7.45,4.99,7.38,1.4,6.69,0.76,185.0,2015,6,23,Monsoon
Ahmedabad,2015-06-24,11.91,82.9102228224173,7.34,10.1,17.44,13.535549399815327,7.34,10.86,5.47,1.3,12.23,0.73,189.0,2015,6,24,Monsoon
Ahmedabad,2015-06-25,57.75,82.9102228224173,8.68,9.68,18.36,13.535549399815327,8.68,12.28,3.06,1.98,6.51,0.74,196.0,2015,6,25,Monsoon
Ahmedabad,2015-06-26,66.39,82.9102228224173,8.58,12.79,21.36,13.535549399815327,8.58,11.09,4.96,1.76,6.18,0.57,201.0,2015,6,26,Monsoon
Ahmedabad,2015-06-27,62.61,82.9102228224173,9.15,9.83,18.98,13.535549399815327,9.15,12.31,6.44,1.87,5.47,0.37,231.0,2015,6,27,Monsoon
Ahmedabad,2015-06-28,47.5,82.9102228224173,8.07,9.53,17.59,13.535549399815327,8.07,13.91,7.28,1.34,3.97,0.12,196.0,2015,6,28,Monsoon
Ahmedabad,2015-06-29,111.8,82.9102228224173,9.23,11.51,20.74,13.535549399815327,9.23,5.27,5.99,1.84,5.69,0.28,220.0,2015,6,29,Monsoon
Ahmedabad,2015-06-30,30.0,82.9102228224173,8.87,13.59,22.64,13.535549399815327,8.87,8.09,6.31,1.32,4.59,0.16,244.0,2015,6,30,Monsoon
Ahmedabad,2015-07-01,4.66,82.9102228224173,9.01,10.9,20.36,13.535549399815327,9.01,7.31,6.38,1.27,3.94,0.13,223.0,2015,7,1,Monsoon
Ahmedabad,2015-07-02,48.72,82.9102228224173,9.56,11.94,21.5,13.535549399815327,9.56,5.72,6.61,1.77,4.96,0.39,230.0,2015,7,2,Monsoon
Ahmedabad,2015-07-03,49.7,82.9102228224173,9.43,9.81,19.23,13.535549399815327,9.43,6.78,6.42,2.0,4.79,0.31,243.0,2015,7,3,Monsoon
Ahmedabad,2015-07-04,48.1,82.9102228224173,8.03,9.53,17.57,13.535549399815327,8.03,9.33,7.6,1.68,4.41,0.18,215.0,2015,7,4,Monsoon
Ahmedabad,2015-07-05,47.43,82.9102228224173,8.11,9.45,17.56,13.535549399815327,8.11,7.93,7.08,2.1,3.6,0.13,199.0,2015,7,5,Monsoon
Ahmedabad,2015-07-06,51.74,82.9102228224173,8.91,12.38,21.28,13.535549399815327,8.91,10.05,5.78,2.15,3.64,0.27,200.0,2015,7,6,Monsoon
Ahmedabad,2015-07-07,42.68,82.9102228224173,9.74,11.08,20.82,13.535549399815327,9.74,10.87,4.44,1.62,4.96,0.39,226.0,2015,7,7,Monsoon
Ahmedabad,2015-07-08,38.45,82.9102228224173,10.55,7.8,18.35,13.535549399815327,10.55,10.28,3.24,2.46,4.79,0.41,241.0,2015,7,8,Monsoon
Ahmedabad,2015-07-09,46.69,82.9102228224173,11.48,0.17,11.64,13.535549399815327,11.48,10.25,5.76,1.77,4.34,0.15,222.0,2015,7,9,Monsoon
Ahmedabad,2015-07-10,55.27,82.9102228224173,11.55,0.12,11.66,13.535549399815327,11.55,12.7,6.55,1.69,4.17,0.22,223.0,2015,7,10,Monsoon
Ahmedabad,2015-07-11,149.03,82.9102228224173,11.49,0.16,11.65,13.535549399815327,11.49,10.07,7.27,1.71,5.72,0.19,248.0,2015,7,11,Monsoon
Ahmedabad,2015-07-12,86.57,82.9102228224173,11.47,0.17,11.64,13.535549399815327,11.47,11.09,6.53,1.57,3.85,0.09,300.0,2015,7,12,Monsoon
Ahmedabad,2015-07-13,111.77,82.9102228224173,11.3,0.24,11.53,13.535549399815327,11.3,7.73,4.67,1.72,4.52,0.16,232.0,2015,7,13,Monsoon
Ahmedabad,2015-07-14,151.4,82.9102228224173,10.8,0.36,11.16,13.535549399815327,10.8,7.8,5.46,0.95,3.54,0.12,330.0,2015,7,14,Monsoon
Ahmedabad,2015-07-15,51.35,82.9102228224173,8.0,2.69,10.67,13.535549399815327,8.0,10.0,5.76,1.54,4.32,0.35,223.0,2015,7,15,Monsoon
Ahmedabad,2015-07-16,65.37,82.9102228224173,0.64,8.07,8.57,13.535549399815327,0.64,16.31,8.02,1.63,4.34,0.28,105.0,2015,7,16,Monsoon
Ahmedabad,2015-07-17,56.28,82.9102228224173,0.6,8.02,8.51,13.535549399815327,0.6,18.93,6.2,1.52,3.74,0.29,101.0,2015,7,17,Monsoon
Ahmedabad,2015-07-18,48.17,82.9102228224173,0.65,8.0,8.55,13.535549399815327,0.65,18.99,7.97,1.23,4.74,0.12,93.0,2015,7,18,Monsoon
Ahmedabad,2015-07-19,33.56,82.9102228224173,0.72,7.89,8.56,13.535549399815327,0.72,11.28,10.18,0.61,3.85,0.08,67.0,2015,7,19,Monsoon
Ahmedabad,2015-07-20,31.3,82.9102228224173,0.55,8.1,8.49,13.535549399815327,0.55,10.29,7.44,0.52,2.31,0.06,60.0,2015,7,20,Monsoon
Ahmedabad,2015-07-21,48.12,82.9102228224173,0.67,7.9,8.43,13.535549399815327,0.67,1.28,6.3,5.0,21.75,1.54,294.76488095238096,2015,7,21,Monsoon
Ahmedabad,2015-07-22,57.11,82.9102228224173,0.55,8.28,8.42,13.535549399815327,0.55,14.58,2.6,2.81,14.53,1.87,90.0,2015,7,22,Monsoon
Ahmedabad,2015-07-23,34.72,82.9102228224173,0.1,9.73,7.88,13.535549399815327,0.1,13.62,4.87,1.44,5.22,0.38,78.0,2015,7,23,Monsoon
Ahmedabad,2015-07-24,29.22,82.9102228224173,0.06,9.57,7.77,13.535549399815327,0.06,13.58,5.08,1.37,3.65,0.32,48.0,2015,7,24,Monsoon
Ahmedabad,2015-07-25,29.79,82.9102228224173,0.14,8.64,7.97,13.535549399815327,0.14,15.11,5.34,0.36,1.05,0.14,53.0,2015,7,25,Monsoon
Ahmedabad,2015-07-26,59.95,82.9102228224173,0.18,8.78,8.16,13.535549399815327,0.18,11.52,2.79,0.52,1.23,0.22,91.0,2015,7,26,Monsoon
Ahmedabad,2015-07-27,19.2,82.9102228224173,1.52,9.45,9.74,13.535549399815327,1.52,11.23,4.61,1.29,3.29,0.15,70.0,2015,7,27,Monsoon
Ahmedabad,2015-07-28,19.52,82.9102228224173,5.89,11.26,17.15,13.535549399815327,5.89,11.56,4.4,0.58,1.44,0.07,157.0,2015,7,28,Monsoon
Ahmedabad,2015-07-29,35.16,82.9102228224173,5.75,10.89,16.64,13.535549399815327,5.75,14.7,3.67,1.61,3.71,0.48,158.0,2015,7,29,Monsoon
Ahmedabad,2015-07-30,33.03,82.9102228224173,7.01,10.58,17.58,13.535549399815327,7.01,12.95,3.53,1.65,3.96,0.37,169.0,2015,7,30,Monsoon
Ahmedabad,2015-07-31,40.95,82.9102228224173,6.92,10.47,17.39,13.535549399815327,6.92,19.8,3.38,2.05,5.08,0.44,174.0,2015,7,31,Monsoon
Ahmedabad,2015-08-01,40.29,82.9102228224173,6.74,10.52,17.26,13.535549399815327,6.74,8.27,3.57,1.85,4.34,0.39,173.0,2015,8,1,Monsoon
Ahmedabad,2015-08-02,41.16,82.9102228224173,6.91,10.51,17.42,13.535549399815327,6.91,13.48,3.69,1.8,4.23,0.33,172.0,2015,8,2,Monsoon
Ahmedabad,2015-08-03,36.12,82.9102228224173,7.21,11.56,17.07,13.535549399815327,7.21,13.62,6.08,1.67,2.85,0.11,190.0,2015,8,3,Monsoon
Ahmedabad,2015-08-04,28.51,82.9102228224173,6.69,20.52,27.21,13.535549399815327,6.69,5.69,7.65,1.36,2.17,0.09,171.0,2015,8,4,Monsoon
Ahmedabad,2015-08-05,31.59,82.9102228224173,6.99,20.42,27.41,13.535549399815327,6.99,9.23,7.9,0.72,2.29,0.12,168.0,2015,8,5,Monsoon
Ahmedabad,2015-08-06,42.56,82.9102228224173,7.17,20.4,27.57,13.535549399815327,7.17,6.28,9.86,1.36,2.94,0.28,172.0,2015,8,6,Monsoon
Ahmedabad,2015-08-07,48.12,82.9102228224173,7.14,20.3,27.45,13.535549399815327,7.14,6.77,12.78,1.22,3.39,0.26,173.0,2015,8,7,Monsoon
Ahmedabad,2015-08-08,37.09,82.9102228224173,7.22,20.21,27.42,13.535549399815327,7.22,8.66,7.94,0.86,2.98,0.16,175.0,2015,8,8,Monsoon
Ahmedabad,2015-08-09,33.4,82.9102228224173,7.4,20.09,27.5,13.535549399815327,7.4,9.95,8.39,0.8,2.13,0.07,179.0,2015,8,9,Monsoon
Ahmedabad,2015-08-10,38.64,82.9102228224173,7.35,20.21,27.55,13.535549399815327,7.35,9.74,6.28,1.31,2.8,0.27,174.0,2015,8,10,Monsoon
Ahmedabad,2015-08-11,40.49,82.9102228224173,7.48,20.23,27.71,13.535549399815327,7.48,8.92,21.51,1.17,3.0,0.11,176.0,2015,8,11,Monsoon
Ahmedabad,2015-08-12,41.37,82.9102228224173,7.47,20.2,27.68,13.535549399815327,7.47,11.73,19.8,1.82,2.85,0.17,179.0,2015,8,12,Monsoon
Ahmedabad,2015-08-13,44.56,82.9102228224173,7.49,20.06,27.55,13.535549399815327,7.49,11.23,22.77,1.38,3.36,0.44,175.0,2015,8,13,Monsoon
Ahmedabad,2015-08-14,65.68,82.9102228224173,7.57,19.94,27.51,13.535549399815327,7.57,8.21,30.21,3.62,5.79,1.0,177.0,2015,8,14,Monsoon
Ahmedabad,2015-08-15,33.34,82.9102228224173,7.3,20.27,27.57,13.535549399815327,7.3,6.41,32.95,0.0,0.0,0.02,175.0,2015,8,15,Monsoon
Ahmedabad,2015-08-16,39.17,82.9102228224173,7.35,20.24,27.58,13.535549399815327,7.35,9.17,26.64,0.79,0.76,0.14,174.0,2015,8,16,Monsoon
Ahmedabad,2015-08-17,34.0,82.9102228224173,7.41,20.1,27.51,13.535549399815327,7.41,9.64,17.17,1.21,1.8,0.15,179.0,2015,8,17,Monsoon
Ahmedabad,2015-08-18,36.38,82.9102228224173,7.31,20.14,27.45,13.535549399815327,7.31,10.65,13.35,2.0,4.33,0.35,177.0,2015,8,18,Monsoon
Ahmedabad,2015-08-19,38.35,82.9102228224173,7.41,20.16,27.57,13.535549399815327,7.41,9.33,18.59,1.63,3.74,0.35,180.0,2015,8,19,Monsoon
Ahmedabad,2015-08-20,38.5,82.9102228224173,12.38,19.67,30.02,13.535549399815327,12.38,10.37,16.33,1.56,2.97,0.42,274.0,2015,8,20,Monsoon
Ahmedabad,2015-08-21,39.61,82.9102228224173,17.31,14.84,32.15,13.535549399815327,17.31,10.76,5.38,1.67,3.17,0.24,310.0,2015,8,21,Monsoon
Ahmedabad,2015-08-22,61.79,82.9102228224173,17.24,14.82,32.06,13.535549399815327,17.24,12.39,8.06,0.91,1.81,0.2,303.0,2015,8,22,Monsoon
Ahmedabad,2015-08-23,43.22,82.9102228224173,17.17,14.82,31.99,13.535549399815327,17.17,11.68,37.87,1.29,3.06,0.14,302.0,2015,8,23,Monsoon
Ahmedabad,2015-08-24,33.41,82.9102228224173,17.12,14.86,31.98,13.535549399815327,17.12,12.96,86.83,1.08,2.1,0.05,302.0,2015,8,24,Monsoon
Ahmedabad,2015-08-25,36.9,82.9102228224173,17.08,14.85,31.93,13.535549399815327,17.08,4.73,54.01,0.91,1.25,0.16,302.0,2015,8,25,Monsoon
Ahmedabad,2015-08-26,36.36,82.9102228224173,17.11,14.79,31.9,13.535549399815327,17.11,8.86,77.3,0.0,0.0,0.06,302.0,2015,8,26,Monsoon
Ahmedabad,2015-08-27,32.64,82.9102228224173,17.01,14.84,31.85,13.535549399815327,17.01,7.05,62.31,0.0,0.0,0.01,302.0,2015,8,27,Monsoon
Ahmedabad,2015-08-28,38.23,82.9102228224173,17.07,14.89,31.96,13.535549399815327,17.07,10.9,55.94,0.0,0.0,0.01,302.0,2015,8,28,Monsoon
Ahmedabad,2015-08-29,39.86,82.9102228224173,16.98,14.83,31.81,13.535549399815327,16.98,10.02,96.83,0.0,0.01,0.02,301.0,2015,8,29,Monsoon
Ahmedabad,2015-08-30,72.74,82.9102228224173,17.04,14.84,31.88,13.535549399815327,17.04,4.23,99.03,0.0,0.0,0.0,302.0,2015,8,30,Monsoon
Ahmedabad,2015-08-31,43.2,82.9102228224173,17.05,14.86,31.91,13.535549399815327,17.05,5.96,59.99,0.0,0.0,0.11,302.0,2015,8,31,Monsoon
Ahmedabad,2015-09-01,63.2,82.9102228224173,17.03,14.82,31.85,13.535549399815327,17.03,3.69,7.57,0.0,0.0,0.0,302.0,2015,9,1,Monsoon
Ahmedabad,2015-09-02,64.73,82.9102228224173,17.01,14.82,31.83,13.535549399815327,17.01,6.45,12.13,0.0,0.0,0.0,302.0,2015,9,2,Monsoon
Ahmedabad,2015-09-03,65.28,82.9102228224173,17.04,14.85,31.89,13.535549399815327,17.04,6.13,18.2,0.0,0.0,0.0,301.0,2015,9,3,Monsoon
Ahmedabad,2015-09-04,67.86,82.9102228224173,16.97,14.87,31.84,13.535549399815327,16.97,8.87,16.53,0.0,0.0,0.0,302.0,2015,9,4,Monsoon
Ahmedabad,2015-09-05,52.4,82.9102228224173,16.97,14.81,31.78,13.535549399815327,16.97,9.89,22.55,0.0,0.0,0.0,301.0,2015,9,5,Monsoon
Ahmedabad,2015-09-06,33.33,82.9102228224173,16.95,14.89,31.84,13.535549399815327,16.95,6.88,33.58,0.0,0.0,0.0,302.0,2015,9,6,Monsoon
Ahmedabad,2015-09-07,29.52,82.9102228224173,16.94,14.88,31.82,13.535549399815327,16.94,8.56,40.65,0.0,0.0,0.02,301.0,2015,9,7,Monsoon
Ahmedabad,2015-09-08,15.53,82.9102228224173,17.0,14.85,31.85,13.535549399815327,17.0,15.13,34.18,0.0,0.0,0.0,301.0,2015,9,8,Monsoon
Ahmedabad,2015-09-09,57.51,82.9102228224173,16.31,50.9,67.22,13.535549399815327,16.31,8.73,15.39,0.0,10.52,4.88,294.76488095238096,2015,9,9,Monsoon
Ahmedabad,2015-09-10,50.24,82.9102228224173,9.46,12.31,21.77,13.535549399815327,9.46,11.63,13.61,0.0,3.42,0.29,226.0,2015,9,10,Monsoon
Ahmedabad,2015-09-11,61.77,82.9102228224173,8.68,15.43,24.1,13.535549399815327,8.68,8.1,18.69,0.0,4.83,0.38,276.0,2015,9,11,Monsoon
Ahmedabad,2015-09-12,46.93,82.9102228224173,7.14,11.47,18.61,13.535549399815327,7.14,7.92,19.03,0.0,3.08,0.12,209.0,2015,9,12,Monsoon
Ahmedabad,2015-09-13,43.01,82.9102228224173,6.82,9.96,16.78,13.535549399815327,6.82,11.58,20.59,0.0,2.5,0.13,179.0,2015,9,13,Monsoon
Ahmedabad,2015-09-14,42.06,82.9102228224173,8.43,11.35,19.78,13.535549399815327,8.43,11.63,28.09,0.0,3.19,0.2,197.0,2015,9,14,Monsoon
Ahmedabad,2015-09-15,44.94,82.9102228224173,7.14,10.94,18.07,13.535549399815327,7.14,5.85,59.38,0.0,2.21,0.24,229.0,2015,9,15,Monsoon
Ahmedabad,2015-09-16,29.58,82.9102228224173,6.61,9.94,16.55,13.535549399815327,6.61,8.82,42.9,0.0,1.87,0.13,170.0,2015,9,16,Monsoon
Ahmedabad,2015-09-17,32.15,82.9102228224173,6.5,9.7,16.2,13.535549399815327,6.5,9.2,39.02,0.0,2.73,0.19,164.0,2015,9,17,Monsoon
Ahmedabad,2015-09-18,36.33,82.9102228224173,7.68,12.88,20.56,13.535549399815327,7.68,8.28,43.35,0.0,4.29,0.36,195.0,2015,9,18,Monsoon
Ahmedabad,2015-09-19,24.46,82.9102228224173,8.45,10.99,19.44,13.535549399815327,8.45,12.59,44.55,0.0,2.52,0.17,220.0,2015,9,19,Monsoon
Ahmedabad,2015-09-21,27.08,82.9102228224173,9.95,12.25,22.19,13.535549399815327,9.95,9.51,12.46,0.0,4.77,0.32,294.76488095238096,2015,9,21,Monsoon
Ahmedabad,2015-09-22,59.29,82.9102228224173,9.21,9.68,18.89,13.535549399815327,9.21,5.98,7.69,0.0,3.24,0.19,217.0,2015,9,22,Monsoon
Ahmedabad,2015-09-23,65.32,82.9102228224173,10.61,9.62,20.23,13.535549399815327,10.61,3.69,4.74,0.0,3.63,0.24,254.0,2015,9,23,Monsoon
Ahmedabad,2015-09-24,47.39,82.9102228224173,9.26,10.48,19.74,13.535549399815327,9.26,7.72,7.71,0.0,3.41,0.21,241.0,2015,9,24,Monsoon
Ahmedabad,2015-09-25,43.88,82.9102228224173,8.69,19.75,28.44,13.535549399815327,8.69,4.83,11.53,0.0,3.24,0.16,244.0,2015,9,25,Monsoon
Ahmedabad,2015-09-26,28.35,82.9102228224173,9.05,13.62,22.68,13.535549399815327,9.05,7.47,15.95,0.0,3.26,0.21,243.0,2015,9,26,Monsoon
Ahmedabad,2015-09-27,3.59,82.9102228224173,11.26,14.17,25.44,13.535549399815327,11.26,9.6,20.38,0.0,4.02,0.46,244.0,2015,9,27,Monsoon
Ahmedabad,2015-09-28,3.04,82.9102228224173,16.31,21.5,37.81,13.535549399815327,16.31,13.73,30.05,0.02,9.33,0.81,327.0,2015,9,28,Monsoon
Ahmedabad,2015-09-29,19.14,82.9102228224173,10.33,30.6,40.93,13.535549399815327,10.33,10.96,29.36,0.0,8.36,1.0,390.0,2015,9,29,Monsoon
Ahmedabad,2015-09-30,69.12,82.9102228224173,8.85,32.41,41.26,13.535549399815327,8.85,15.63,28.45,0.0,7.16,0.73,231.0,2015,9,30,Monsoon
Ahmedabad,2015-10-01,76.41,82.9102228224173,17.96,34.7,52.67,13.535549399815327,17.96,15.44,31.49,0.0,7.51,1.15,396.0,2015,10,1,PostMonsoon
Ahmedabad,2015-10-02,102.49,82.9102228224173,33.31,37.85,71.17,13.535549399815327,33.31,27.32,24.85,19.81,51.29,15.05,731.0,2015,10,2,PostMonsoon
Ahmedabad,2015-10-03,127.94,82.9102228224173,11.14,28.38,39.52,13.535549399815327,11.14,25.59,15.17,8.14,29.23,3.24,466.0,2015,10,3,PostMonsoon
Ahmedabad,2015-10-04,87.18,82.9102228224173,7.83,21.51,29.34,13.535549399815327,7.83,6.98,23.17,5.59,17.26,2.28,230.0,2015,10,4,PostMonsoon
Ahmedabad,2015-10-05,99.73,82.9102228224173,20.16,30.23,50.39,13.535549399815327,20.16,32.74,20.91,8.58,27.22,4.15,309.0,2015,10,5,PostMonsoon
Ahmedabad,2015-10-06,84.15,82.9102228224173,15.83,32.1,47.93,13.535549399815327,15.83,19.37,23.12,8.34,23.83,4.0,519.0,2015,10,6,PostMonsoon
Ahmedabad,2015-10-07,92.12,82.9102228224173,18.21,32.5,50.71,13.535549399815327,18.21,31.75,29.97,6.26,26.4,4.3,397.0,2015,10,7,PostMonsoon
Ahmedabad,2015-10-08,94.02,82.9102228224173,27.14,36.97,64.11,13.535549399815327,27.14,24.88,23.51,10.85,41.2,6.14,517.0,2015,10,8,PostMonsoon
Ahmedabad,2015-10-09,150.27,82.9102228224173,15.9,34.86,50.77,13.535549399815327,15.9,26.35,31.96,9.13,37.83,5.06,653.0,2015,10,9,PostMonsoon
Ahmedabad,2015-10-10,118.91,82.9102228224173,5.42,29.22,34.64,13.535549399815327,5.42,79.47,24.89,6.23,12.93,1.74,355.0,2015,10,10,PostMonsoon
Ahmedabad,2015-10-11,91.41,82.9102228224173,5.19,23.45,28.63,13.535549399815327,5.19,25.44,6.25,0.69,1.25,0.05,227.0,2015,10,11,PostMonsoon
Ahmedabad,2015-10-12,95.9,82.9102228224173,10.38,33.63,44.01,13.535549399815327,10.38,30.06,27.34,3.24,11.06,1.76,316.0,2015,10,12,PostMonsoon
Ahmedabad,2015-10-13,137.87,82.9102228224173,20.2,32.98,53.18,13.535549399815327,20.2,21.89,17.41,12.76,39.39,12.08,536.0,2015,10,13,PostMonsoon
Ahmedabad,2015-10-14,90.71,82.9102228224173,18.12,25.73,43.85,13.535549399815327,18.12,17.89,26.02,7.32,43.71,6.04,370.0,2015,10,14,PostMonsoon
Ahmedabad,2015-10-15,108.68,82.9102228224173,17.03,32.87,49.9,13.535549399815327,17.03,22.59,19.56,12.47,51.84,7.46,551.0,2015,10,15,PostMonsoon
Ahmedabad,2015-10-16,98.79,82.9102228224173,17.72,31.2,48.92,13.535549399815327,17.72,26.09,30.19,8.22,41.58,5.48,393.0,2015,10,16,PostMonsoon
Ahmedabad,2015-10-17,145.75,82.9102228224173,20.61,34.71,55.33,13.535549399815327,20.61,24.66,95.94,20.08,51.51,7.31,671.0,2015,10,17,PostMonsoon
Ahmedabad,2015-10-18,179.43,82.9102228224173,52.33,39.42,91.75,13.535549399815327,52.33,39.15,112.01,31.75,102.65,14.97,969.0,2015,10,18,PostMonsoon
Ahmedabad,2015-10-19,170.52,82.9102228224173,15.49,35.22,48.6,13.535549399815327,15.49,34.03,53.98,10.76,31.62,4.83,471.0,2015,10,19,PostMonsoon
Ahmedabad,2015-10-20,203.4,82.9102228224173,23.03,36.63,59.66,13.535549399815327,23.03,94.3,5.36,0.0,0.0,0.0,529.0,2015,10,20,PostMonsoon
Ahmedabad,2015-10-21,92.71,82.9102228224173,12.92,30.65,43.57,13.535549399815327,12.92,42.08,72.86,13.33,17.97,5.17,294.76488095238096,2015,10,21,PostMonsoon
Ahmedabad,2015-10-22,64.66,82.9102228224173,4.79,23.83,28.61,13.535549399815327,4.79,34.4,24.76,6.24,12.04,2.24,213.0,2015,10,22,PostMonsoon
Ahmedabad,2015-10-23,78.14,82.9102228224173,10.58,28.93,39.51,13.535549399815327,10.58,44.91,35.56,4.72,8.87,2.28,297.0,2015,10,23,PostMonsoon
Ahmedabad,2015-10-24,100.17,82.9102228224173,32.27,34.16,66.43,13.535549399815327,32.27,27.73,23.95,7.62,12.85,5.15,605.0,2015,10,24,PostMonsoon
Ahmedabad,2015-10-25,147.35,82.9102228224173,34.64,39.1,73.74,13.535549399815327,34.64,46.09,26.43,5.8,5.08,10.16,691.0,2015,10,25,PostMonsoon
Ahmedabad,2015-10-26,206.89,82.9102228224173,145.32,55.67,201.0,13.535549399815327,145.32,20.47,38.0,1.69,3.45,36.0,971.0,2015,10,26,PostMonsoon
Ahmedabad,2015-10-27,114.84,82.9102228224173,38.09,40.31,78.39,13.535549399815327,38.09,22.94,30.19,26.0,72.61,10.84,294.76488095238096,2015,10,27,PostMonsoon
Ahmedabad,2015-10-28,89.64,82.9102228224173,5.42,25.75,31.18,13.535549399815327,5.42,44.92,43.04,6.48,17.42,2.14,270.0,2015,10,28,PostMonsoon
Ahmedabad,2015-10-29,51.72,82.9102228224173,1.89,21.15,23.04,13.535549399815327,1.89,37.31,66.58,3.96,11.1,0.75,188.0,2015,10,29,PostMonsoon
Ahmedabad,2015-10-30,54.59,82.9102228224173,2.31,18.33,20.64,13.535549399815327,2.31,19.08,42.43,3.47,10.25,1.12,114.0,2015,10,30,PostMonsoon
Ahmedabad,2015-10-31,46.5,82.9102228224173,1.22,12.1,13.32,13.535549399815327,1.22,13.73,61.56,1.9,4.5,0.22,143.0,2015,10,31,PostMonsoon
Ahmedabad,2015-11-02,122.54,82.9102228224173,75.42,44.2,119.62,13.535549399815327,75.42,13.78,60.66,73.38,105.07,17.55,294.76488095238096,2015,11,2,PostMonsoon
Ahmedabad,2015-11-03,147.18,82.9102228224173,33.06,36.87,69.93,13.535549399815327,33.06,21.24,131.12,25.83,60.82,9.26,557.0,2015,11,3,PostMonsoon
Ahmedabad,2015-11-04,214.67,82.9102228224173,57.37,42.21,99.57,13.535549399815327,57.37,22.18,36.608304512863775,41.22,93.71,13.41,294.76488095238096,2015,11,4,PostMonsoon
Ahmedabad,2015-11-05,207.13,82.9102228224173,28.41,35.31,60.37,13.535549399815327,28.41,50.33,36.608304512863775,28.86,55.93,8.74,536.0,2015,11,5,PostMonsoon
Ahmedabad,2015-11-06,191.01,82.9102228224173,39.61,50.11,89.72,13.535549399815327,39.61,40.78,27.9,17.39,60.02,11.13,354.0,2015,11,6,PostMonsoon
Ahmedabad,2015-11-07,192.35,82.9102228224173,9.39,29.04,38.43,13.535549399815327,9.39,29.18,33.21,22.88,52.49,10.86,381.0,2015,11,7,PostMonsoon
Ahmedabad,2015-11-08,127.64,82.9102228224173,6.74,31.91,38.64,13.535549399815327,6.74,26.94,47.33,9.55,20.72,4.32,355.0,2015,11,8,PostMonsoon
Ahmedabad,2016-06-27,33.02,82.9102228224173,11.69,28.91,40.6,13.535549399815327,11.69,1.38,36.04,0.0,0.0,0.0,294.76488095238096,2016,6,27,Monsoon
Ahmedabad,2016-06-28,27.29,82.9102228224173,9.81,28.12,37.93,13.535549399815327,9.81,1.61,39.26,0.0,0.0,0.0,272.0,2016,6,28,Monsoon
Ahmedabad,2016-06-29,41.43,82.9102228224173,10.45,31.82,42.09,13.535549399815327,10.45,1.7,28.05,0.0,0.0,0.0,253.0,2016,6,29,Monsoon
Ahmedabad,2016-06-30,30.16,82.9102228224173,10.41,15.99,26.4,13.535549399815327,10.41,1.6,23.76,0.0,0.0,0.0,256.0,2016,6,30,Monsoon
Ahmedabad,2016-07-01,29.42,82.9102228224173,9.39,10.11,19.5,13.535549399815327,9.39,1.57,16.42,0.0,0.0,0.0,257.0,2016,7,1,Monsoon
Ahmedabad,2016-07-02,20.87,82.9102228224173,9.04,7.49,16.54,13.535549399815327,9.04,1.6,14.27,0.0,0.0,0.0,213.0,2016,7,2,Monsoon
Ahmedabad,2016-07-03,35.08,82.9102228224173,8.36,6.52,14.88,13.535549399815327,8.36,1.63,19.44,0.0,0.0,0.0,218.0,2016,7,3,Monsoon
Ahmedabad,2016-07-04,40.23,82.9102228224173,8.68,2.79,11.47,13.535549399815327,8.68,1.69,15.16,0.0,0.0,0.0,214.0,2016,7,4,Monsoon
Ahmedabad,2016-07-05,54.25,82.9102228224173,8.11,2.78,10.89,13.535549399815327,8.11,1.42,18.46,0.0,0.0,0.0,207.0,2016,7,5,Monsoon
Ahmedabad,2016-07-06,49.04,82.9102228224173,7.38,1.65,9.03,13.535549399815327,7.38,1.44,15.33,0.0,0.0,0.0,169.0,2016,7,6,Monsoon
Ahmedabad,2016-07-07,35.87,82.9102228224173,7.5,1.67,9.13,13.535549399815327,7.5,1.53,17.0,0.0,0.0,0.0,294.76488095238096,2016,7,7,Monsoon
Ahmedabad,2016-07-08,46.3,82.9102228224173,7.3,1.8,9.1,13.535549399815327,7.3,1.8,24.0,0.0,0.0,0.0,294.76488095238096,2016,7,8,Monsoon
Ahmedabad,2016-07-09,39.15,82.9102228224173,7.05,1.9,8.95,13.535549399815327,7.05,1.4,15.0,0.0,0.0,0.0,294.76488095238096,2016,7,9,Monsoon
Ahmedabad,2016-07-10,45.3,82.9102228224173,6.7,2.5,9.3,13.535549399815327,6.7,0.9,27.0,0.0,0.0,0.0,294.76488095238096,2016,7,10,Monsoon
Ahmedabad,2016-07-11,43.61,82.9102228224173,7.7,3.93,11.62,13.535549399815327,7.7,1.32,21.64,0.0,0.0,0.0,294.76488095238096,2016,7,11,Monsoon
Ahmedabad,2016-07-13,34.89,82.9102228224173,24.46,11.73,27.15,13.535549399815327,24.46,14.6,82.14,0.0,0.0,0.0,294.76488095238096,2016,7,13,Monsoon
Ahmedabad,2016-07-14,38.13,82.9102228224173,46.51,48.06,43.98,13.535549399815327,46.51,23.13,36.608304512863775,0.0,0.0,0.0,1842.0,2016,7,14,Monsoon
Ahmedabad,2016-07-15,36.47,82.9102228224173,0.98,37.13,22.38,13.535549399815327,0.98,19.01,36.608304512863775,0.0,0.0,0.0,72.0,2016,7,15,Monsoon
Ahmedabad,2016-07-16,40.9,82.9102228224173,4.09,36.77,24.99,13.535549399815327,4.09,17.01,36.608304512863775,0.0,0.0,0.0,91.0,2016,7,16,Monsoon
Ahmedabad,2016-07-17,34.19,82.9102228224173,6.02,34.38,20.93,13.535549399815327,6.02,14.17,36.608304512863775,0.0,0.0,0.0,124.0,2016,7,17,Monsoon
Ahmedabad,2016-07-18,32.92,82.9102228224173,4.92,36.8,25.92,13.535549399815327,4.92,14.66,36.608304512863775,0.0,0.0,0.0,145.0,2016,7,18,Monsoon
Ahmedabad,2016-07-19,41.39,82.9102228224173,100.77,54.7,48.42,13.535549399815327,100.77,15.75,36.608304512863775,0.0,0.0,0.13,499.0,2016,7,19,Monsoon
Ahmedabad,2016-07-20,31.71,82.9102228224173,1.67,22.75,18.5,13.535549399815327,1.67,15.47,36.608304512863775,0.0,0.0,0.0,557.0,2016,7,20,Monsoon
Ahmedabad,2016-07-21,33.48,82.9102228224173,1.94,30.88,27.87,13.535549399815327,1.94,14.26,36.608304512863775,0.0,0.0,0.0,114.0,2016,7,21,Monsoon
Ahmedabad,2016-07-22,30.8,82.9102228224173,2.57,25.15,24.2,13.535549399815327,2.57,17.02,36.608304512863775,0.0,0.0,0.0,148.0,2016,7,22,Monsoon
Ahmedabad,2016-07-23,30.47,82.9102228224173,1.64,38.78,36.5,13.535549399815327,1.64,15.8,36.608304512863775,0.0,0.01,0.0,99.0,2016,7,23,Monsoon
Ahmedabad,2016-07-24,34.64,82.9102228224173,6.67,39.23,38.7,13.535549399815327,6.67,15.07,36.608304512863775,0.0,0.0,0.0,117.0,2016,7,24,Monsoon
Ahmedabad,2016-07-25,43.71,82.9102228224173,8.85,39.95,40.31,13.535549399815327,8.85,15.37,36.608304512863775,0.0,0.0,0.0,275.0,2016,7,25,Monsoon
Ahmedabad,2016-07-26,46.52,82.9102228224173,3.87,33.24,33.53,13.535549399815327,3.87,15.0,6.9,0.0,0.0,0.0,183.0,2016,7,26,Monsoon
Ahmedabad,2016-07-27,36.54,82.9102228224173,18.76,20.32,33.01,13.535549399815327,18.76,16.78,11.46,6.37,11.68,8.7,336.0,2016,7,27,Monsoon
Ahmedabad,2016-07-28,36.87,82.9102228224173,26.51,23.28,47.75,13.535549399815327,26.51,13.74,4.91,4.83,12.77,6.74,468.0,2016,7,28,Monsoon
Ahmedabad,2016-07-29,46.19,82.9102228224173,86.72,29.66,116.39,13.535549399815327,86.72,14.31,4.77,5.5,26.78,0.99,776.0,2016,7,29,Monsoon
Ahmedabad,2016-07-30,48.44,82.9102228224173,84.21,30.66,114.87,13.535549399815327,84.21,15.67,4.26,1.62,7.1,0.23,805.0,2016,7,30,Monsoon
Ahmedabad,2016-07-31,40.18,82.9102228224173,72.58,28.27,100.85,13.535549399815327,72.58,14.63,4.33,0.0,0.3,0.0,705.0,2016,7,31,Monsoon
Ahmedabad,2016-08-01,33.5,82.9102228224173,79.53,30.42,109.95,13.535549399815327,79.53,14.95,4.81,0.0,0.0,0.0,740.0,2016,8,1,Monsoon
Ahmedabad,2016-08-02,29.36,82.9102228224173,83.72,29.75,113.47,13.535549399815327,83.72,15.31,3.68,0.0,0.0,0.0,751.0,2016,8,2,Monsoon
Ahmedabad,2016-08-03,44.59,82.9102228224173,89.85,29.34,119.19,13.535549399815327,89.85,14.18,4.91,0.13,0.0,0.0,798.0,2016,8,3,Monsoon
Ahmedabad,2016-08-04,50.65,82.9102228224173,10.63,13.0,19.88,13.535549399815327,10.63,13.06,6.21,33.6,19.27,0.09,494.0,2016,8,4,Monsoon
Ahmedabad,2016-08-05,33.93,82.9102228224173,5.06,13.41,16.13,13.535549399815327,5.06,19.54,6.16,3.24,0.04,0.0,234.0,2016,8,5,Monsoon
Ahmedabad,2016-08-07,43.9,82.9102228224173,2.77,28.09,22.68,13.535549399815327,2.77,15.37,0.61,0.56,0.11,0.07,294.76488095238096,2016,8,7,Monsoon
Ahmedabad,2016-08-08,93.34,82.9102228224173,9.72,27.88,34.75,13.535549399815327,9.72,13.18,1.4,0.1,0.0,0.0,327.0,2016,8,8,Monsoon
Ahmedabad,2016-08-09,38.06,82.9102228224173,6.96,22.63,29.58,13.535549399815327,6.96,14.75,3.47,2.67,6.25,1.44,257.0,2016,8,9,Monsoon
Ahmedabad,2016-08-10,20.19,82.9102228224173,10.41,18.13,28.54,13.535549399815327,10.41,15.01,4.9,8.43,13.81,2.64,300.0,2016,8,10,Monsoon
Ahmedabad,2016-08-11,10.45,82.9102228224173,12.59,17.81,30.41,13.535549399815327,12.59,14.26,5.87,5.66,18.88,3.59,309.0,2016,8,11,Monsoon
Ahmedabad,2016-08-12,29.87,82.9102228224173,13.53,14.69,28.22,13.535549399815327,13.53,14.56,9.6,8.99,19.6,7.22,316.0,2016,8,12,Monsoon
Ahmedabad,2016-08-13,60.18,82.9102228224173,8.64,13.25,21.89,13.535549399815327,8.64,15.3,13.19,3.04,10.46,2.29,296.0,2016,8,13,Monsoon
Ahmedabad,2016-08-14,85.1,82.9102228224173,8.14,12.91,21.04,13.535549399815327,8.14,14.51,12.45,2.64,9.08,1.5,240.0,2016,8,14,Monsoon
Ahmedabad,2016-08-15,55.55,82.9102228224173,8.38,13.45,21.83,13.535549399815327,8.38,16.6,11.84,3.91,8.47,1.27,220.0,2016,8,15,Monsoon
Ahmedabad,2016-08-16,170.22,82.9102228224173,15.47,17.88,33.33,13.535549399815327,15.47,14.21,10.05,3.98,8.81,1.57,460.0,2016,8,16,Monsoon
Ahmedabad,2016-08-17,35.05,82.9102228224173,7.66,16.07,23.73,13.535549399815327,7.66,16.13,9.81,3.92,7.92,1.36,341.0,2016,8,17,Monsoon
Ahmedabad,2016-08-18,37.68,82.9102228224173,6.39,9.49,15.88,13.535549399815327,6.39,16.15,13.7,2.5,6.9,0.92,216.0,2016,8,18,Monsoon
Ahmedabad,2016-08-19,32.78,82.9102228224173,6.08,12.1,20.94,13.535549399815327,6.08,12.29,13.13,2.6,10.38,2.52,174.0,2016,8,19,Monsoon
Ahmedabad,2016-08-20,53.5,82.9102228224173,12.0,14.19,26.57,13.535549399815327,12.0,16.32,5.48,7.94,13.77,2.91,252.0,2016,8,20,Monsoon
Ahmedabad,2016-08-21,48.24,82.9102228224173,10.91,15.52,26.43,13.535549399815327,10.91,16.16,5.98,6.48,11.94,2.44,283.0,2016,8,21,Monsoon
Ahmedabad,2016-08-22,63.27,82.9102228224173,8.82,13.23,25.6,13.535549399815327,8.82,24.81,8.68,4.04,11.75,1.63,282.0,2016,8,22,Monsoon
Ahmedabad,2016-08-23,40.43,82.9102228224173,7.42,10.29,23.27,13.535549399815327,7.42,12.24,5.0,2.99,8.49,1.36,189.0,2016,8,23,Monsoon
Ahmedabad,2016-08-24,31.15,82.9102228224173,8.91,9.94,18.86,13.535549399815327,8.91,21.48,12.97,3.07,7.01,1.11,204.0,2016,8,24,Monsoon
Ahmedabad,2016-08-25,33.76,82.9102228224173,9.15,12.22,21.37,13.535549399815327,9.15,17.68,8.36,2.68,8.58,1.24,207.0,2016,8,25,Monsoon
Ahmedabad,2016-08-26,35.95,82.9102228224173,10.05,9.75,19.8,13.535549399815327,10.05,16.66,8.61,2.59,9.85,1.74,218.0,2016,8,26,Monsoon
Ahmedabad,2016-08-27,58.07,82.9102228224173,10.51,8.67,19.18,13.535549399815327,10.51,21.2,19.87,3.49,11.59,3.3,243.0,2016,8,27,Monsoon
Ahmedabad,2016-08-28,46.04,82.9102228224173,9.72,8.75,18.46,13.535549399815327,9.72,17.27,10.35,2.09,6.33,1.19,219.0,2016,8,28,Monsoon
Ahmedabad,2016-08-29,52.27,82.9102228224173,10.79,9.23,20.02,13.535549399815327,10.79,19.62,9.14,4.67,8.96,1.89,247.0,2016,8,29,Monsoon
Ahmedabad,2016-08-30,46.68,82.9102228224173,10.08,9.3,19.73,13.535549399815327,10.08,17.77,15.97,2.98,7.55,1.4,235.0,2016,8,30,Monsoon
Ahmedabad,2016-08-31,44.59,82.9102228224173,10.47,7.39,17.86,13.535549399815327,10.47,17.62,11.2,2.88,6.65,1.0,234.0,2016,8,31,Monsoon
Ahmedabad,2016-09-01,30.81,82.9102228224173,9.36,7.86,17.22,13.535549399815327,9.36,17.58,15.72,1.96,4.87,0.97,217.0,2016,9,1,Monsoon
Ahmedabad,2016-09-02,47.67,82.9102228224173,9.63,8.39,18.02,13.535549399815327,9.63,16.95,18.89,2.41,6.07,1.07,222.0,2016,9,2,Monsoon
Ahmedabad,2016-09-03,35.69,82.9102228224173,9.38,8.14,18.2,13.535549399815327,9.38,16.72,14.63,1.77,5.62,0.78,241.0,2016,9,3,Monsoon
Ahmedabad,2016-09-04,36.44,82.9102228224173,9.59,7.07,16.66,13.535549399815327,9.59,17.76,14.99,1.53,5.32,0.59,225.0,2016,9,4,Monsoon
Ahmedabad,2016-09-05,33.83,82.9102228224173,10.14,7.82,18.27,13.535549399815327,10.14,17.93,13.9,1.49,4.8,0.66,241.0,2016,9,5,Monsoon
Ahmedabad,2016-09-06,34.23,82.9102228224173,10.17,7.14,17.3,13.535549399815327,10.17,18.76,13.79,1.35,3.9,0.58,237.0,2016,9,6,Monsoon
Ahmedabad,2016-09-07,52.15,82.9102228224173,10.7,7.15,17.85,13.535549399815327,10.7,16.32,14.67,2.75,8.02,0.91,251.0,2016,9,7,Monsoon
Ahmedabad,2016-09-08,35.99,82.9102228224173,9.91,8.65,18.56,13.535549399815327,9.91,19.29,18.16,1.77,4.13,2.96,220.0,2016,9,8,Monsoon
Ahmedabad,2016-09-09,37.93,82.9102228224173,9.75,9.2,18.95,13.535549399815327,9.75,19.07,15.42,2.23,4.58,1.11,221.0,2016,9,9,Monsoon
Ahmedabad,2016-09-10,31.94,82.9102228224173,9.5,7.84,17.34,13.535549399815327,9.5,16.87,14.27,1.12,3.59,0.65,226.0,2016,9,10,Monsoon
Ahmedabad,2016-09-11,18.04,82.9102228224173,7.3,7.02,17.19,13.535549399815327,7.3,15.49,19.0,0.61,2.32,0.36,208.0,2016,9,11,Monsoon
Ahmedabad,2016-09-12,27.9,82.9102228224173,9.52,9.55,21.06,13.535549399815327,9.52,14.48,21.74,1.28,5.49,1.3,190.0,2016,9,12,Monsoon
Ahmedabad,2016-09-13,36.51,82.9102228224173,10.07,10.68,21.06,13.535549399815327,10.07,18.22,22.56,1.53,6.64,1.82,250.0,2016,9,13,Monsoon
Ahmedabad,2016-09-14,55.71,82.9102228224173,11.17,12.86,24.03,13.535549399815327,11.17,17.75,21.14,2.55,10.55,3.43,280.0,2016,9,14,Monsoon
Ahmedabad,2016-09-15,57.01,82.9102228224173,13.68,11.99,25.67,13.535549399815327,13.68,18.36,20.81,3.0,15.01,4.97,306.0,2016,9,15,Monsoon
Ahmedabad,2016-09-16,53.94,82.9102228224173,10.01,12.54,22.55,13.535549399815327,10.01,18.85,24.79,2.72,9.57,2.13,249.0,2016,9,16,Monsoon
Ahmedabad,2016-09-17,49.34,82.9102228224173,9.75,8.67,18.43,13.535549399815327,9.75,15.82,26.39,2.02,6.6,0.97,213.0,2016,9,17,Monsoon
Ahmedabad,2016-09-21,42.22,82.9102228224173,10.17,9.74,19.91,13.535549399815327,10.17,14.36,14.84,2.32,7.96,1.89,294.76488095238096,2016,9,21,Monsoon
Ahmedabad,2016-09-22,39.43,82.9102228224173,12.67,10.1,22.77,13.535549399815327,12.67,16.95,11.63,4.34,9.99,2.34,268.0,2016,9,22,Monsoon
Ahmedabad,2016-09-23,42.33,82.9102228224173,11.31,9.31,20.62,13.535549399815327,11.31,19.61,15.38,3.78,8.85,1.94,267.0,2016,9,23,Monsoon
Ahmedabad,2016-09-24,26.75,82.9102228224173,9.8,6.77,16.57,13.535549399815327,9.8,19.37,17.5,1.94,4.72,0.71,216.0,2016,9,24,Monsoon
Ahmedabad,2016-09-25,34.16,82.9102228224173,9.66,5.46,15.12,13.535549399815327,9.66,18.59,17.44,0.63,3.06,0.47,212.0,2016,9,25,Monsoon
Ahmedabad,2016-09-26,30.07,82.9102228224173,9.82,5.73,15.55,13.535549399815327,9.82,18.28,17.65,1.65,3.38,0.6,214.0,2016,9,26,Monsoon
Ahmedabad,2016-09-27,25.54,82.9102228224173,9.5,5.56,15.63,13.535549399815327,9.5,15.28,16.47,1.1,2.55,0.48,222.0,2016,9,27,Monsoon
Ahmedabad,2016-09-28,38.47,82.9102228224173,10.63,5.7,16.34,13.535549399815327,10.63,17.44,17.34,1.28,3.62,0.78,216.0,2016,9,28,Monsoon
Ahmedabad,2016-09-29,42.55,82.9102228224173,10.36,6.59,16.95,13.535549399815327,10.36,17.85,20.24,1.28,2.99,0.24,236.0,2016,9,29,Monsoon
Ahmedabad,2016-09-30,38.1,82.9102228224173,10.2,7.04,17.24,13.535549399815327,10.2,18.46,16.83,1.6,3.68,0.3,225.0,2016,9,30,Monsoon
Ahmedabad,2016-10-01,27.22,82.9102228224173,12.02,6.34,18.36,13.535549399815327,12.02,17.38,12.94,1.25,5.51,0.06,231.0,2016,10,1,PostMonsoon
Ahmedabad,2016-10-02,41.81,82.9102228224173,10.75,9.77,20.52,13.535549399815327,10.75,18.03,22.44,1.4,4.97,0.05,298.0,2016,10,2,PostMonsoon
Ahmedabad,2016-10-03,75.03,82.9102228224173,11.23,9.47,20.7,13.535549399815327,11.23,17.61,41.28,1.76,6.56,0.02,267.0,2016,10,3,PostMonsoon
Ahmedabad,2016-10-05,30.48,82.9102228224173,16.49,7.43,23.91,13.535549399815327,16.49,18.79,6.38,3.93,11.1,0.0,294.76488095238096,2016,10,5,PostMonsoon
Ahmedabad,2016-10-06,75.06,82.9102228224173,14.78,6.35,21.13,13.535549399815327,14.78,19.31,6.0,4.41,7.7,0.0,301.0,2016,10,6,PostMonsoon
Ahmedabad,2016-10-07,85.36,82.9102228224173,14.48,7.59,22.5,13.535549399815327,14.48,7.63,20.62,3.14,11.29,0.0,311.0,2016,10,7,PostMonsoon
Ahmedabad,2016-10-08,124.97,82.9102228224173,13.2,9.72,22.91,13.535549399815327,13.2,6.74,26.4,2.99,11.31,0.01,313.0,2016,10,8,PostMonsoon
Ahmedabad,2016-10-09,86.63,82.9102228224173,11.74,6.39,18.13,13.535549399815327,11.74,9.97,20.38,0.36,0.76,0.0,267.0,2016,10,9,PostMonsoon
Ahmedabad,2016-10-10,70.34,82.9102228224173,11.25,7.1,18.35,13.535549399815327,11.25,12.49,20.13,0.0,0.0,0.0,232.0,2016,10,10,PostMonsoon
Ahmedabad,2016-10-11,50.49,82.9102228224173,10.91,5.04,15.95,13.535549399815327,10.91,13.29,22.39,0.0,0.0,0.0,229.0,2016,10,11,PostMonsoon
Ahmedabad,2016-10-12,42.25,82.9102228224173,11.07,6.55,17.62,13.535549399815327,11.07,9.61,24.3,0.0,0.0,0.0,227.0,2016,10,12,PostMonsoon
Ahmedabad,2016-10-13,48.23,82.9102228224173,11.09,9.01,19.25,13.535549399815327,11.09,18.51,18.52,0.01,0.02,0.0,236.0,2016,10,13,PostMonsoon
Ahmedabad,2016-10-14,138.94,82.9102228224173,10.27,16.9,27.16,13.535549399815327,10.27,66.98,37.01,0.0,0.0,0.0,326.0,2016,10,14,PostMonsoon
Ahmedabad,2016-10-15,155.68,82.9102228224173,16.66,19.69,36.35,13.535549399815327,16.66,61.24,33.7,0.0,0.0,0.0,395.0,2016,10,15,PostMonsoon
Ahmedabad,2016-10-16,120.35,82.9102228224173,20.67,16.95,37.63,13.535549399815327,20.67,49.8,29.53,0.0,0.0,0.0,507.0,2016,10,16,PostMonsoon
Ahmedabad,2016-10-17,140.81,82.9102228224173,18.56,19.3,37.86,13.535549399815327,18.56,15.83,31.21,0.0,0.0,0.0,423.0,2016,10,17,PostMonsoon
Ahmedabad,2016-10-18,87.09,82.9102228224173,10.15,13.98,24.12,13.535549399815327,10.15,18.17,29.43,3.79,7.38,2.49,315.0,2016,10,18,PostMonsoon
Ahmedabad,2016-10-19,83.57,82.9102228224173,7.8,10.61,18.41,13.535549399815327,7.8,19.72,30.68,3.77,15.49,5.59,213.0,2016,10,19,PostMonsoon
Ahmedabad,2016-10-20,75.41,82.9102228224173,12.23,11.07,23.3,13.535549399815327,12.23,26.31,37.64,4.07,14.97,9.04,263.0,2016,10,20,PostMonsoon
Ahmedabad,2016-10-21,106.86,82.9102228224173,9.38,10.22,19.6,13.535549399815327,9.38,30.72,36.65,3.81,11.32,5.67,355.0,2016,10,21,PostMonsoon
Ahmedabad,2016-10-22,96.53,82.9102228224173,9.03,10.8,19.83,13.535549399815327,9.03,26.45,33.14,4.92,11.85,5.33,362.0,2016,10,22,PostMonsoon
Ahmedabad,2016-10-23,76.96,82.9102228224173,6.95,9.04,16.0,13.535549399815327,6.95,28.44,41.7,2.06,7.8,3.18,236.0,2016,10,23,PostMonsoon
Ahmedabad,2016-10-24,73.05,82.9102228224173,7.04,8.37,15.4,13.535549399815327,7.04,40.0,40.57,2.35,4.96,2.44,192.0,2016,10,24,PostMonsoon
Ahmedabad,2016-10-25,72.52,82.9102228224173,7.31,9.14,16.45,13.535549399815327,7.31,28.08,32.65,1.76,5.73,3.64,230.0,2016,10,25,PostMonsoon
Ahmedabad,2016-10-26,109.22,82.9102228224173,11.05,13.21,24.26,13.535549399815327,11.05,60.04,33.06,3.87,10.35,5.17,278.0,2016,10,26,PostMonsoon
Ahmedabad,2016-10-27,122.63,82.9102228224173,18.84,16.36,35.2,13.535549399815327,18.84,24.52,31.59,4.44,18.43,10.12,390.0,2016,10,27,PostMonsoon
Ahmedabad,2016-10-28,214.36,82.9102228224173,19.66,18.38,38.03,13.535549399815327,19.66,46.6,33.34,6.05,20.53,11.69,509.0,2016,10,28,PostMonsoon
Ahmedabad,2016-10-29,381.69,82.9102228224173,29.49,25.41,54.9,13.535549399815327,29.49,49.33,15.74,13.1,28.16,14.59,472.0,2016,10,29,PostMonsoon
Ahmedabad,2016-10-30,182.59,82.9102228224173,26.06,18.2,44.25,13.535549399815327,26.06,23.81,41.0,8.18,19.9,10.1,457.0,2016,10,30,PostMonsoon
Ahmedabad,2016-10-31,271.85,82.9102228224173,16.39,15.28,31.68,13.535549399815327,16.39,33.31,41.24,3.52,8.61,5.31,721.0,2016,10,31,PostMonsoon
Ahmedabad,2016-11-01,230.76,82.9102228224173,12.95,13.35,26.31,13.535549399815327,12.95,19.34,50.18,2.21,5.96,3.59,420.0,2016,11,1,PostMonsoon
Ahmedabad,2016-11-02,203.3,82.9102228224173,11.74,14.79,26.54,13.535549399815327,11.74,16.14,47.43,2.23,6.43,4.65,417.0,2016,11,2,PostMonsoon
Ahmedabad,2016-11-03,152.03,82.9102228224173,10.97,12.7,23.67,13.535549399815327,10.97,16.78,56.43,1.56,5.4,4.23,390.0,2016,11,3,PostMonsoon
Ahmedabad,2016-11-04,176.02,82.9102228224173,7.51,12.78,20.66,13.535549399815327,7.51,66.19,35.0,0.79,2.16,1.69,361.0,2016,11,4,PostMonsoon
Ahmedabad,2017-10-10,64.55,82.9102228224173,14.94980870980871,42.06444851444852,45.75,13.535549399815327,12.837420289855071,36.68408281573499,17.7,5.11,18.77,1.11,294.76488095238096,2017,10,10,PostMonsoon
Ahmedabad,2017-10-11,61.72,82.9102228224173,14.94980870980871,42.06444851444852,36.6,13.535549399815327,12.837420289855071,36.68408281573499,9.73,4.67,15.99,0.64,105.0,2017,10,11,PostMonsoon
Ahmedabad,2017-10-18,76.32,82.9102228224173,14.94980870980871,42.06444851444852,75.0,13.535549399815327,12.837420289855071,36.68408281573499,36.608304512863775,10.89,34.37,2.43,294.76488095238096,2017,10,18,PostMonsoon
Ahmedabad,2017-10-19,54.9846661237785,82.9102228224173,14.94980870980871,42.06444851444852,33.92948160535117,13.535549399815327,12.837420289855071,36.68408281573499,36.608304512863775,4.149716373012463,19.2963644177052,3.477354965585054,294.76488095238096,2017,10,19,PostMonsoon
Ahmedabad,2017-10-20,109.16,82.9102228224173,14.94980870980871,42.06444851444852,76.3,13.535549399815327,12.837420289855071,36.68408281573499,40.28,7.6,22.13,1.42,294.76488095238096,2017,10,20,PostMonsoon
Ahmedabad,2017-10-21,126.57,82.9102228224173,14.94980870980871,42.06444851444852,46.52,13.535549399815327,12.837420289855071,36.68408281573499,27.85,11.85,22.28,2.42,319.0,2017,10,21,PostMonsoon
Ahmedabad,2017-10-22,59.26,82.9102228224173,14.94980870980871,42.06444851444852,28.25,13.535549399815327,12.837420289855071,36.68408281573499,26.22,5.08,10.27,1.19,146.0,2017,10,22,PostMonsoon
Ahmedabad,2017-10-23,51.72,82.9102228224173,14.94980870980871,42.06444851444852,34.62,13.535549399815327,12.837420289855071,36.68408281573499,24.71,5.35,10.47,0.92,80.0,2017,10,23,PostMonsoon
Ahmedabad,2017-10-24,67.4,82.9102228224173,14.94980870980871,42.06444851444852,37.53,13.535549399815327,12.837420289855071,36.68408281573499,19.89,7.54,15.47,1.19,102.0,2017,10,24,PostMonsoon
Ahmedabad,2017-10-25,79.49,82.9102228224173,175.81,28.34,89.33,13.535549399815327,175.81,62.62,18.21,11.23,29.21,2.13,459.0,2017,10,25,PostMonsoon
Ahmedabad,2017-10-26,112.25,82.9102228224173,104.94,36.61,141.28,13.535549399815327,104.94,43.78,23.6,21.01,51.59,3.38,1426.0,2017,10,26,PostMonsoon
Ahmedabad,2017-10-27,133.07,82.9102228224173,70.84,51.06,121.9,13.535549399815327,70.84,61.91,32.46,22.32,55.28,4.05,1348.0,2017,10,27,PostMonsoon
Ahmedabad,2017-10-28,93.96,82.9102228224173,71.28,46.94,118.1,13.535549399815327,71.28,47.05,6.36,13.78,46.17,2.37,1073.0,2017,10,28,PostMonsoon
Ahmedabad,2017-10-29,93.7,82.9102228224173,55.17,53.13,108.3,13.535549399815327,55.17,47.28,21.54,19.04,55.69,3.75,952.0,2017,10,29,PostMonsoon
Ahmedabad,2017-10-31,77.12,82.9102228224173,3.96,25.16,15.09,13.535549399815327,3.96,28.73,56.01,2.56,8.52,1.16,294.76488095238096,2017,10,31,PostMonsoon
Ahmedabad,2017-11-03,96.65,82.9102228224173,24.81,67.28,66.67,13.535549399815327,24.81,67.31,33.84,21.21,60.08,3.37,550.0,2017,11,3,PostMonsoon
Ahmedabad,2017-11-04,107.09,82.9102228224173,16.58,95.73,59.61,13.535549399815327,16.58,104.29,44.5,22.37,76.3,5.22,538.0,2017,11,4,PostMonsoon
Ahmedabad,2017-11-05,119.02,82.9102228224173,17.91,82.3,53.51,13.535549399815327,17.91,101.88,77.28,21.71,68.45,6.02,498.0,2017,11,5,PostMonsoon
Ahmedabad,2017-11-06,83.86,82.9102228224173,36.74,82.94,67.88,13.535549399815327,36.74,90.76,52.82,23.48,82.75,14.62,517.0,2017,11,6,PostMonsoon
Ahmedabad,2017-11-07,72.67,82.9102228224173,42.99,108.74,85.13,13.535549399815327,42.99,106.41,27.74,33.58,117.04,39.38,901.0,2017,11,7,PostMonsoon
Ahmedabad,2017-11-08,94.32,82.9102228224173,62.88,105.75,98.51,13.535549399815327,62.88,127.84,55.03,45.36,173.76,51.5,929.0,2017,11,8,PostMonsoon
Ahmedabad,2017-11-09,89.0,82.9102228224173,38.8,119.82,87.41,13.535549399815327,38.8,131.99,42.9,40.31,152.39,44.36,850.0,2017,11,9,PostMonsoon
Ahmedabad,2017-11-10,85.35,82.9102228224173,48.64,105.07,87.55,13.535549399815327,48.64,111.22,62.31,35.32,143.01,39.8,669.0,2017,11,10,PostMonsoon
Ahmedabad,2017-11-11,101.25,82.9102228224173,51.7,106.82,90.69,13.535549399815327,51.7,113.03,58.29,34.08,134.63,40.55,1141.0,2017,11,11,PostMonsoon
Ahmedabad,2017-11-12,90.02,82.9102228224173,47.15,99.02,83.49,13.535549399815327,47.15,130.27,67.89,0.0,0.0,0.0,707.0,2017,11,12,PostMonsoon
Ahmedabad,2017-11-13,119.17,82.9102228224173,98.33,98.11,121.12,13.535549399815327,98.33,110.08,48.07,12.51,0.63,8.3,1577.0,2017,11,13,PostMonsoon
Ahmedabad,2017-11-14,207.19,82.9102228224173,118.02,146.18,159.36,13.535549399815327,118.02,160.06,37.21,63.79,2.22,32.14,1747.0,2017,11,14,PostMonsoon
Ahmedabad,2017-11-15,148.83,82.9102228224173,45.88,29.79,48.57,13.535549399815327,45.88,113.64,36.02,49.7,1.66,24.73,1065.0,2017,11,15,PostMonsoon
Ahmedabad,2017-11-16,85.32,82.9102228224173,5.06,31.48,15.88,13.535549399815327,5.06,124.92,28.71,14.55,0.55,6.98,195.0,2017,11,16,PostMonsoon
Ahmedabad,2017-11-17,143.07,82.9102228224173,5.85,73.39,40.17,13.535549399815327,5.85,132.05,42.6,15.08,0.51,4.07,291.0,2017,11,17,PostMonsoon
Ahmedabad,2017-11-18,140.88,82.9102228224173,6.11,76.05,41.66,13.535549399815327,6.11,130.2,26.06,13.81,0.5,3.84,313.0,2017,11,18,PostMonsoon
Ahmedabad,2017-11-19,99.77,82.9102228224173,10.23,73.33,43.4,13.535549399815327,10.23,99.05,37.6,20.24,7.37,3.58,333.0,2017,11,19,PostMonsoon
Ahmedabad,2017-11-20,119.99,82.9102228224173,6.84,73.41,40.92,13.535549399815327,6.84,81.21,48.09,9.95,26.94,81.26,338.0,2017,11,20,PostMonsoon
Ahmedabad,2017-11-21,111.92,82.9102228224173,15.17,81.11,50.89,13.535549399815327,15.17,112.56,62.34,10.59,22.64,32.4,371.0,2017,11,21,PostMonsoon
Ahmedabad,2017-11-22,96.51,82.9102228224173,15.07,84.06,52.25,13.535549399815327,15.07,102.74,74.34,35.22,54.77,37.06,463.0,2017,11,22,PostMonsoon
Ahmedabad,2017-11-23,80.52,82.9102228224173,24.0,88.07,60.87,13.535549399815327,24.0,118.4,55.49,3.34,12.65,5.8,419.0,2017,11,23,PostMonsoon
Ahmedabad,2017-11-24,92.8,82.9102228224173,45.76,102.15,83.98,13.535549399815327,45.76,143.12,55.83,4.01,14.62,5.88,700.0,2017,11,24,PostMonsoon
Ahmedabad,2017-11-25,102.26,82.9102228224173,37.88,111.94,117.06,13.535549399815327,37.88,140.1,45.65,2.18,9.87,4.42,1043.0,2017,11,25,PostMonsoon
Ahmedabad,2017-11-26,108.19,82.9102228224173,55.69,109.21,94.83,13.535549399815327,55.69,117.82,47.4,12.43,18.84,16.9,1029.0,2017,11,26,PostMonsoon
Ahmedabad,2017-11-27,93.87,82.9102228224173,69.71,102.93,102.24,13.535549399815327,69.71,122.74,43.8,5.13,30.23,7.32,1041.0,2017,11,27,PostMonsoon
Ahmedabad,2017-11-28,109.53,82.9102228224173,55.08,117.71,98.52,13.535549399815327,55.08,123.22,43.0,8.31,39.7,8.85,1430.0,2017,11,28,PostMonsoon
Ahmedabad,2017-11-29,79.34,82.9102228224173,14.63,106.33,62.78,13.535549399815327,14.63,113.88,54.62,17.73,69.72,12.9,765.0,2017,11,29,PostMonsoon
Ahmedabad,2017-11-30,93.05,82.9102228224173,40.22,94.66,76.19,13.535549399815327,40.22,104.74,60.03,31.5,104.29,24.51,599.0,2017,11,30,PostMonsoon
Ahmedabad,2017-12-01,85.51,82.9102228224173,30.39,98.09,70.53,13.535549399815327,30.39,107.36,40.02,27.59,139.46,21.26,764.0,2017,12,1,Winter
Ahmedabad,2017-12-02,80.89,82.9102228224173,6.14,71.52,39.47,13.535549399815327,6.14,103.62,78.13,12.02,61.66,7.27,330.0,2017,12,2,Winter
Ahmedabad,2017-12-03,58.62,82.9102228224173,5.49,61.64,34.16,13.535549399815327,5.49,88.67,86.71,8.51,31.34,3.59,205.0,2017,12,3,Winter
Ahmedabad,2017-12-04,68.53,82.9102228224173,5.78,61.38,34.25,13.535549399815327,5.78,85.69,88.35,9.43,38.61,4.86,164.0,2017,12,4,Winter
Ahmedabad,2017-12-05,81.38,82.9102228224173,5.9,55.07,31.27,13.535549399815327,5.9,58.91,39.29,11.0,41.5,16.69,187.0,2017,12,5,Winter
Ahmedabad,2017-12-06,56.54,82.9102228224173,5.46,32.13,19.75,13.535549399815327,5.46,31.81,66.39,8.81,27.96,3.73,149.0,2017,12,6,Winter
Ahmedabad,2017-12-07,74.08,82.9102228224173,7.19,57.73,33.53,13.535549399815327,7.19,45.02,40.27,15.38,53.13,9.9,215.0,2017,12,7,Winter
Ahmedabad,2017-12-08,62.76,82.9102228224173,5.58,62.02,34.05,13.535549399815327,5.58,74.08,83.18,14.84,67.56,10.1,284.0,2017,12,8,Winter
Ahmedabad,2017-12-09,86.09,82.9102228224173,5.9,72.14,39.59,13.535549399815327,5.9,114.3,59.39,16.74,75.26,9.42,167.0,2017,12,9,Winter
Ahmedabad,2017-12-10,59.74,82.9102228224173,26.28,77.12,57.23,13.535549399815327,26.28,98.31,42.01,23.84,93.18,14.29,337.0,2017,12,10,Winter
Ahmedabad,2017-12-11,87.13,82.9102228224173,28.06,56.52,48.51,13.535549399815327,28.06,115.96,53.61,26.49,81.22,17.99,696.0,2017,12,11,Winter
Ahmedabad,2017-12-12,52.15,82.9102228224173,15.98,65.44,43.85,13.535549399815327,15.98,86.58,58.81,1.82,12.48,28.35,295.0,2017,12,12,Winter
Ahmedabad,2017-12-13,67.51,82.9102228224173,20.79,88.83,58.85,13.535549399815327,20.79,112.57,51.5,0.99,5.97,3.92,565.0,2017,12,13,Winter
Ahmedabad,2017-12-14,70.08,82.9102228224173,11.42,81.65,48.35,13.535549399815327,11.42,116.77,61.73,0.74,5.81,3.21,400.0,2017,12,14,Winter
Ahmedabad,2017-12-15,86.9,82.9102228224173,7.54,76.2,42.8,13.535549399815327,7.54,105.41,72.02,8.28,27.53,8.36,250.0,2017,12,15,Winter
Ahmedabad,2017-12-16,77.34,82.9102228224173,6.33,61.41,34.68,13.535549399815327,6.33,102.44,75.64,12.03,37.64,3.29,232.0,2017,12,16,Winter
Ahmedabad,2017-12-17,65.93,82.9102228224173,5.7,45.55,26.48,13.535549399815327,5.7,99.74,105.69,9.37,36.74,3.21,174.0,2017,12,17,Winter
Ahmedabad,2017-12-18,66.58,82.9102228224173,7.16,62.16,35.66,13.535549399815327,7.16,98.89,66.87,11.34,52.45,9.93,198.0,2017,12,18,Winter
Ahmedabad,2017-12-19,62.24,82.9102228224173,17.88,88.65,56.59,13.535549399815327,17.88,109.76,48.64,18.08,85.56,12.11,340.0,2017,12,19,Winter
Ahmedabad,2017-12-20,62.07,82.9102228224173,8.72,72.18,41.72,13.535549399815327,8.72,102.25,56.86,14.06,63.32,8.47,355.0,2017,12,20,Winter
Ahmedabad,2017-12-21,72.04,82.9102228224173,7.78,73.92,41.87,13.535549399815327,7.78,114.05,73.53,15.03,58.24,7.72,246.0,2017,12,21,Winter
Ahmedabad,2017-12-22,67.44,82.9102228224173,5.95,62.74,35.05,13.535549399815327,5.95,99.05,93.19,12.12,47.21,5.22,216.0,2017,12,22,Winter
Ahmedabad,2017-12-23,77.76,82.9102228224173,25.81,78.94,57.77,13.535549399815327,25.81,110.69,79.46,19.04,87.65,20.17,306.0,2017,12,23,Winter
Ahmedabad,2017-12-24,96.71,82.9102228224173,19.89,101.08,64.15,13.535549399815327,19.89,127.91,54.97,22.98,101.88,17.71,650.0,2017,12,24,Winter
Ahmedabad,2017-12-25,75.14,82.9102228224173,29.6,89.68,65.84,13.535549399815327,29.6,116.39,67.14,19.73,87.41,17.33,515.0,2017,12,25,Winter
Ahmedabad,2017-12-26,69.27,82.9102228224173,15.17,79.33,52.7,13.535549399815327,15.17,85.87,65.28,15.99,69.1,11.46,529.0,2017,12,26,Winter
Ahmedabad,2017-12-27,71.54,82.9102228224173,26.95,89.06,63.56,13.535549399815327,26.95,111.43,65.58,21.84,106.69,16.78,404.0,2017,12,27,Winter
Ahmedabad,2017-12-28,104.13,82.9102228224173,43.47,101.35,81.88,13.535549399815327,43.47,113.39,58.08,29.83,84.76,26.51,773.0,2017,12,28,Winter
Ahmedabad,2017-12-29,88.93,82.9102228224173,30.55,93.2,68.26,13.535549399815327,30.55,112.46,61.52,21.93,99.28,17.48,763.0,2017,12,29,Winter
Ahmedabad,2017-12-30,82.03,82.9102228224173,14.9,92.12,56.06,13.535549399815327,14.9,113.34,65.25,19.32,59.77,9.53,474.0,2017,12,30,Winter
Ahmedabad,2017-12-31,84.43,82.9102228224173,6.85,74.68,41.54,13.535549399815327,6.85,115.41,90.79,13.58,45.82,6.52,343.0,2017,12,31,Winter
Ahmedabad,2018-01-01,84.46,82.9102228224173,7.58,87.62,48.4,13.535549399815327,7.58,102.36,69.02,14.48,45.6,6.33,278.0,2018,1,1,Winter
Ahmedabad,2018-01-02,76.51,82.9102228224173,9.26,76.69,44.32,13.535549399815327,9.26,103.46,93.51,14.29,61.83,7.48,256.0,2018,1,2,Winter
Ahmedabad,2018-01-03,63.88,82.9102228224173,13.87,69.32,44.16,13.535549399815327,13.87,70.3,105.33,12.77,60.99,9.5,300.0,2018,1,3,Winter
Ahmedabad,2018-01-04,81.1,82.9102228224173,19.42,109.07,67.15,13.535549399815327,19.42,93.3,65.69,19.56,72.46,11.29,532.0,2018,1,4,Winter
Ahmedabad,2018-01-05,73.61,82.9102228224173,25.96,173.08,103.8,13.535549399815327,25.96,93.86,36.51,17.69,61.48,9.93,534.0,2018,1,5,Winter
Ahmedabad,2018-01-06,75.79,82.9102228224173,31.55,146.8,95.16,13.535549399815327,31.55,113.82,41.95,21.18,64.94,11.11,738.0,2018,1,6,Winter
Ahmedabad,2018-01-07,77.87,82.9102228224173,23.19,137.62,84.44,13.535549399815327,23.19,107.58,50.46,16.52,56.8,10.21,622.0,2018,1,7,Winter
Ahmedabad,2018-01-08,77.72,82.9102228224173,8.91,135.66,72.82,13.535549399815327,8.91,101.93,48.73,14.27,49.51,6.42,517.0,2018,1,8,Winter
Ahmedabad,2018-01-09,66.89,82.9102228224173,5.86,92.57,49.53,13.535549399815327,5.86,89.53,68.56,9.0,37.96,4.21,216.0,2018,1,9,Winter
Ahmedabad,2018-01-10,74.57,82.9102228224173,16.31,133.53,77.31,13.535549399815327,16.31,103.2,55.23,12.18,55.8,8.0,316.0,2018,1,10,Winter
Ahmedabad,2018-01-11,89.1,82.9102228224173,44.57,137.16,100.17,13.535549399815327,44.57,92.55,59.41,18.16,59.55,18.01,586.0,2018,1,11,Winter
Ahmedabad,2018-01-12,110.34,82.9102228224173,30.4,150.93,94.57,13.535549399815327,30.4,95.48,47.58,16.99,102.25,16.31,898.0,2018,1,12,Winter
Ahmedabad,2018-01-13,82.53,82.9102228224173,20.58,150.48,88.76,13.535549399815327,20.58,106.65,43.23,15.93,76.58,13.48,421.0,2018,1,13,Winter
Ahmedabad,2018-01-14,108.01,82.9102228224173,22.69,132.63,81.63,13.535549399815327,22.69,86.78,10.99,15.14,58.18,10.19,542.0,2018,1,14,Winter
Ahmedabad,2018-01-15,92.94,82.9102228224173,14.34,114.26,66.44,13.535549399815327,14.34,83.85,51.68,11.26,38.97,7.45,610.0,2018,1,15,Winter
Ahmedabad,2018-01-16,87.3,82.9102228224173,44.01,163.43,112.56,13.535549399815327,44.01,127.99,12.21,18.24,77.88,13.33,716.0,2018,1,16,Winter
Ahmedabad,2018-01-17,89.06,82.9102228224173,29.54,132.69,86.77,13.535549399815327,29.54,119.07,41.74,25.0,85.81,13.5,804.0,2018,1,17,Winter
Ahmedabad,2018-01-18,51.61,82.9102228224173,32.42,127.3,86.29,13.535549399815327,32.42,100.99,31.7,14.07,54.29,9.53,656.0,2018,1,18,Winter
Ahmedabad,2018-01-19,91.13,82.9102228224173,65.07,169.17,131.09,13.535549399815327,65.07,128.78,25.03,21.46,61.87,9.84,1201.0,2018,1,19,Winter
Ahmedabad,2018-01-20,88.69,82.9102228224173,52.45,164.88,122.7,13.535549399815327,52.45,100.85,60.49,26.98,118.22,24.42,294.76488095238096,2018,1,20,Winter
Ahmedabad,2018-01-21,108.92,82.9102228224173,30.7,273.39,155.55,13.535549399815327,30.7,113.34,59.23,39.79,189.75,48.76,595.0,2018,1,21,Winter
Ahmedabad,2018-01-22,89.63,82.9102228224173,9.92,141.29,76.32,13.535549399815327,9.92,124.11,70.9,14.07,48.33,4.11,384.0,2018,1,22,Winter
Ahmedabad,2018-01-23,55.27,82.9102228224173,29.44,86.96,66.11,13.535549399815327,29.44,91.67,47.71,7.96,40.51,7.73,332.0,2018,1,23,Winter
Ahmedabad,2018-01-24,97.88,82.9102228224173,52.63,123.1,111.32,13.535549399815327,52.63,100.55,40.9,25.75,109.29,18.66,1155.0,2018,1,24,Winter
Ahmedabad,2018-01-25,128.56,82.9102228224173,89.57,160.65,157.6,13.535549399815327,89.57,124.43,40.06,36.0,111.01,29.73,1355.0,2018,1,25,Winter
Ahmedabad,2018-01-26,103.63,82.9102228224173,52.92,173.52,132.44,13.535549399815327,52.92,96.19,43.5,24.12,102.83,20.09,1367.0,2018,1,26,Winter
Ahmedabad,2018-01-27,102.16,82.9102228224173,15.17,145.55,82.32,13.535549399815327,15.17,137.02,63.22,13.51,56.14,5.82,795.0,2018,1,27,Winter
Ahmedabad,2018-01-28,89.53,82.9102228224173,35.38,122.51,94.35,13.535549399815327,35.38,156.59,83.69,14.9,82.3,12.69,430.0,2018,1,28,Winter
Ahmedabad,2018-01-29,101.92,82.9102228224173,65.27,189.67,141.23,13.535549399815327,65.27,125.54,41.52,18.18,69.89,13.38,1153.0,2018,1,29,Winter
Ahmedabad,2018-01-30,117.99,82.9102228224173,83.78,203.41,161.75,13.535549399815327,83.78,147.58,41.0,24.68,100.81,19.45,1414.0,2018,1,30,Winter
Ahmedabad,2018-01-31,115.79,82.9102228224173,42.54,166.11,124.97,13.535549399815327,42.54,151.92,32.24,12.32,41.88,8.79,1042.0,2018,1,31,Winter
Ahmedabad,2018-02-01,189.12,82.9102228224173,94.0,178.13,160.97,13.535549399815327,94.0,168.44,39.06,0.74,5.81,3.21,1613.0,2018,2,1,Winter
Ahmedabad,2018-02-02,88.37,82.9102228224173,15.14,155.73,87.26,13.535549399815327,15.14,106.29,44.14,0.74,5.81,3.21,433.0,2018,2,2,Winter
Ahmedabad,2018-02-03,96.64,82.9102228224173,73.16,201.59,152.93,13.535549399815327,73.16,146.13,7.97,0.74,5.81,3.21,692.0,2018,2,3,Winter
Ahmedabad,2018-02-04,98.0,82.9102228224173,71.48,201.17,151.47,13.535549399815327,71.48,146.25,7.94,0.74,5.81,3.21,620.0,2018,2,4,Winter
Ahmedabad,2018-02-05,93.31,82.9102228224173,49.85,186.16,128.01,13.535549399815327,49.85,142.83,32.93,0.74,5.81,3.21,617.0,2018,2,5,Winter
Ahmedabad,2018-02-06,104.89,82.9102228224173,25.46,153.96,94.11,13.535549399815327,25.46,121.22,38.11,0.74,5.81,3.21,590.0,2018,2,6,Winter
Ahmedabad,2018-02-07,109.34,82.9102228224173,27.03,156.18,96.35,13.535549399815327,27.03,121.57,49.84,0.74,5.81,3.21,856.0,2018,2,7,Winter
Ahmedabad,2018-02-08,70.25,82.9102228224173,48.11,140.78,105.05,13.535549399815327,48.11,97.56,55.79,0.74,5.81,3.21,587.0,2018,2,8,Winter
Ahmedabad,2018-02-09,103.17,82.9102228224173,108.99,173.67,166.23,13.535549399815327,108.99,125.46,42.09,0.74,5.81,3.21,1423.0,2018,2,9,Winter
Ahmedabad,2018-02-10,185.77,82.9102228224173,124.01,172.84,186.66,13.535549399815327,124.01,120.94,40.97,0.74,5.81,3.21,1917.0,2018,2,10,Winter
Ahmedabad,2018-02-11,84.48,82.9102228224173,20.33,99.65,63.78,13.535549399815327,20.33,151.24,29.52,0.74,5.81,3.21,471.0,2018,2,11,Winter
Ahmedabad,2018-02-12,89.41,82.9102228224173,28.93,130.93,85.46,13.535549399815327,28.93,110.86,34.08,0.74,5.81,3.21,488.0,2018,2,12,Winter
Ahmedabad,2018-02-13,64.61,82.9102228224173,10.31,117.16,64.84,13.535549399815327,10.31,104.81,51.44,0.74,5.81,3.21,471.0,2018,2,13,Winter
Ahmedabad,2018-02-14,65.35,82.9102228224173,6.17,104.31,53.74,13.535549399815327,6.17,59.29,64.67,0.74,5.81,3.21,172.0,2018,2,14,Winter
Ahmedabad,2018-02-15,52.18,82.9102228224173,32.36,106.89,76.29,13.535549399815327,32.36,84.2,62.74,0.74,5.81,3.21,390.0,2018,2,15,Winter
Ahmedabad,2018-02-16,75.13,82.9102228224173,36.67,176.38,113.4,13.535549399815327,36.67,124.9,67.84,0.74,5.81,3.21,802.0,2018,2,16,Winter
Ahmedabad,2018-02-17,83.65,82.9102228224173,47.49,180.34,123.41,13.535549399815327,47.49,130.27,47.95,0.74,5.81,3.21,1035.0,2018,2,17,Winter
Ahmedabad,2018-02-18,220.49,82.9102228224173,108.73,177.19,178.15,13.535549399815327,108.73,133.39,41.76,0.74,5.81,3.21,1477.0,2018,2,18,Winter
Ahmedabad,2018-02-19,242.66,82.9102228224173,132.47,199.17,246.03,13.535549399815327,132.47,36.68408281573499,44.06,0.74,5.81,3.21,2049.0,2018,2,19,Winter
Ahmedabad,2018-02-20,114.78,82.9102228224173,74.41,159.18,138.66,13.535549399815327,74.41,122.06,32.35,9.83,41.52,10.93,1314.0,2018,2,20,Winter
Ahmedabad,2018-02-21,92.92,82.9102228224173,66.96,164.78,130.45,13.535549399815327,66.96,123.47,46.91,18.99,134.73,29.26,1215.0,2018,2,21,Winter
Ahmedabad,2018-02-22,91.66,82.9102228224173,92.86,135.71,136.23,13.535549399815327,92.86,108.4,46.15,27.37,129.03,30.26,1483.0,2018,2,22,Winter
Ahmedabad,2018-02-23,138.4,82.9102228224173,134.85,141.97,169.89,13.535549399815327,134.85,127.68,25.63,28.04,205.68,40.05,1526.0,2018,2,23,Winter
Ahmedabad,2018-02-25,38.82,82.9102228224173,27.81,125.35,81.9,13.535549399815327,27.81,91.52,46.78,7.73,72.55,16.33,294.76488095238096,2018,2,25,Winter
Ahmedabad,2018-02-26,49.18,82.9102228224173,30.05,135.69,88.62,13.535549399815327,30.05,123.83,40.63,10.88,75.24,15.72,460.0,2018,2,26,Winter
Ahmedabad,2018-02-27,56.42,82.9102228224173,35.02,152.62,100.58,13.535549399815327,35.02,124.25,44.79,11.98,88.61,18.38,700.0,2018,2,27,Winter
Ahmedabad,2018-02-28,60.36,82.9102228224173,18.78,177.23,100.47,13.535549399815327,18.78,124.95,51.14,15.64,93.04,18.76,831.0,2018,2,28,Winter
Ahmedabad,2018-03-01,54.45,82.9102228224173,8.51,116.22,63.04,13.535549399815327,8.51,167.13,9.36,11.97,70.75,17.01,291.0,2018,3,1,Summer
Ahmedabad,2018-03-02,53.5,82.9102228224173,4.52,105.31,54.74,13.535549399815327,4.52,171.32,36.608304512863775,11.62,69.29,16.62,132.0,2018,3,2,Summer
Ahmedabad,2018-03-03,41.64,82.9102228224173,13.79,104.44,61.23,13.535549399815327,13.79,109.4,63.12,12.47,69.84,13.17,212.0,2018,3,3,Summer
Ahmedabad,2018-03-04,32.36,82.9102228224173,25.68,78.27,57.34,13.535549399815327,25.68,71.59,44.82,7.3,76.14,12.58,717.0,2018,3,4,Summer
Ahmedabad,2018-03-05,29.98,82.9102228224173,22.14,114.5,72.38,13.535549399815327,22.14,97.02,37.0,8.94,64.57,11.58,525.0,2018,3,5,Summer
Ahmedabad,2018-03-06,33.3,82.9102228224173,52.23,128.12,111.18,13.535549399815327,52.23,99.65,42.05,20.61,91.72,19.35,777.0,2018,3,6,Summer
Ahmedabad,2018-03-07,56.51,82.9102228224173,10.58,121.56,66.9,13.535549399815327,10.58,81.19,54.42,8.42,53.98,13.31,807.0,2018,3,7,Summer
Ahmedabad,2018-03-08,88.85,82.9102228224173,46.93,147.44,109.62,13.535549399815327,46.93,82.23,67.24,13.08,69.23,13.24,520.0,2018,3,8,Summer
Ahmedabad,2018-03-09,111.68,82.9102228224173,41.3,119.71,108.46,13.535549399815327,41.3,94.48,53.57,17.49,68.66,16.0,1171.0,2018,3,9,Summer
Ahmedabad,2018-03-10,114.06,82.9102228224173,52.37,131.09,118.44,13.535549399815327,52.37,82.54,56.94,56.27,107.66,25.67,1332.0,2018,3,10,Summer
Ahmedabad,2018-03-11,116.93,82.9102228224173,31.48,118.96,104.3,13.535549399815327,31.48,98.31,53.2,24.48,128.41,25.34,1260.0,2018,3,11,Summer
Ahmedabad,2018-03-12,84.19,82.9102228224173,51.41,136.64,105.02,13.535549399815327,51.41,101.89,50.69,21.27,63.94,9.42,708.0,2018,3,12,Summer
Ahmedabad,2018-03-13,98.53,82.9102228224173,70.03,101.27,105.37,13.535549399815327,70.03,82.76,38.63,14.37,58.25,11.7,1108.0,2018,3,13,Summer
Ahmedabad,2018-03-14,84.16,82.9102228224173,17.12,91.61,57.46,13.535549399815327,17.12,72.88,24.38,13.56,35.06,6.01,761.0,2018,3,14,Summer
Ahmedabad,2018-03-15,71.82,82.9102228224173,37.72,77.57,75.31,13.535549399815327,37.72,59.98,46.07,15.85,41.29,8.02,541.0,2018,3,15,Summer
Ahmedabad,2018-03-16,80.51,82.9102228224173,80.75,83.56,104.64,13.535549399815327,80.75,45.11,36.86,19.32,76.59,13.9,1274.0,2018,3,16,Summer
Ahmedabad,2018-03-17,133.48,82.9102228224173,54.16,112.13,95.12,13.535549399815327,54.16,93.54,45.02,14.09,54.92,9.61,1241.0,2018,3,17,Summer
Ahmedabad,2018-03-18,116.54,82.9102228224173,45.17,140.86,103.35,13.535549399815327,45.17,118.35,10.65,11.53,66.97,9.89,1210.0,2018,3,18,Summer
Ahmedabad,2018-03-19,98.49,82.9102228224173,17.14,87.62,55.53,13.535549399815327,17.14,56.14,36.608304512863775,7.12,31.65,5.03,301.0,2018,3,19,Summer
Ahmedabad,2018-03-20,160.68,82.9102228224173,14.93,97.06,58.49,13.535549399815327,14.93,51.32,59.78,7.58,39.23,4.58,549.0,2018,3,20,Summer
Ahmedabad,2018-03-21,102.05,82.9102228224173,15.35,81.15,51.04,13.535549399815327,15.35,57.4,47.29,0.99,7.55,6.0,414.0,2018,3,21,Summer
Ahmedabad,2018-03-22,100.33,82.9102228224173,9.58,92.44,52.24,13.535549399815327,9.58,37.78,60.16,0.74,5.89,3.79,484.0,2018,3,22,Summer
Ahmedabad,2018-03-23,99.73,82.9102228224173,30.04,152.23,96.68,13.535549399815327,30.04,75.71,62.24,0.74,6.68,3.21,577.0,2018,3,23,Summer
Ahmedabad,2018-03-24,104.22,82.9102228224173,39.51,142.95,118.86,13.535549399815327,39.51,72.1,52.74,0.74,5.81,3.21,862.0,2018,3,24,Summer
Ahmedabad,2018-03-25,109.8,82.9102228224173,30.62,132.61,87.54,13.535549399815327,30.62,99.72,57.77,0.74,5.81,3.21,889.0,2018,3,25,Summer
Ahmedabad,2018-03-26,124.44,82.9102228224173,42.25,147.48,125.33,13.535549399815327,42.25,119.98,51.56,0.74,5.81,3.21,1001.0,2018,3,26,Summer
Ahmedabad,2018-03-27,180.27,82.9102228224173,63.29,156.21,132.31,13.535549399815327,63.29,118.43,50.27,7.21,31.9,6.99,1156.0,2018,3,27,Summer
Ahmedabad,2018-03-28,138.6,82.9102228224173,13.28,93.81,55.67,13.535549399815327,13.28,116.67,55.1,12.15,41.59,6.18,691.0,2018,3,28,Summer
Ahmedabad,2018-03-29,139.21,82.9102228224173,61.15,148.06,117.86,13.535549399815327,61.15,103.12,63.73,16.49,48.57,8.29,308.0,2018,3,29,Summer
Ahmedabad,2018-03-30,154.09,82.9102228224173,51.8,101.12,94.39,13.535549399815327,51.8,111.55,48.08,17.66,60.63,10.61,965.0,2018,3,30,Summer
Ahmedabad,2018-03-31,121.0,82.9102228224173,14.95,93.59,56.81,13.535549399815327,14.95,119.43,50.94,9.17,34.15,4.39,1434.0,2018,3,31,Summer
Ahmedabad,2018-04-01,80.56,82.9102228224173,44.37,126.32,95.06,13.535549399815327,44.37,118.21,52.22,10.26,49.38,7.55,579.0,2018,4,1,Summer
Ahmedabad,2018-04-02,103.75,82.9102228224173,22.81,98.54,65.46,13.535549399815327,22.81,117.34,50.17,11.45,56.31,8.65,1034.0,2018,4,2,Summer
Ahmedabad,2018-04-03,75.68,82.9102228224173,10.93,70.57,42.58,13.535549399815327,10.93,106.94,68.45,8.15,32.62,4.76,498.0,2018,4,3,Summer
Ahmedabad,2018-04-04,62.83,82.9102228224173,21.11,68.69,49.24,13.535549399815327,21.11,67.09,71.3,9.24,29.75,5.67,265.0,2018,4,4,Summer
Ahmedabad,2018-04-05,104.23,82.9102228224173,40.3,69.08,63.98,13.535549399815327,40.3,19.21,42.57,15.3,42.19,8.47,740.0,2018,4,5,Summer
Ahmedabad,2018-04-06,91.04,82.9102228224173,5.88,64.6,35.89,13.535549399815327,5.88,74.09,29.65,7.72,23.75,3.88,856.0,2018,4,6,Summer
Ahmedabad,2018-04-07,90.13,82.9102228224173,15.24,81.38,51.07,13.535549399815327,15.24,73.62,73.07,8.88,32.62,5.49,304.0,2018,4,7,Summer
Ahmedabad,2018-04-08,160.43,82.9102228224173,19.45,65.53,46.48,13.535549399815327,19.45,49.95,55.47,11.37,31.65,4.75,657.0,2018,4,8,Summer
Ahmedabad,2018-04-09,94.55,82.9102228224173,20.11,58.27,43.43,13.535549399815327,20.11,51.53,57.33,3.6,24.02,3.49,403.0,2018,4,9,Summer
Ahmedabad,2018-04-10,124.59,82.9102228224173,30.88,67.31,55.88,13.535549399815327,30.88,82.97,27.52,9.43,37.02,3.85,596.0,2018,4,10,Summer
Ahmedabad,2018-04-11,92.5,82.9102228224173,18.14,61.82,43.69,13.535549399815327,18.14,77.85,22.98,7.83,26.62,3.21,392.0,2018,4,11,Summer
Ahmedabad,2018-04-12,86.29,82.9102228224173,16.35,60.84,41.88,13.535549399815327,16.35,82.34,31.03,6.17,25.77,3.63,414.0,2018,4,12,Summer
Ahmedabad,2018-04-13,104.21,82.9102228224173,22.52,72.51,52.07,13.535549399815327,22.52,65.42,39.14,10.93,36.5,7.05,442.0,2018,4,13,Summer
Ahmedabad,2018-04-14,88.5,82.9102228224173,26.61,60.36,49.28,13.535549399815327,26.61,3.3,32.95,10.73,32.52,5.64,438.0,2018,4,14,Summer
Ahmedabad,2018-04-15,84.47,82.9102228224173,23.17,61.41,47.25,13.535549399815327,23.17,3.3,45.89,7.15,33.77,4.58,561.0,2018,4,15,Summer
Ahmedabad,2018-04-16,73.54,82.9102228224173,29.4,62.95,52.65,13.535549399815327,29.4,3.3,36.608304512863775,9.83,39.22,5.94,660.0,2018,4,16,Summer
Ahmedabad,2018-04-17,53.89,82.9102228224173,31.91,58.22,52.21,13.535549399815327,31.91,18.91,60.58,2.32,14.65,3.73,616.0,2018,4,17,Summer
Ahmedabad,2018-04-18,60.08,82.9102228224173,48.77,47.34,60.53,13.535549399815327,48.77,22.65,51.62,6.72,30.49,6.85,855.0,2018,4,18,Summer
Ahmedabad,2018-04-19,53.13,82.9102228224173,12.2,44.61,30.87,13.535549399815327,12.2,94.03,36.42,4.19,20.03,4.64,633.0,2018,4,19,Summer
Ahmedabad,2018-04-20,71.3,82.9102228224173,7.93,35.8,23.38,13.535549399815327,7.93,63.28,34.83,0.74,6.61,3.21,274.0,2018,4,20,Summer
Ahmedabad,2018-04-21,37.9,82.9102228224173,4.96,31.24,18.93,13.535549399815327,4.96,16.31,34.76,0.74,15.2,3.21,210.0,2018,4,21,Summer
Ahmedabad,2018-04-22,78.18,82.9102228224173,20.3,71.56,50.06,13.535549399815327,20.3,51.41,10.44,6.65,35.04,5.1,478.0,2018,4,22,Summer
Ahmedabad,2018-04-23,56.35,82.9102228224173,25.34,86.03,60.88,13.535549399815327,25.34,15.96,77.4,7.94,40.35,8.15,465.0,2018,4,23,Summer
Ahmedabad,2018-04-24,59.66,82.9102228224173,47.44,77.68,77.3,13.535549399815327,47.44,26.01,63.51,11.44,63.31,9.05,836.0,2018,4,24,Summer
Ahmedabad,2018-04-25,114.6,82.9102228224173,42.76,36.29,49.36,13.535549399815327,42.76,22.99,56.47,9.97,51.66,10.88,1235.0,2018,4,25,Summer
Ahmedabad,2018-04-26,74.48,82.9102228224173,9.84,51.25,32.34,13.535549399815327,9.84,48.6,37.97,5.49,26.4,3.76,525.0,2018,4,26,Summer
Ahmedabad,2018-04-27,81.11,82.9102228224173,25.37,48.95,42.76,13.535549399815327,25.37,40.55,26.21,8.55,37.83,5.85,525.0,2018,4,27,Summer
Ahmedabad,2018-04-28,100.39,82.9102228224173,10.39,42.83,28.5,13.535549399815327,10.39,42.89,30.16,5.91,23.33,3.34,650.0,2018,4,28,Summer
Ahmedabad,2018-04-29,39.97,82.9102228224173,7.15,32.39,19.83,13.535549399815327,7.15,30.7,36.08,2.62,15.35,3.21,219.0,2018,4,29,Summer
Ahmedabad,2018-04-30,53.61,82.9102228224173,16.93,37.01,19.98,13.535549399815327,16.93,51.64,16.92,6.99,21.11,2.51,328.0,2018,4,30,Summer
Ahmedabad,2018-05-01,63.06,82.9102228224173,13.88,28.22,24.09,13.535549399815327,13.88,69.46,25.88,9.26,28.44,0.65,351.0,2018,5,1,Summer
Ahmedabad,2018-05-02,46.17,82.9102228224173,10.7,30.48,22.85,13.535549399815327,10.7,51.35,27.9,6.65,28.04,0.65,286.0,2018,5,2,Summer
Ahmedabad,2018-05-03,61.24,82.9102228224173,14.21,35.33,27.84,13.535549399815327,14.21,82.15,9.69,8.99,32.13,0.65,337.0,2018,5,3,Summer
Ahmedabad,2018-05-04,41.81,82.9102228224173,8.66,27.69,19.91,13.535549399815327,8.66,36.92,36.608304512863775,5.04,23.67,0.65,249.0,2018,5,4,Summer
Ahmedabad,2018-05-05,55.09,82.9102228224173,15.63,33.93,28.21,13.535549399815327,15.63,57.46,36.608304512863775,15.19,32.95,1.79,376.0,2018,5,5,Summer
Ahmedabad,2018-05-06,65.54,82.9102228224173,13.95,36.07,27.95,13.535549399815327,13.95,87.14,36.608304512863775,11.0,31.53,0.65,415.0,2018,5,6,Summer
Ahmedabad,2018-05-07,41.04,82.9102228224173,7.56,28.36,19.48,13.535549399815327,7.56,54.07,36.608304512863775,5.02,20.38,0.65,228.0,2018,5,7,Summer
Ahmedabad,2018-05-08,49.71,82.9102228224173,9.59,28.6,21.11,13.535549399815327,9.59,53.54,34.54,7.95,26.87,0.65,266.0,2018,5,8,Summer
Ahmedabad,2018-05-09,44.75,82.9102228224173,10.25,28.9,21.64,13.535549399815327,10.25,65.8,28.02,7.63,26.17,1.04,257.0,2018,5,9,Summer
Ahmedabad,2018-05-10,45.84,82.9102228224173,26.72,29.72,34.15,13.535549399815327,26.72,61.44,35.85,13.84,45.8,4.61,409.0,2018,5,10,Summer
Ahmedabad,2018-05-11,76.36,82.9102228224173,8.33,33.82,22.72,13.535549399815327,8.33,96.8,51.0,7.07,30.0,0.65,524.0,2018,5,11,Summer
Ahmedabad,2018-05-12,44.79,82.9102228224173,7.28,32.12,21.1,13.535549399815327,7.28,74.84,37.9,6.22,30.82,0.65,222.0,2018,5,12,Summer
Ahmedabad,2018-05-13,50.16,82.9102228224173,13.86,28.17,24.09,13.535549399815327,13.86,80.78,28.52,7.5,31.48,0.65,332.0,2018,5,13,Summer
Ahmedabad,2018-05-14,49.07,82.9102228224173,8.51,30.74,21.34,13.535549399815327,8.51,88.3,27.48,6.89,31.88,0.65,272.0,2018,5,14,Summer
Ahmedabad,2018-05-15,46.06,82.9102228224173,7.07,27.6,18.74,13.535549399815327,7.07,59.55,32.54,5.54,27.16,0.65,232.0,2018,5,15,Summer
Ahmedabad,2018-05-16,52.82,82.9102228224173,9.88,28.48,21.26,13.535549399815327,9.88,73.73,27.07,6.94,29.35,0.96,247.0,2018,5,16,Summer
Ahmedabad,2018-05-17,53.39,82.9102228224173,6.91,30.28,19.9,13.535549399815327,6.91,56.45,31.93,6.21,32.04,0.82,254.0,2018,5,17,Summer
Ahmedabad,2018-05-18,59.44,82.9102228224173,6.67,31.77,20.48,13.535549399815327,6.67,86.73,38.54,5.65,31.0,0.65,236.0,2018,5,18,Summer
Ahmedabad,2018-05-19,71.01,82.9102228224173,7.69,38.17,24.36,13.535549399815327,7.69,106.62,24.78,9.05,35.54,0.93,273.0,2018,5,19,Summer
Ahmedabad,2018-05-20,59.98,82.9102228224173,8.89,31.95,22.22,13.535549399815327,8.89,97.46,36.608304512863775,7.68,31.62,0.87,273.0,2018,5,20,Summer
Ahmedabad,2018-05-21,50.7,82.9102228224173,8.58,33.44,22.69,13.535549399815327,8.58,27.74,59.94,6.92,32.76,0.65,256.0,2018,5,21,Summer
Ahmedabad,2018-05-22,69.87,82.9102228224173,6.96,34.82,22.14,13.535549399815327,6.96,16.35,40.76,8.23,32.22,0.65,217.0,2018,5,22,Summer
Ahmedabad,2018-05-23,61.53,82.9102228224173,10.41,42.53,28.52,13.535549399815327,10.41,17.94,48.3,9.75,38.71,1.37,291.0,2018,5,23,Summer
Ahmedabad,2018-05-24,67.03,82.9102228224173,10.37,38.68,26.61,13.535549399815327,10.37,21.21,32.34,9.79,33.02,0.65,314.0,2018,5,24,Summer
Ahmedabad,2018-05-25,43.37,82.9102228224173,20.03,35.01,32.02,13.535549399815327,20.03,56.38,40.07,8.28,43.42,3.43,355.0,2018,5,25,Summer
Ahmedabad,2018-05-26,60.05,82.9102228224173,22.86,40.83,36.98,13.535549399815327,22.86,95.07,33.52,16.03,50.15,4.78,587.0,2018,5,26,Summer
Ahmedabad,2018-05-27,56.93,82.9102228224173,10.46,30.45,22.62,13.535549399815327,10.46,102.66,37.12,6.98,33.54,0.87,535.0,2018,5,27,Summer
Ahmedabad,2018-05-28,44.14,82.9102228224173,18.18,18.82,24.15,13.535549399815327,18.18,109.33,31.1,5.48,30.25,0.65,366.0,2018,5,28,Summer
Ahmedabad,2018-05-29,69.0,82.9102228224173,25.24,7.32,21.03,13.535549399815327,25.24,131.7,36.608304512863775,4.74,30.99,0.65,404.0,2018,5,29,Summer
Ahmedabad,2018-05-30,43.53,82.9102228224173,17.41,58.56,25.49,13.535549399815327,17.41,56.99,20.24,4.3,28.74,1.97,294.76488095238096,2018,5,30,Summer
Ahmedabad,2018-05-31,16.63,82.9102228224173,14.05,73.8,42.09,13.535549399815327,14.05,62.47,19.51,4.46,28.21,0.88,294.76488095238096,2018,5,31,Summer
Ahmedabad,2018-06-01,78.16,82.9102228224173,18.21,55.31,40.57,13.535549399815327,18.21,59.64,15.87,5.1,30.68,0.65,355.0,2018,6,1,Monsoon
Ahmedabad,2018-06-02,83.27,82.9102228224173,15.82,50.38,36.38,13.535549399815327,15.82,46.16,18.23,6.38,27.68,0.65,338.0,2018,6,2,Monsoon
Ahmedabad,2018-06-03,63.79,82.9102228224173,14.35,48.44,34.34,13.535549399815327,14.35,56.5,36.608304512863775,5.66,23.81,0.65,351.0,2018,6,3,Monsoon
Ahmedabad,2018-06-04,50.27,82.9102228224173,9.53,46.15,29.62,13.535549399815327,9.53,43.76,36.608304512863775,4.93,23.3,0.65,280.0,2018,6,4,Monsoon
Ahmedabad,2018-06-05,51.54,82.9102228224173,13.48,51.04,34.95,13.535549399815327,13.48,37.58,6.9,5.61,31.16,0.65,297.0,2018,6,5,Monsoon
Ahmedabad,2018-06-06,54.35,82.9102228224173,11.58,50.45,33.25,13.535549399815327,11.58,49.66,14.85,5.31,25.54,0.65,319.0,2018,6,6,Monsoon
Ahmedabad,2018-06-07,53.59,82.9102228224173,10.18,45.53,29.81,13.535549399815327,10.18,59.53,17.93,4.73,22.97,0.65,247.0,2018,6,7,Monsoon
Ahmedabad,2018-06-08,55.77,82.9102228224173,13.06,45.87,32.12,13.535549399815327,13.06,44.42,13.14,5.04,23.88,0.65,321.0,2018,6,8,Monsoon
Ahmedabad,2018-06-09,63.58,82.9102228224173,13.97,43.32,31.56,13.535549399815327,13.97,63.59,5.08,6.97,29.52,0.65,319.0,2018,6,9,Monsoon
Ahmedabad,2018-06-10,103.08,82.9102228224173,16.31,59.19,39.35,13.535549399815327,16.31,53.73,36.608304512863775,9.25,31.08,2.75,345.0,2018,6,10,Monsoon
Ahmedabad,2018-06-11,78.25,82.9102228224173,24.41,35.12,35.35,13.535549399815327,24.41,44.25,14.76,4.86,44.1,1.03,492.0,2018,6,11,Monsoon
Ahmedabad,2018-06-12,77.84,82.9102228224173,35.49,31.88,42.03,13.535549399815327,35.49,44.19,21.0,7.51,65.42,1.39,491.0,2018,6,12,Monsoon
Ahmedabad,2018-06-13,69.99,82.9102228224173,39.53,43.61,50.77,13.535549399815327,39.53,30.82,21.49,7.39,57.46,0.72,503.0,2018,6,13,Monsoon
Ahmedabad,2018-06-14,78.7,82.9102228224173,43.78,42.9,53.6,13.535549399815327,43.78,31.43,20.06,8.43,59.55,1.17,523.0,2018,6,14,Monsoon
Ahmedabad,2018-06-15,59.96,82.9102228224173,43.3,36.48,50.1,13.535549399815327,43.3,34.88,17.65,8.2,63.22,0.84,539.0,2018,6,15,Monsoon
Ahmedabad,2018-06-16,48.27,82.9102228224173,38.0,36.24,46.04,13.535549399815327,38.0,34.93,18.73,6.47,60.4,1.3,492.0,2018,6,16,Monsoon
Ahmedabad,2018-06-17,44.81,82.9102228224173,41.38,35.46,48.18,13.535549399815327,41.38,37.6,36.608304512863775,5.08,62.54,0.94,513.0,2018,6,17,Monsoon
Ahmedabad,2018-06-18,55.21,82.9102228224173,39.11,35.74,46.62,13.535549399815327,39.11,39.57,36.608304512863775,4.61,64.19,0.96,497.0,2018,6,18,Monsoon
Ahmedabad,2018-06-19,40.89,82.9102228224173,29.34,44.16,43.44,13.535549399815327,29.34,31.95,36.608304512863775,4.36,62.59,0.8,433.0,2018,6,19,Monsoon
Ahmedabad,2018-06-20,41.59,82.9102228224173,35.38,49.96,50.77,13.535549399815327,35.38,43.99,36.608304512863775,4.88,66.45,1.15,484.0,2018,6,20,Monsoon
Ahmedabad,2018-06-21,39.02,82.9102228224173,33.35,49.53,49.05,13.535549399815327,33.35,40.84,36.608304512863775,4.85,66.65,1.88,471.0,2018,6,21,Monsoon
Ahmedabad,2018-06-22,33.5,82.9102228224173,38.95,49.55,53.24,13.535549399815327,38.95,41.5,36.608304512863775,4.28,67.57,1.39,502.0,2018,6,22,Monsoon
Ahmedabad,2018-06-23,39.42,82.9102228224173,35.54,51.25,51.52,13.535549399815327,35.54,47.27,36.608304512863775,4.0,65.57,1.1,495.0,2018,6,23,Monsoon
Ahmedabad,2018-06-24,46.84,82.9102228224173,65.72,54.72,73.09,13.535549399815327,65.72,36.48,23.07,9.31,78.82,13.73,486.0,2018,6,24,Monsoon
Ahmedabad,2018-06-25,51.63,82.9102228224173,44.96,43.38,54.71,13.535549399815327,44.96,27.32,36.608304512863775,7.05,64.39,2.56,524.0,2018,6,25,Monsoon
Ahmedabad,2018-06-26,38.12,82.9102228224173,40.63,45.66,52.59,13.535549399815327,40.63,26.76,36.608304512863775,6.64,58.54,0.65,556.0,2018,6,26,Monsoon
Ahmedabad,2018-06-27,27.79,82.9102228224173,37.69,41.59,48.41,13.535549399815327,37.69,39.2,13.74,6.64,55.54,1.1,508.0,2018,6,27,Monsoon
Ahmedabad,2018-06-28,36.27,82.9102228224173,25.63,45.79,41.46,13.535549399815327,25.63,54.98,10.53,7.39,39.1,5.67,413.0,2018,6,28,Monsoon
Ahmedabad,2018-06-29,76.41,82.9102228224173,26.44,53.18,45.67,13.535549399815327,26.44,43.42,2.05,6.07,43.73,1.54,421.0,2018,6,29,Monsoon
Ahmedabad,2018-06-30,62.72,82.9102228224173,21.89,50.49,40.97,13.535549399815327,21.89,22.02,0.72,7.76,21.06,2.85,400.0,2018,6,30,Monsoon
Ahmedabad,2018-07-01,48.12,82.9102228224173,19.06,61.63,44.28,13.535549399815327,19.06,24.98,0.91,4.82,21.34,1.19,361.0,2018,7,1,Monsoon
Ahmedabad,2018-07-02,36.8,82.9102228224173,21.07,53.33,41.74,13.535549399815327,21.07,24.97,1.16,5.02,33.98,1.11,385.0,2018,7,2,Monsoon
Ahmedabad,2018-07-03,41.37,82.9102228224173,25.53,38.1,37.64,13.535549399815327,25.53,18.91,1.08,4.73,42.94,0.65,428.0,2018,7,3,Monsoon
Ahmedabad,2018-07-04,302.08,82.9102228224173,27.2,28.1,34.0,13.535549399815327,27.2,46.94,0.88,5.26,43.43,0.65,440.0,2018,7,4,Monsoon
Ahmedabad,2018-07-05,37.15,82.9102228224173,34.33,58.02,53.92,13.535549399815327,34.33,34.41,1.04,7.62,47.28,5.26,510.0,2018,7,5,Monsoon
Ahmedabad,2018-07-06,59.76,82.9102228224173,29.58,57.8,50.27,13.535549399815327,29.58,17.67,2.02,6.57,44.61,0.8,513.0,2018,7,6,Monsoon
Ahmedabad,2018-07-07,71.94,82.9102228224173,17.35,98.32,60.91,13.535549399815327,17.35,25.74,2.03,6.49,55.23,6.37,365.0,2018,7,7,Monsoon
Ahmedabad,2018-07-08,47.95,82.9102228224173,17.08,151.73,87.48,13.535549399815327,17.08,25.91,2.51,4.57,103.81,2.86,336.0,2018,7,8,Monsoon
Ahmedabad,2018-07-09,55.91,82.9102228224173,19.87,66.69,47.36,13.535549399815327,19.87,32.64,1.8,4.73,68.95,1.92,377.0,2018,7,9,Monsoon
Ahmedabad,2018-07-10,72.06,82.9102228224173,24.72,59.1,47.28,13.535549399815327,24.72,32.64,1.26,6.55,29.36,0.75,442.0,2018,7,10,Monsoon
Ahmedabad,2018-07-11,127.23,82.9102228224173,29.02,37.32,39.86,13.535549399815327,29.02,26.37,0.38,9.88,43.19,1.07,421.0,2018,7,11,Monsoon
Ahmedabad,2018-07-12,127.37,82.9102228224173,25.58,40.59,38.89,13.535549399815327,25.58,34.39,2.77,9.63,41.09,2.52,428.0,2018,7,12,Monsoon
Ahmedabad,2018-07-13,36.42,82.9102228224173,30.52,49.52,46.93,13.535549399815327,30.52,37.17,3.29,5.56,58.37,0.65,472.0,2018,7,13,Monsoon
Ahmedabad,2018-07-14,40.97,82.9102228224173,29.94,113.8,77.86,13.535549399815327,29.94,22.82,3.69,7.93,52.09,0.94,478.0,2018,7,14,Monsoon
Ahmedabad,2018-07-15,33.38,82.9102228224173,20.68,62.15,45.75,13.535549399815327,20.68,21.06,4.35,4.45,21.03,0.65,422.0,2018,7,15,Monsoon
Ahmedabad,2018-07-16,33.51,82.9102228224173,17.84,40.85,33.24,13.535549399815327,17.84,28.85,7.95,4.82,20.33,0.65,347.0,2018,7,16,Monsoon
Ahmedabad,2018-07-17,29.56,82.9102228224173,30.82,74.11,59.15,13.535549399815327,30.82,19.34,3.34,8.73,35.82,6.65,461.0,2018,7,17,Monsoon
Ahmedabad,2018-07-18,21.89,82.9102228224173,27.75,63.9,51.88,13.535549399815327,27.75,16.32,3.02,5.8,30.43,0.65,447.0,2018,7,18,Monsoon
Ahmedabad,2018-07-19,44.87,82.9102228224173,31.41,68.29,56.75,13.535549399815327,31.41,17.39,3.24,10.48,40.62,0.65,486.0,2018,7,19,Monsoon
Ahmedabad,2018-07-20,33.16,82.9102228224173,31.02,54.23,49.6,13.535549399815327,31.02,17.09,4.47,11.79,37.99,1.16,510.0,2018,7,20,Monsoon
Ahmedabad,2018-07-21,45.25,82.9102228224173,35.01,61.65,56.2,13.535549399815327,35.01,23.87,2.96,13.66,45.89,0.9,576.0,2018,7,21,Monsoon
Ahmedabad,2018-07-22,48.95,82.9102228224173,25.57,63.01,49.82,13.535549399815327,25.57,19.19,2.96,9.86,57.34,1.03,485.0,2018,7,22,Monsoon
Ahmedabad,2018-07-23,42.89,82.9102228224173,34.86,51.28,51.03,13.535549399815327,34.86,19.96,36.608304512863775,8.55,56.71,0.79,488.0,2018,7,23,Monsoon
Ahmedabad,2018-07-24,48.36,82.9102228224173,43.24,57.71,60.42,13.535549399815327,43.24,21.19,36.608304512863775,9.96,55.29,0.79,613.0,2018,7,24,Monsoon
Ahmedabad,2018-07-25,51.7,82.9102228224173,39.25,54.05,55.65,13.535549399815327,39.25,20.02,36.608304512863775,10.25,37.19,0.72,577.0,2018,7,25,Monsoon
Ahmedabad,2018-07-26,43.18,82.9102228224173,29.79,51.27,47.24,13.535549399815327,29.79,18.21,36.608304512863775,6.41,27.58,0.65,474.0,2018,7,26,Monsoon
Ahmedabad,2018-07-27,35.8,82.9102228224173,29.72,48.89,46.03,13.535549399815327,29.72,19.94,36.608304512863775,5.77,26.88,0.65,458.0,2018,7,27,Monsoon
Ahmedabad,2018-07-28,37.76,82.9102228224173,23.91,45.39,39.98,13.535549399815327,23.91,19.83,36.608304512863775,4.59,25.32,0.65,428.0,2018,7,28,Monsoon
Ahmedabad,2018-07-29,38.1,82.9102228224173,27.77,47.92,44.1,13.535549399815327,27.77,25.27,36.608304512863775,4.78,26.7,0.65,429.0,2018,7,29,Monsoon
Ahmedabad,2018-07-30,39.43,82.9102228224173,29.96,47.83,45.69,13.535549399815327,29.96,24.1,36.608304512863775,4.98,28.67,0.65,461.0,2018,7,30,Monsoon
Ahmedabad,2018-07-31,51.78,82.9102228224173,28.69,45.29,43.51,13.535549399815327,28.69,61.88,36.608304512863775,5.42,25.96,0.65,450.0,2018,7,31,Monsoon
Ahmedabad,2018-08-01,63.4,82.9102228224173,26.58,48.24,43.36,13.535549399815327,26.58,109.6,36.608304512863775,5.72,24.87,0.65,453.0,2018,8,1,Monsoon
Ahmedabad,2018-08-02,58.21,82.9102228224173,25.51,49.85,43.35,13.535549399815327,25.51,106.17,36.608304512863775,5.99,28.19,0.65,459.0,2018,8,2,Monsoon
Ahmedabad,2018-08-03,47.83,82.9102228224173,25.73,49.36,43.28,13.535549399815327,25.73,113.31,3.22,6.3,23.79,0.65,468.0,2018,8,3,Monsoon
Ahmedabad,2018-08-04,53.64,82.9102228224173,22.52,52.64,42.05,13.535549399815327,22.52,96.72,2.86,4.54,22.09,0.65,424.0,2018,8,4,Monsoon
Ahmedabad,2018-08-05,48.18,82.9102228224173,18.31,51.41,38.75,13.535549399815327,18.31,104.62,2.81,4.08,19.29,0.65,366.0,2018,8,5,Monsoon
Ahmedabad,2018-08-06,56.75,82.9102228224173,28.82,59.07,49.74,13.535549399815327,28.82,126.12,4.84,5.84,29.82,0.65,465.0,2018,8,6,Monsoon
Ahmedabad,2018-08-07,41.21,82.9102228224173,25.18,38.73,37.68,13.535549399815327,25.18,83.84,9.92,4.42,26.35,0.65,434.0,2018,8,7,Monsoon
Ahmedabad,2018-08-08,37.33,82.9102228224173,29.18,47.75,45.07,13.535549399815327,29.18,58.25,6.63,5.0,35.8,0.65,470.0,2018,8,8,Monsoon
Ahmedabad,2018-08-09,28.74,82.9102228224173,25.17,45.61,41.03,13.535549399815327,25.17,41.84,20.2,5.46,24.83,0.65,455.0,2018,8,9,Monsoon
Ahmedabad,2018-08-10,34.05,82.9102228224173,27.58,46.79,43.41,13.535549399815327,27.58,29.66,22.77,5.79,24.71,0.65,489.0,2018,8,10,Monsoon
Ahmedabad,2018-08-11,28.94,82.9102228224173,21.18,53.02,41.66,13.535549399815327,21.18,26.92,16.38,5.76,20.92,0.65,431.0,2018,8,11,Monsoon
Ahmedabad,2018-08-12,25.06,82.9102228224173,25.26,54.71,45.54,13.535549399815327,25.26,21.64,10.33,4.72,21.53,0.65,402.0,2018,8,12,Monsoon
Ahmedabad,2018-08-13,32.05,82.9102228224173,29.19,48.62,45.5,13.535549399815327,29.19,42.09,10.76,5.34,21.8,0.65,469.0,2018,8,13,Monsoon
Ahmedabad,2018-08-14,44.02,82.9102228224173,30.74,54.33,49.44,13.535549399815327,30.74,48.99,7.14,4.95,21.77,0.65,476.0,2018,8,14,Monsoon
Ahmedabad,2018-08-15,48.73,82.9102228224173,27.87,47.11,43.78,13.535549399815327,27.87,31.19,11.25,5.89,22.14,0.65,459.0,2018,8,15,Monsoon
Ahmedabad,2018-08-16,43.54,82.9102228224173,12.25,39.05,28.19,13.535549399815327,12.25,43.71,22.45,4.41,19.58,0.65,342.0,2018,8,16,Monsoon
Ahmedabad,2018-08-17,28.66,82.9102228224173,18.31,55.15,40.57,13.535549399815327,18.31,32.57,15.68,4.86,19.27,0.65,311.0,2018,8,17,Monsoon
Ahmedabad,2018-08-18,31.01,82.9102228224173,26.43,63.76,50.83,13.535549399815327,26.43,128.43,18.69,6.33,27.76,3.17,467.0,2018,8,18,Monsoon
Ahmedabad,2018-08-19,33.95,82.9102228224173,30.33,67.31,55.47,13.535549399815327,30.33,152.48,14.95,8.26,51.62,16.89,429.0,2018,8,19,Monsoon
Ahmedabad,2018-08-20,33.7,82.9102228224173,24.01,59.07,46.74,13.535549399815327,24.01,156.24,23.59,7.07,31.28,0.65,490.0,2018,8,20,Monsoon
Ahmedabad,2018-08-21,48.21,82.9102228224173,29.28,66.43,54.26,13.535549399815327,29.28,151.44,13.38,5.93,25.08,0.65,445.0,2018,8,21,Monsoon
Ahmedabad,2018-08-22,40.66,82.9102228224173,30.95,61.16,52.93,13.535549399815327,30.95,120.48,14.02,5.55,27.97,0.65,499.0,2018,8,22,Monsoon
Ahmedabad,2018-08-23,38.65,82.9102228224173,30.68,60.26,52.29,13.535549399815327,30.68,146.84,16.31,5.28,28.84,1.07,482.0,2018,8,23,Monsoon
Ahmedabad,2018-08-24,49.47,82.9102228224173,34.28,63.28,56.19,13.535549399815327,34.28,88.36,13.94,4.75,23.45,0.65,527.0,2018,8,24,Monsoon
Ahmedabad,2018-08-25,33.2,82.9102228224173,36.15,56.35,54.46,13.535549399815327,36.15,96.68,8.76,4.88,22.06,0.65,556.0,2018,8,25,Monsoon
Ahmedabad,2018-08-26,34.52,82.9102228224173,31.19,51.26,48.28,13.535549399815327,31.19,66.48,36.608304512863775,4.46,19.16,0.65,482.0,2018,8,26,Monsoon
Ahmedabad,2018-08-27,44.57,82.9102228224173,33.12,57.85,52.94,13.535549399815327,33.12,34.74,36.608304512863775,4.75,23.18,1.02,597.0,2018,8,27,Monsoon
Ahmedabad,2018-08-28,58.92,82.9102228224173,26.74,67.8,53.03,13.535549399815327,26.74,56.88,36.608304512863775,4.68,28.77,0.79,491.0,2018,8,28,Monsoon
Ahmedabad,2018-08-29,51.03,82.9102228224173,26.37,63.05,50.44,13.535549399815327,26.37,49.27,36.608304512863775,6.52,26.46,0.65,460.0,2018,8,29,Monsoon
Ahmedabad,2018-08-30,45.77,82.9102228224173,33.34,54.56,51.5,13.535549399815327,33.34,25.47,36.608304512863775,5.48,25.45,0.83,510.0,2018,8,30,Monsoon
Ahmedabad,2018-08-31,38.22,82.9102228224173,41.0,60.3,60.01,13.535549399815327,41.0,59.94,36.608304512863775,6.74,29.19,0.65,623.0,2018,8,31,Monsoon
Ahmedabad,2018-09-01,34.44,82.9102228224173,35.18,58.49,54.79,13.535549399815327,35.18,85.34,36.608304512863775,4.8,25.59,0.65,577.0,2018,9,1,Monsoon
Ahmedabad,2018-09-02,28.8,82.9102228224173,28.47,49.07,45.18,13.535549399815327,28.47,101.38,36.608304512863775,4.38,23.87,0.65,440.0,2018,9,2,Monsoon
Ahmedabad,2018-09-04,114.85,82.9102228224173,33.16,85.74,66.57,13.535549399815327,33.16,28.74,17.57,3.94,16.02,0.65,294.76488095238096,2018,9,4,Monsoon
Ahmedabad,2018-09-05,20.8,82.9102228224173,26.8,70.32,54.3,13.535549399815327,26.8,53.18,22.44,3.94,16.02,0.65,294.76488095238096,2018,9,5,Monsoon
Ahmedabad,2018-09-06,22.14,82.9102228224173,28.37,68.25,54.47,13.535549399815327,28.37,49.31,22.93,3.94,16.02,0.65,520.0,2018,9,6,Monsoon
Ahmedabad,2018-09-07,19.66,82.9102228224173,24.39,65.16,49.98,13.535549399815327,24.39,56.92,26.6,3.94,16.02,0.65,518.0,2018,9,7,Monsoon
Ahmedabad,2018-09-08,22.3,82.9102228224173,34.43,74.87,62.22,13.535549399815327,34.43,60.72,36.608304512863775,3.94,16.02,0.65,524.0,2018,9,8,Monsoon
Ahmedabad,2018-09-09,22.33,82.9102228224173,40.34,74.32,66.36,13.535549399815327,40.34,111.98,36.608304512863775,3.94,16.02,0.65,576.0,2018,9,9,Monsoon
Ahmedabad,2018-09-10,18.54,82.9102228224173,43.81,58.57,61.27,13.535549399815327,43.81,102.83,36.608304512863775,3.94,16.02,0.65,688.0,2018,9,10,Monsoon
Ahmedabad,2018-09-11,17.91,82.9102228224173,32.15,57.3,51.94,13.535549399815327,32.15,74.72,36.608304512863775,3.94,16.02,0.65,521.0,2018,9,11,Monsoon
Ahmedabad,2018-09-12,16.28,82.9102228224173,26.67,57.19,47.8,13.535549399815327,26.67,50.26,36.608304512863775,3.94,16.02,0.65,447.0,2018,9,12,Monsoon
Ahmedabad,2018-09-13,21.06,82.9102228224173,29.17,53.85,48.04,13.535549399815327,29.17,65.55,36.608304512863775,3.94,16.02,0.65,477.0,2018,9,13,Monsoon
Ahmedabad,2018-09-14,20.82,82.9102228224173,31.54,53.22,49.5,13.535549399815327,31.54,60.88,36.608304512863775,3.94,16.02,0.65,481.0,2018,9,14,Monsoon
Ahmedabad,2018-09-15,18.18,82.9102228224173,33.85,62.81,55.9,13.535549399815327,33.85,71.39,36.608304512863775,3.94,16.02,0.65,500.0,2018,9,15,Monsoon
Ahmedabad,2018-09-16,21.41,82.9102228224173,32.1,75.42,60.74,13.535549399815327,32.1,73.4,36.608304512863775,3.94,16.02,0.65,530.0,2018,9,16,Monsoon
Ahmedabad,2018-09-17,24.51,82.9102228224173,34.65,82.95,66.32,13.535549399815327,34.65,63.4,36.608304512863775,3.94,16.02,0.65,696.0,2018,9,17,Monsoon
Ahmedabad,2018-09-18,28.15,82.9102228224173,29.08,88.14,64.7,13.535549399815327,29.08,70.24,36.608304512863775,3.94,16.02,0.65,580.0,2018,9,18,Monsoon
Ahmedabad,2018-09-19,23.65,82.9102228224173,22.79,74.6,53.4,13.535549399815327,22.79,65.46,36.608304512863775,3.94,16.02,0.65,546.0,2018,9,19,Monsoon
Ahmedabad,2018-09-20,25.32,82.9102228224173,38.95,85.39,70.72,13.535549399815327,38.95,43.6,36.608304512863775,3.94,16.02,0.65,631.0,2018,9,20,Monsoon
Ahmedabad,2018-09-21,25.87,82.9102228224173,23.11,100.26,66.16,13.535549399815327,23.11,30.28,36.608304512863775,3.94,16.02,0.65,876.0,2018,9,21,Monsoon
Ahmedabad,2018-09-22,22.62,82.9102228224173,23.36,121.4,76.65,13.535549399815327,23.36,42.11,36.608304512863775,3.94,16.02,0.65,493.0,2018,9,22,Monsoon
Ahmedabad,2018-09-23,21.12,82.9102228224173,22.46,66.12,49.02,13.535549399815327,22.46,27.9,36.608304512863775,3.94,16.02,0.65,410.0,2018,9,23,Monsoon
Ahmedabad,2018-09-24,21.79,82.9102228224173,25.94,63.21,50.19,13.535549399815327,25.94,25.39,36.608304512863775,3.94,16.02,0.65,398.0,2018,9,24,Monsoon
Ahmedabad,2018-09-25,18.87,82.9102228224173,27.35,85.35,62.04,13.535549399815327,27.35,38.27,36.608304512863775,3.94,16.02,0.65,457.0,2018,9,25,Monsoon
Ahmedabad,2018-09-26,22.11,82.9102228224173,24.68,100.39,67.38,13.535549399815327,24.68,78.83,36.608304512863775,3.94,16.02,0.65,428.0,2018,9,26,Monsoon
Ahmedabad,2018-09-27,24.07,82.9102228224173,20.32,133.0,80.04,13.535549399815327,20.32,45.29,75.33,3.94,16.02,0.65,413.0,2018,9,27,Monsoon
Ahmedabad,2018-09-28,25.9,82.9102228224173,40.29,165.62,110.86,13.535549399815327,40.29,56.95,37.07,3.94,16.02,0.65,680.0,2018,9,28,Monsoon
Ahmedabad,2018-09-29,29.8,82.9102228224173,42.91,169.17,114.54,13.535549399815327,42.91,64.17,53.0,3.94,16.02,0.65,787.0,2018,9,29,Monsoon
Ahmedabad,2018-09-30,29.37,82.9102228224173,42.88,163.3,111.66,13.535549399815327,42.88,60.33,44.38,3.94,16.02,0.65,862.0,2018,9,30,Monsoon
Ahmedabad,2018-10-01,33.95,82.9102228224173,59.21,191.14,136.93,13.535549399815327,59.21,74.04,45.36,3.94,16.02,0.65,951.0,2018,10,1,PostMonsoon
Ahmedabad,2018-10-02,31.13,82.9102228224173,26.73,177.13,106.35,13.535549399815327,26.73,53.57,67.63,4.26,14.93,1.28,712.0,2018,10,2,PostMonsoon
Ahmedabad,2018-10-03,58.28,82.9102228224173,15.84,127.95,74.24,13.535549399815327,15.84,128.38,66.85,4.41,12.36,3.3,483.0,2018,10,3,PostMonsoon
Ahmedabad,2018-10-04,63.92,82.9102228224173,12.95,102.78,46.66,13.535549399815327,12.95,92.16,69.39,3.65,12.86,4.34,379.0,2018,10,4,PostMonsoon
Ahmedabad,2018-10-05,73.89,82.9102228224173,4.5,53.74,28.34,13.535549399815327,4.5,46.31,59.52,3.65,12.86,4.34,214.0,2018,10,5,PostMonsoon
Ahmedabad,2018-10-06,79.37,82.9102228224173,30.71,62.42,50.34,13.535549399815327,30.71,80.71,69.32,3.77,17.32,5.84,508.0,2018,10,6,PostMonsoon
Ahmedabad,2018-10-07,78.64,82.9102228224173,32.81,68.8,58.04,13.535549399815327,32.81,75.18,57.87,3.87,21.26,7.16,713.0,2018,10,7,PostMonsoon
Ahmedabad,2018-10-08,122.92,82.9102228224173,34.89,94.67,72.22,13.535549399815327,34.89,119.78,40.0,3.87,21.26,7.16,688.0,2018,10,8,PostMonsoon
Ahmedabad,2018-10-09,160.05,82.9102228224173,34.65,115.92,82.4,13.535549399815327,34.65,90.5,48.77,3.87,21.26,7.16,844.0,2018,10,9,PostMonsoon
Ahmedabad,2018-10-10,113.9,82.9102228224173,46.02,68.38,63.36,13.535549399815327,46.02,100.12,65.26,3.87,21.26,7.16,786.0,2018,10,10,PostMonsoon
Ahmedabad,2018-10-11,126.66,82.9102228224173,33.97,112.69,45.73,13.535549399815327,33.97,76.09,55.06,3.87,21.26,7.16,664.0,2018,10,11,PostMonsoon
Ahmedabad,2018-10-12,116.02,82.9102228224173,44.47,98.22,48.04,13.535549399815327,44.47,64.62,39.74,3.87,21.26,7.16,914.0,2018,10,12,PostMonsoon
Ahmedabad,2018-10-13,96.65,82.9102228224173,25.15,110.33,40.26,13.535549399815327,25.15,53.75,59.62,3.87,21.26,7.16,536.0,2018,10,13,PostMonsoon
Ahmedabad,2018-10-14,110.05,82.9102228224173,19.73,114.23,38.17,13.535549399815327,19.73,101.29,51.12,3.87,21.26,7.16,403.0,2018,10,14,PostMonsoon
Ahmedabad,2018-10-15,109.84,82.9102228224173,23.16,104.87,37.85,13.535549399815327,23.16,72.69,60.82,3.87,21.26,7.16,427.0,2018,10,15,PostMonsoon
Ahmedabad,2018-10-16,140.06,82.9102228224173,28.2,146.82,50.64,13.535549399815327,28.2,98.85,57.6,3.87,21.26,7.16,685.0,2018,10,16,PostMonsoon
Ahmedabad,2018-10-17,109.11,82.9102228224173,29.19,118.85,44.54,13.535549399815327,29.19,94.22,60.25,3.87,21.26,7.16,558.0,2018,10,17,PostMonsoon
Ahmedabad,2018-10-18,107.26,82.9102228224173,26.76,94.48,37.38,13.535549399815327,26.76,90.9,48.62,3.87,21.26,7.16,487.0,2018,10,18,PostMonsoon
Ahmedabad,2018-10-19,105.87,82.9102228224173,18.18,90.33,31.62,13.535549399815327,18.18,97.98,46.82,3.87,21.26,7.16,453.0,2018,10,19,PostMonsoon
Ahmedabad,2018-10-20,101.86,82.9102228224173,27.99,105.96,40.8,13.535549399815327,27.99,89.37,54.3,3.87,21.26,7.16,559.0,2018,10,20,PostMonsoon
Ahmedabad,2018-10-21,96.15,82.9102228224173,94.41,80.49,71.73,13.535549399815327,94.41,76.61,42.8,3.87,21.26,7.16,1291.0,2018,10,21,PostMonsoon
Ahmedabad,2018-10-22,88.58,82.9102228224173,112.71,85.92,85.03,13.535549399815327,112.71,90.9,57.78,3.87,21.26,7.16,1350.0,2018,10,22,PostMonsoon
Ahmedabad,2018-10-23,129.98,82.9102228224173,81.12,97.96,69.53,13.535549399815327,81.12,70.06,36.608304512863775,3.87,21.26,7.16,1561.0,2018,10,23,PostMonsoon
Ahmedabad,2018-10-24,103.71,82.9102228224173,34.72,111.67,45.91,13.535549399815327,34.72,54.23,119.43,3.87,21.26,7.16,906.0,2018,10,24,PostMonsoon
Ahmedabad,2018-10-25,121.11,82.9102228224173,51.7,137.41,61.49,13.535549399815327,51.7,78.64,58.07,3.87,21.26,7.16,824.0,2018,10,25,PostMonsoon
Ahmedabad,2018-10-26,82.49,82.9102228224173,30.47,80.4,36.1,13.535549399815327,30.47,61.13,48.85,3.87,21.26,7.16,578.0,2018,10,26,PostMonsoon
Ahmedabad,2018-10-27,72.93,82.9102228224173,90.96,78.54,73.82,13.535549399815327,90.96,39.24,69.95,3.87,21.26,7.16,161.0,2018,10,27,PostMonsoon
Ahmedabad,2018-10-28,94.08,82.9102228224173,34.06,50.69,30.89,13.535549399815327,34.06,68.42,47.74,3.87,21.26,7.16,849.0,2018,10,28,PostMonsoon
Ahmedabad,2018-10-29,82.88,82.9102228224173,18.59,73.74,27.9,13.535549399815327,18.59,56.89,47.67,7.12,27.68,33.44,574.0,2018,10,29,PostMonsoon
Ahmedabad,2018-10-30,88.69,82.9102228224173,26.91,70.9,31.3,13.535549399815327,26.91,68.94,53.16,38.06,34.91,109.23,509.0,2018,10,30,PostMonsoon
Ahmedabad,2018-10-31,82.52,82.9102228224173,24.13,69.94,30.08,13.535549399815327,24.13,44.95,64.07,10.47,23.09,3.27,556.0,2018,10,31,PostMonsoon
Ahmedabad,2018-11-01,72.11,82.9102228224173,48.7,85.77,47.36,13.535549399815327,48.7,42.51,54.52,8.43,46.89,7.26,669.0,2018,11,1,PostMonsoon
Ahmedabad,2018-11-02,78.48,82.9102228224173,49.94,110.63,54.14,13.535549399815327,49.94,67.06,46.93,16.41,36.27,6.95,1217.0,2018,11,2,PostMonsoon
Ahmedabad,2018-11-03,103.22,82.9102228224173,68.97,102.84,62.88,13.535549399815327,68.97,57.8,52.79,32.77,39.01,15.09,1033.0,2018,11,3,PostMonsoon
Ahmedabad,2018-11-04,70.39,82.9102228224173,44.04,55.52,37.71,13.535549399815327,44.04,69.83,59.5,77.43,72.18,53.35,625.0,2018,11,4,PostMonsoon
Ahmedabad,2018-11-05,107.9,82.9102228224173,43.47,109.59,50.08,13.535549399815327,43.47,49.76,55.01,34.93,68.8,26.9,803.0,2018,11,5,PostMonsoon
Ahmedabad,2018-11-06,117.08,82.9102228224173,37.42,106.21,46.11,13.535549399815327,37.42,77.6,55.05,16.14,53.75,11.36,741.0,2018,11,6,PostMonsoon
Ahmedabad,2018-11-07,162.18,82.9102228224173,59.53,94.35,59.82,13.535549399815327,59.53,42.01,67.0,16.62,52.51,11.42,776.0,2018,11,7,PostMonsoon
Ahmedabad,2018-11-08,205.21,82.9102228224173,93.31,100.87,77.22,13.535549399815327,93.31,75.95,61.17,20.41,55.29,13.92,1630.0,2018,11,8,PostMonsoon
Ahmedabad,2018-11-09,165.37,82.9102228224173,70.6,95.3,61.99,13.535549399815327,70.6,52.45,39.6,17.88,48.01,11.32,1160.0,2018,11,9,PostMonsoon
Ahmedabad,2018-11-10,110.7,82.9102228224173,38.01,107.13,76.89,13.535549399815327,38.01,57.58,36.608304512863775,19.05,52.97,12.11,1056.0,2018,11,10,PostMonsoon
Ahmedabad,2018-11-11,143.72,82.9102228224173,65.62,102.87,75.79,13.535549399815327,65.62,51.92,36.608304512863775,18.27,54.64,15.01,1256.0,2018,11,11,PostMonsoon
Ahmedabad,2018-11-12,91.56,82.9102228224173,79.42,118.89,73.26,13.535549399815327,79.42,60.97,36.608304512863775,21.11,56.47,13.11,1154.0,2018,11,12,PostMonsoon
Ahmedabad,2018-11-13,133.13,82.9102228224173,77.55,155.59,80.21,13.535549399815327,77.55,101.13,36.608304512863775,26.28,59.96,15.48,1548.0,2018,11,13,PostMonsoon
Ahmedabad,2018-11-14,143.52,82.9102228224173,41.62,138.89,56.23,13.535549399815327,41.62,91.74,89.17,3.97,32.2,6.81,820.0,2018,11,14,PostMonsoon
Ahmedabad,2018-11-15,83.28,82.9102228224173,33.47,97.9,41.93,13.535549399815327,33.47,48.93,36.84,3.97,32.2,6.81,688.0,2018,11,15,PostMonsoon
Ahmedabad,2018-11-16,75.58,82.9102228224173,44.07,68.01,40.73,13.535549399815327,44.07,47.43,68.17,3.97,32.2,6.81,595.0,2018,11,16,PostMonsoon
Ahmedabad,2018-11-17,93.73,82.9102228224173,68.52,84.54,96.09,13.535549399815327,68.52,62.65,50.29,3.97,32.2,6.81,1354.0,2018,11,17,PostMonsoon
Ahmedabad,2018-11-18,127.46,82.9102228224173,108.81,77.65,129.43,13.535549399815327,108.81,63.63,48.32,3.97,32.2,6.81,1672.0,2018,11,18,PostMonsoon
Ahmedabad,2018-11-19,98.6,82.9102228224173,90.33,86.74,70.77,13.535549399815327,90.33,85.76,52.53,3.97,32.2,6.81,1472.0,2018,11,19,PostMonsoon
Ahmedabad,2018-11-20,84.71,82.9102228224173,88.34,83.28,83.77,13.535549399815327,88.34,70.31,40.06,3.97,32.2,6.81,1295.0,2018,11,20,PostMonsoon
Ahmedabad,2018-11-21,86.52,82.9102228224173,115.87,66.59,81.77,13.535549399815327,115.87,44.24,36.0,3.97,32.2,6.81,1646.0,2018,11,21,PostMonsoon
Ahmedabad,2018-11-22,90.1,82.9102228224173,57.16,87.75,52.58,13.535549399815327,57.16,60.45,41.82,3.97,32.2,6.81,1329.0,2018,11,22,PostMonsoon
Ahmedabad,2018-11-23,68.52,82.9102228224173,39.47,72.83,39.22,13.535549399815327,39.47,60.58,50.1,3.97,32.2,6.81,530.0,2018,11,23,PostMonsoon
Ahmedabad,2018-11-24,86.43,82.9102228224173,34.52,82.76,38.92,13.535549399815327,34.52,62.48,47.34,3.97,32.2,6.81,798.0,2018,11,24,PostMonsoon
Ahmedabad,2018-11-25,70.51,82.9102228224173,25.76,98.98,37.9,13.535549399815327,25.76,67.36,47.72,3.97,32.2,6.81,689.0,2018,11,25,PostMonsoon
Ahmedabad,2018-11-26,78.48,82.9102228224173,16.91,84.74,29.58,13.535549399815327,16.91,61.98,56.39,3.97,32.2,6.81,413.0,2018,11,26,PostMonsoon
Ahmedabad,2018-11-27,63.75,82.9102228224173,11.7,77.73,25.01,13.535549399815327,11.7,64.78,59.28,3.97,32.2,6.81,415.0,2018,11,27,PostMonsoon
Ahmedabad,2018-11-28,68.3,82.9102228224173,8.69,73.99,22.45,13.535549399815327,8.69,50.93,72.2,3.99,32.22,6.84,228.0,2018,11,28,PostMonsoon
Ahmedabad,2018-11-29,91.23,82.9102228224173,32.82,65.66,33.9,13.535549399815327,32.82,34.58,56.17,4.0,32.25,6.89,392.0,2018,11,29,PostMonsoon
Ahmedabad,2018-11-30,92.74,82.9102228224173,28.91,80.7,35.3,13.535549399815327,28.91,44.35,46.56,4.03,32.27,6.9,657.0,2018,11,30,PostMonsoon
Ahmedabad,2018-12-01,96.58,82.9102228224173,42.1,80.15,42.52,13.535549399815327,42.1,52.73,42.37,4.04,32.3,6.9,657.0,2018,12,1,Winter
Ahmedabad,2018-12-02,91.37,82.9102228224173,28.26,91.43,37.49,13.535549399815327,28.26,51.83,38.19,4.04,32.27,6.89,702.0,2018,12,2,Winter
Ahmedabad,2018-12-03,88.02,82.9102228224173,25.92,83.26,34.25,13.535549399815327,25.92,37.48,42.7,4.07,32.29,6.88,488.0,2018,12,3,Winter
Ahmedabad,2018-12-04,96.82,82.9102228224173,31.36,78.81,36.22,13.535549399815327,31.36,31.51,42.71,4.06,32.31,6.93,605.0,2018,12,4,Winter
Ahmedabad,2018-12-05,96.89,82.9102228224173,28.4,92.83,37.91,13.535549399815327,28.4,33.05,41.44,4.09,32.31,6.94,687.0,2018,12,5,Winter
Ahmedabad,2018-12-06,109.2,82.9102228224173,37.47,104.9,45.83,13.535549399815327,37.47,76.7,43.34,4.08,32.3,6.93,714.0,2018,12,6,Winter
Ahmedabad,2018-12-07,94.95,82.9102228224173,30.29,96.97,39.95,13.535549399815327,30.29,65.02,43.5,4.05,32.34,6.95,667.0,2018,12,7,Winter
Ahmedabad,2018-12-08,75.42,82.9102228224173,11.02,75.02,23.99,13.535549399815327,11.02,49.3,54.91,4.07,32.31,6.93,423.0,2018,12,8,Winter
Ahmedabad,2018-12-09,73.07,82.9102228224173,32.21,86.61,38.54,13.535549399815327,32.21,45.82,51.18,4.08,32.35,6.96,417.0,2018,12,9,Winter
Ahmedabad,2018-12-10,98.25,82.9102228224173,57.51,110.07,58.22,13.535549399815327,57.51,59.11,39.64,4.07,32.35,6.94,1158.0,2018,12,10,Winter
Ahmedabad,2018-12-11,118.16,82.9102228224173,60.28,102.68,58.0,13.535549399815327,60.28,104.49,32.76,4.11,32.32,6.95,938.0,2018,12,11,Winter
Ahmedabad,2018-12-12,95.4,82.9102228224173,41.8,78.91,42.06,13.535549399815327,41.8,51.61,39.05,4.09,32.36,6.95,920.0,2018,12,12,Winter
Ahmedabad,2018-12-13,70.04,82.9102228224173,14.87,78.1,26.87,13.535549399815327,14.87,69.86,55.89,4.05,32.32,6.94,336.0,2018,12,13,Winter
Ahmedabad,2018-12-14,56.71,82.9102228224173,7.45,60.4,18.52,13.535549399815327,7.45,42.48,61.74,4.07,32.3,6.9,275.0,2018,12,14,Winter
Ahmedabad,2018-12-15,59.4,82.9102228224173,7.23,47.87,15.42,13.535549399815327,7.23,21.53,71.46,4.07,32.33,6.97,191.0,2018,12,15,Winter
Ahmedabad,2018-12-16,54.75,82.9102228224173,6.99,43.7,14.29,13.535549399815327,6.99,19.99,76.37,4.06,32.31,6.94,172.0,2018,12,16,Winter
Ahmedabad,2018-12-17,62.18,82.9102228224173,7.67,55.29,17.43,13.535549399815327,7.67,29.22,73.67,4.06,32.31,6.93,198.0,2018,12,17,Winter
Ahmedabad,2018-12-18,238.42,82.9102228224173,26.3,73.22,32.07,13.535549399815327,26.3,34.63,63.89,4.08,32.34,6.94,381.0,2018,12,18,Winter
Ahmedabad,2018-12-19,125.16,82.9102228224173,46.84,96.16,48.74,13.535549399815327,46.84,63.66,55.2,4.11,32.33,6.96,800.0,2018,12,19,Winter
Ahmedabad,2018-12-20,106.45,82.9102228224173,56.46,78.1,50.03,13.535549399815327,56.46,83.62,55.5,4.08,32.39,7.0,967.0,2018,12,20,Winter
Ahmedabad,2018-12-21,92.45,82.9102228224173,46.89,85.56,46.28,13.535549399815327,46.89,60.42,36.608304512863775,4.1,32.39,7.0,978.0,2018,12,21,Winter
Ahmedabad,2018-12-22,111.75,82.9102228224173,89.19,90.59,88.27,13.535549399815327,89.19,80.9,62.55,4.09,32.36,6.99,1558.0,2018,12,22,Winter
Ahmedabad,2018-12-23,106.19,82.9102228224173,45.76,89.03,47.49,13.535549399815327,45.76,55.16,53.79,4.1,32.37,6.96,1300.0,2018,12,23,Winter
Ahmedabad,2018-12-24,72.1,82.9102228224173,11.61,94.32,28.91,13.535549399815327,11.61,54.74,63.46,4.08,32.37,6.95,355.0,2018,12,24,Winter
Ahmedabad,2018-12-25,79.15,82.9102228224173,12.74,92.85,29.19,13.535549399815327,12.74,64.9,70.54,4.08,32.34,6.94,370.0,2018,12,25,Winter
Ahmedabad,2018-12-26,94.8,82.9102228224173,23.18,79.56,31.84,13.535549399815327,23.18,56.2,63.95,4.08,32.3,6.94,448.0,2018,12,26,Winter
Ahmedabad,2018-12-27,80.14,82.9102228224173,86.91,71.98,65.41,13.535549399815327,86.91,64.7,47.86,4.09,32.31,6.99,1084.0,2018,12,27,Winter
Ahmedabad,2018-12-28,89.14,82.9102228224173,63.43,81.71,55.88,13.535549399815327,63.43,70.0,44.86,4.07,32.37,6.93,1319.0,2018,12,28,Winter
Ahmedabad,2018-12-29,68.29,82.9102228224173,16.94,82.74,29.12,13.535549399815327,16.94,61.27,51.76,4.05,32.32,6.94,379.0,2018,12,29,Winter
Ahmedabad,2018-12-30,67.75,82.9102228224173,17.63,81.78,29.28,13.535549399815327,17.63,57.37,63.34,4.07,32.3,6.98,396.0,2018,12,30,Winter
Ahmedabad,2018-12-31,80.54,82.9102228224173,71.11,77.0,61.31,13.535549399815327,71.11,64.49,60.07,4.05,32.33,6.93,744.0,2018,12,31,Winter
Ahmedabad,2019-01-01,110.71,82.9102228224173,63.03,111.56,100.04,13.535549399815327,63.03,80.15,57.12,4.08,32.33,6.93,1474.0,2019,1,1,Winter
Ahmedabad,2019-01-02,147.57,82.9102228224173,59.56,107.46,129.87,13.535549399815327,59.56,47.7,48.23,4.1,32.34,6.99,1246.0,2019,1,2,Winter
Ahmedabad,2019-01-03,131.5,82.9102228224173,119.68,75.82,88.04,13.535549399815327,119.68,55.29,43.25,4.09,32.42,7.0,1719.0,2019,1,3,Winter
Ahmedabad,2019-01-04,102.12,82.9102228224173,57.92,95.29,54.93,13.535549399815327,57.92,69.02,51.71,4.09,32.38,6.98,1264.0,2019,1,4,Winter
Ahmedabad,2019-01-05,115.0,82.9102228224173,63.86,111.04,61.99,13.535549399815327,63.86,86.65,59.25,4.12,32.43,6.97,1127.0,2019,1,5,Winter
Ahmedabad,2019-01-06,84.84,82.9102228224173,40.16,72.85,39.55,13.535549399815327,40.16,52.52,59.42,4.12,32.35,7.02,908.0,2019,1,6,Winter
Ahmedabad,2019-01-07,74.62,82.9102228224173,8.16,73.22,21.96,13.535549399815327,8.16,48.21,74.83,4.12,32.35,6.99,236.0,2019,1,7,Winter
Ahmedabad,2019-01-08,89.72,82.9102228224173,13.83,80.78,26.92,13.535549399815327,13.83,56.43,73.64,4.09,32.39,6.99,313.0,2019,1,8,Winter
Ahmedabad,2019-01-09,84.03,82.9102228224173,26.24,90.66,36.19,13.535549399815327,26.24,63.72,72.75,4.13,32.39,7.07,471.0,2019,1,9,Winter
Ahmedabad,2019-01-10,82.79,82.9102228224173,32.14,79.69,36.86,13.535549399815327,32.14,59.98,60.48,4.14,32.36,7.02,661.0,2019,1,10,Winter
Ahmedabad,2019-01-11,76.38,82.9102228224173,42.44,82.76,43.33,13.535549399815327,42.44,70.61,59.68,4.12,32.37,7.02,711.0,2019,1,11,Winter
Ahmedabad,2019-01-12,66.01,82.9102228224173,53.08,73.79,46.37,13.535549399815327,53.08,61.71,73.43,4.11,32.35,6.96,854.0,2019,1,12,Winter
Ahmedabad,2019-01-13,116.42,82.9102228224173,63.2,82.77,54.86,13.535549399815327,63.2,64.52,59.07,4.16,32.4,6.95,1258.0,2019,1,13,Winter
Ahmedabad,2019-01-14,75.49,82.9102228224173,9.04,61.8,19.74,13.535549399815327,9.04,34.03,80.26,4.16,32.44,7.03,407.0,2019,1,14,Winter
Ahmedabad,2019-01-15,66.97,82.9102228224173,6.96,37.35,12.77,13.535549399815327,6.96,28.48,89.73,4.11,32.42,7.03,172.0,2019,1,15,Winter
Ahmedabad,2019-01-16,161.09,82.9102228224173,101.89,116.48,108.56,13.535549399815327,101.89,64.92,84.85,4.06,32.36,6.94,116.0,2019,1,16,Winter
Ahmedabad,2019-01-17,124.45,82.9102228224173,96.21,97.63,81.12,13.535549399815327,96.21,56.28,53.72,4.11,32.36,6.97,1302.0,2019,1,17,Winter
Ahmedabad,2019-01-18,95.15,82.9102228224173,48.24,95.6,49.59,13.535549399815327,48.24,79.66,52.85,4.12,32.33,6.96,1275.0,2019,1,18,Winter
Ahmedabad,2019-01-19,73.58,82.9102228224173,32.68,80.71,37.41,13.535549399815327,32.68,56.74,36.97,4.1,32.3,6.96,527.0,2019,1,19,Winter
Ahmedabad,2019-01-20,86.32,82.9102228224173,49.43,104.79,54.37,13.535549399815327,49.43,79.76,35.32,4.1,32.33,6.95,839.0,2019,1,20,Winter
Ahmedabad,2019-01-21,149.26,82.9102228224173,78.38,85.92,65.56,13.535549399815327,78.38,98.89,27.07,4.1,32.4,6.95,1537.0,2019,1,21,Winter
Ahmedabad,2019-01-22,70.06,82.9102228224173,26.17,55.69,27.82,13.535549399815327,26.17,62.14,23.56,4.09,32.34,7.02,547.0,2019,1,22,Winter
Ahmedabad,2019-01-23,86.59,82.9102228224173,40.08,82.87,42.04,13.535549399815327,40.08,83.72,32.62,4.11,32.35,6.95,716.0,2019,1,23,Winter
Ahmedabad,2019-01-24,74.12,82.9102228224173,18.26,81.45,29.55,13.535549399815327,18.26,94.78,39.51,4.12,32.33,6.92,464.0,2019,1,24,Winter
Ahmedabad,2019-01-25,52.92,82.9102228224173,11.03,63.81,21.32,13.535549399815327,11.03,63.17,43.54,4.07,32.32,6.95,302.0,2019,1,25,Winter
Ahmedabad,2019-01-26,47.26,82.9102228224173,16.22,64.71,24.43,13.535549399815327,16.22,63.03,20.0,4.04,32.31,6.95,260.0,2019,1,26,Winter
Ahmedabad,2019-01-27,52.79,82.9102228224173,18.13,59.21,24.19,13.535549399815327,18.13,37.29,36.608304512863775,4.07,32.34,6.93,430.0,2019,1,27,Winter
Ahmedabad,2019-01-28,63.68,82.9102228224173,22.56,67.41,28.61,13.535549399815327,22.56,37.73,53.12,4.06,32.32,6.93,477.0,2019,1,28,Winter
Ahmedabad,2019-01-29,73.37,82.9102228224173,16.1,77.92,27.51,13.535549399815327,16.1,38.59,39.08,4.05,32.28,6.92,491.0,2019,1,29,Winter
Ahmedabad,2019-01-30,55.24,82.9102228224173,34.37,83.79,39.08,13.535549399815327,34.37,78.4,40.04,4.01,32.3,6.94,470.0,2019,1,30,Winter
Ahmedabad,2019-01-31,83.1,82.9102228224173,37.91,110.77,47.47,13.535549399815327,37.91,94.79,44.33,4.06,32.31,6.93,847.0,2019,1,31,Winter
Ahmedabad,2019-02-01,76.87,82.9102228224173,17.85,77.35,28.34,13.535549399815327,17.85,87.94,36.28,4.05,32.3,6.93,559.0,2019,2,1,Winter
Ahmedabad,2019-02-02,47.01,82.9102228224173,13.12,66.95,23.24,13.535549399815327,13.12,71.48,45.06,4.04,32.33,6.92,334.0,2019,2,2,Winter
Ahmedabad,2019-02-03,54.77,82.9102228224173,11.01,77.02,24.46,13.535549399815327,11.01,64.47,53.55,4.08,32.36,6.94,346.0,2019,2,3,Winter
Ahmedabad,2019-02-04,103.13,82.9102228224173,46.91,80.34,45.24,13.535549399815327,46.91,56.3,52.37,4.08,32.31,7.02,529.0,2019,2,4,Winter
Ahmedabad,2019-02-05,117.59,82.9102228224173,61.13,116.34,61.73,13.535549399815327,61.13,76.89,42.29,4.12,32.36,7.06,1261.0,2019,2,5,Winter
Ahmedabad,2019-02-06,50.15,82.9102228224173,9.02,67.96,21.2,13.535549399815327,9.02,57.09,47.5,4.08,32.29,6.94,254.0,2019,2,6,Winter
Ahmedabad,2019-02-07,94.1,82.9102228224173,10.62,44.91,16.6,13.535549399815327,10.62,42.04,55.84,4.08,32.31,6.93,308.0,2019,2,7,Winter
Ahmedabad,2019-02-08,105.03,82.9102228224173,10.13,56.09,18.99,13.535549399815327,10.13,41.4,43.09,4.07,32.3,6.97,290.0,2019,2,8,Winter
Ahmedabad,2019-02-09,46.5,82.9102228224173,15.39,79.42,27.47,13.535549399815327,15.39,41.88,41.7,4.08,32.33,6.9,340.0,2019,2,9,Winter
Ahmedabad,2019-02-10,41.76,82.9102228224173,20.48,77.13,29.76,13.535549399815327,20.48,55.24,44.7,4.06,32.31,6.91,492.0,2019,2,10,Winter
Ahmedabad,2019-02-11,46.91,82.9102228224173,14.6,86.07,28.61,13.535549399815327,14.6,51.46,51.3,4.05,32.32,6.92,343.0,2019,2,11,Winter
Ahmedabad,2019-02-12,59.98,82.9102228224173,50.93,76.66,46.6,13.535549399815327,50.93,53.21,53.67,4.09,32.32,6.9,604.0,2019,2,12,Winter
Ahmedabad,2019-02-13,82.79,82.9102228224173,45.8,86.15,47.96,13.535549399815327,45.8,93.37,52.04,4.11,32.28,6.99,1028.0,2019,2,13,Winter
Ahmedabad,2019-02-14,62.6,82.9102228224173,19.59,65.12,26.31,13.535549399815327,19.59,38.05,57.79,4.1,32.36,6.95,755.0,2019,2,14,Winter
Ahmedabad,2019-02-15,72.53,82.9102228224173,20.61,102.5,35.87,13.535549399815327,20.61,45.85,46.37,4.12,32.31,6.98,489.0,2019,2,15,Winter
Ahmedabad,2019-02-16,44.69,82.9102228224173,32.07,75.36,35.79,13.535549399815327,32.07,39.99,53.96,4.1,32.37,6.98,373.0,2019,2,16,Winter
Ahmedabad,2019-02-17,54.18,82.9102228224173,35.1,83.9,39.51,13.535549399815327,35.1,51.23,51.56,4.09,32.34,7.03,914.0,2019,2,17,Winter
Ahmedabad,2019-02-18,81.84,82.9102228224173,28.68,104.86,40.93,13.535549399815327,28.68,87.99,43.05,4.1,32.4,7.02,895.0,2019,2,18,Winter
Ahmedabad,2019-02-19,46.48,82.9102228224173,17.55,60.72,24.22,13.535549399815327,17.55,42.93,39.32,4.22,32.37,6.99,502.0,2019,2,19,Winter
Ahmedabad,2019-02-20,62.32,82.9102228224173,64.13,83.57,55.67,13.535549399815327,64.13,38.91,32.1,4.16,32.41,7.0,834.0,2019,2,20,Winter
Ahmedabad,2019-02-21,37.26,82.9102228224173,8.83,37.95,13.95,13.535549399815327,8.83,23.36,29.13,4.1,32.37,7.03,826.0,2019,2,21,Winter
Ahmedabad,2019-02-22,37.96,82.9102228224173,16.2,48.69,20.61,13.535549399815327,16.2,19.56,15.47,4.11,32.4,7.03,403.0,2019,2,22,Winter
Ahmedabad,2019-02-23,34.1,82.9102228224173,12.42,67.07,22.88,13.535549399815327,12.42,42.34,59.67,4.09,32.42,6.97,253.0,2019,2,23,Winter
Ahmedabad,2019-02-24,64.5,82.9102228224173,56.57,77.32,49.9,13.535549399815327,56.57,52.95,39.14,4.14,32.38,7.02,789.0,2019,2,24,Winter
Ahmedabad,2019-02-25,50.97,82.9102228224173,42.41,49.52,35.15,13.535549399815327,42.41,38.67,43.21,4.1,32.38,7.02,904.0,2019,2,25,Winter
Ahmedabad,2019-02-26,64.44,82.9102228224173,13.19,45.6,18.2,13.535549399815327,13.19,33.91,33.88,4.15,32.37,7.08,467.0,2019,2,26,Winter
Ahmedabad,2019-02-27,51.5,82.9102228224173,12.26,52.88,19.41,13.535549399815327,12.26,29.79,38.45,4.17,32.4,7.09,296.0,2019,2,27,Winter
Ahmedabad,2019-02-28,33.38,82.9102228224173,14.07,73.92,25.42,13.535549399815327,14.07,50.46,48.39,4.15,32.38,7.04,307.0,2019,2,28,Winter
Ahmedabad,2019-03-01,42.11,82.9102228224173,14.18,84.67,28.04,13.535549399815327,14.18,49.29,47.63,4.11,32.38,6.94,350.0,2019,3,1,Summer
Ahmedabad,2019-03-02,46.35,82.9102228224173,9.25,69.51,21.69,13.535549399815327,9.25,62.8,69.79,4.08,32.34,7.07,318.0,2019,3,2,Summer
Ahmedabad,2019-03-03,61.32,82.9102228224173,15.88,48.4,20.36,13.535549399815327,15.88,49.88,21.17,4.16,32.45,7.04,338.0,2019,3,3,Summer
Ahmedabad,2019-03-04,48.84,82.9102228224173,9.85,42.96,15.71,13.535549399815327,9.85,26.4,51.34,4.1,32.38,7.04,276.0,2019,3,4,Summer
Ahmedabad,2019-03-05,39.23,82.9102228224173,12.69,67.29,23.08,13.535549399815327,12.69,33.79,59.73,4.07,32.33,7.03,286.0,2019,3,5,Summer
Ahmedabad,2019-03-06,45.37,82.9102228224173,23.56,72.21,30.3,13.535549399815327,23.56,45.56,49.33,4.17,32.33,6.98,461.0,2019,3,6,Summer
Ahmedabad,2019-03-07,55.7,82.9102228224173,34.47,72.07,36.24,13.535549399815327,34.47,51.26,52.99,4.12,32.38,7.03,824.0,2019,3,7,Summer
Ahmedabad,2019-03-08,54.11,82.9102228224173,48.38,54.45,38.8,13.535549399815327,48.38,45.55,41.35,4.15,32.45,7.1,754.0,2019,3,8,Summer
Ahmedabad,2019-03-09,52.68,82.9102228224173,29.23,47.19,26.52,13.535549399815327,29.23,15.13,57.32,4.16,32.43,7.08,926.0,2019,3,9,Summer
Ahmedabad,2019-03-10,44.12,82.9102228224173,10.66,79.99,24.97,13.535549399815327,10.66,60.68,61.08,4.17,32.44,7.06,280.0,2019,3,10,Summer
Ahmedabad,2019-03-11,46.52,82.9102228224173,17.55,48.97,21.43,13.535549399815327,17.55,38.16,47.77,4.12,32.42,7.08,310.0,2019,3,11,Summer
Ahmedabad,2019-03-12,57.06,82.9102228224173,34.49,100.8,43.19,13.535549399815327,34.49,60.72,48.13,4.11,32.35,7.05,606.0,2019,3,12,Summer
Ahmedabad,2019-03-13,84.14,82.9102228224173,15.24,107.41,34.05,13.535549399815327,15.24,79.47,50.53,4.07,32.43,7.04,632.0,2019,3,13,Summer
Ahmedabad,2019-03-14,52.24,82.9102228224173,10.75,61.88,20.71,13.535549399815327,10.75,24.81,56.16,4.1,32.37,6.95,262.0,2019,3,14,Summer
Ahmedabad,2019-03-15,62.44,82.9102228224173,26.15,84.42,34.65,13.535549399815327,26.15,48.85,58.49,4.1,32.38,6.98,428.0,2019,3,15,Summer
Ahmedabad,2019-03-16,66.97,82.9102228224173,17.21,91.72,31.41,13.535549399815327,17.21,62.66,59.98,4.11,32.39,7.03,625.0,2019,3,16,Summer
Ahmedabad,2019-03-17,75.05,82.9102228224173,12.67,96.99,30.14,13.535549399815327,12.67,58.55,64.12,4.11,32.4,6.97,321.0,2019,3,17,Summer
Ahmedabad,2019-03-18,60.5,82.9102228224173,18.21,104.48,35.0,13.535549399815327,18.21,41.81,56.66,4.11,32.34,7.03,353.0,2019,3,18,Summer
Ahmedabad,2019-03-19,88.33,82.9102228224173,80.16,95.95,73.2,13.535549399815327,80.16,39.24,45.03,4.08,32.36,7.01,1017.0,2019,3,19,Summer
Ahmedabad,2019-03-20,78.11,82.9102228224173,13.65,60.29,21.95,13.535549399815327,13.65,40.62,29.9,4.13,32.29,6.97,876.0,2019,3,20,Summer
Ahmedabad,2019-03-21,62.04,82.9102228224173,24.16,60.52,29.65,13.535549399815327,24.16,38.14,41.42,4.12,32.34,6.98,380.0,2019,3,21,Summer
Ahmedabad,2019-03-22,73.98,82.9102228224173,43.21,64.62,40.71,13.535549399815327,43.21,28.52,48.02,4.1,32.34,6.99,730.0,2019,3,22,Summer
Ahmedabad,2019-03-23,75.84,82.9102228224173,41.7,95.28,46.74,13.535549399815327,41.7,54.31,50.85,4.14,32.29,7.02,998.0,2019,3,23,Summer
Ahmedabad,2019-03-24,92.21,82.9102228224173,26.17,69.96,60.01,13.535549399815327,26.17,39.96,43.76,4.13,32.37,7.03,917.0,2019,3,24,Summer
Ahmedabad,2019-03-25,64.71,82.9102228224173,20.95,81.65,31.09,13.535549399815327,20.95,65.11,38.94,4.09,32.4,6.99,402.0,2019,3,25,Summer
Ahmedabad,2019-03-26,67.44,82.9102228224173,15.64,86.7,29.34,13.535549399815327,15.64,61.6,47.12,4.13,32.33,6.98,404.0,2019,3,26,Summer
Ahmedabad,2019-03-27,69.51,82.9102228224173,54.2,85.74,53.69,13.535549399815327,54.2,69.03,63.51,4.13,32.34,7.03,559.0,2019,3,27,Summer
Ahmedabad,2019-03-28,112.44,82.9102228224173,61.37,88.16,69.9,13.535549399815327,61.37,88.25,41.77,4.19,32.47,7.03,1459.0,2019,3,28,Summer
Ahmedabad,2019-03-29,133.21,82.9102228224173,50.0,62.67,47.93,13.535549399815327,50.0,45.16,24.82,4.2,32.49,7.06,1222.0,2019,3,29,Summer
Ahmedabad,2019-03-30,89.74,82.9102228224173,33.94,68.97,35.31,13.535549399815327,33.94,9.65,17.76,4.14,32.47,7.07,869.0,2019,3,30,Summer
Ahmedabad,2019-03-31,74.35,82.9102228224173,11.84,58.93,24.38,13.535549399815327,11.84,10.22,28.63,4.16,32.38,7.0,471.0,2019,3,31,Summer
Ahmedabad,2019-04-01,96.96,82.9102228224173,16.25,88.34,42.22,13.535549399815327,16.25,15.4,30.19,4.21,32.45,7.08,353.0,2019,4,1,Summer
Ahmedabad,2019-04-02,122.78,82.9102228224173,36.74,99.37,75.89,13.535549399815327,36.74,15.97,25.6,4.21,32.53,7.11,679.0,2019,4,2,Summer
Ahmedabad,2019-04-03,109.21,82.9102228224173,47.6,90.25,79.91,13.535549399815327,47.6,13.25,26.93,4.22,32.5,7.17,688.0,2019,4,3,Summer
Ahmedabad,2019-04-04,94.41,82.9102228224173,20.27,84.32,56.25,13.535549399815327,20.27,9.95,21.82,4.2,32.43,7.17,1044.0,2019,4,4,Summer
Ahmedabad,2019-04-05,97.92,82.9102228224173,23.05,75.36,53.96,13.535549399815327,23.05,11.42,17.98,4.21,32.54,7.06,537.0,2019,4,5,Summer
Ahmedabad,2019-04-06,97.68,82.9102228224173,21.56,72.48,51.45,13.535549399815327,21.56,12.63,20.2,4.18,32.42,7.08,420.0,2019,4,6,Summer
Ahmedabad,2019-04-07,99.9,82.9102228224173,24.47,56.89,46.01,13.535549399815327,24.47,15.72,15.01,4.21,32.43,7.08,534.0,2019,4,7,Summer
Ahmedabad,2019-04-08,78.55,82.9102228224173,26.28,69.17,53.36,13.535549399815327,26.28,11.52,18.04,4.18,32.45,7.09,472.0,2019,4,8,Summer
Ahmedabad,2019-04-09,73.58,82.9102228224173,19.53,63.23,45.42,13.535549399815327,19.53,11.56,26.46,4.22,32.51,7.09,493.0,2019,4,9,Summer
Ahmedabad,2019-04-10,64.02,82.9102228224173,51.44,40.04,56.47,13.535549399815327,51.44,6.21,13.73,4.16,32.52,7.14,566.0,2019,4,10,Summer
Ahmedabad,2019-04-11,81.22,82.9102228224173,65.1,44.75,67.79,13.535549399815327,65.1,7.27,15.7,4.23,32.46,7.16,1121.0,2019,4,11,Summer
Ahmedabad,2019-04-12,75.74,82.9102228224173,21.38,67.43,48.85,13.535549399815327,21.38,8.99,17.56,4.2,32.5,7.11,944.0,2019,4,12,Summer
Ahmedabad,2019-04-13,70.14,82.9102228224173,20.83,68.1,48.76,13.535549399815327,20.83,5.29,27.51,4.23,32.6,7.14,395.0,2019,4,13,Summer
Ahmedabad,2019-04-14,67.2,82.9102228224173,11.75,57.38,36.76,13.535549399815327,11.75,7.75,46.45,4.23,32.52,7.18,406.0,2019,4,14,Summer
Ahmedabad,2019-04-15,225.49,82.9102228224173,29.7,62.65,51.85,13.535549399815327,29.7,30.33,36.29,4.18,32.5,7.11,649.0,2019,4,15,Summer
Ahmedabad,2019-04-16,182.46,82.9102228224173,15.24,59.22,40.26,13.535549399815327,15.24,49.94,48.98,4.23,32.5,7.17,428.0,2019,4,16,Summer
Ahmedabad,2019-04-17,95.69,82.9102228224173,9.19,60.62,36.3,13.535549399815327,9.19,85.28,75.85,4.19,32.5,7.12,392.0,2019,4,17,Summer
Ahmedabad,2019-04-18,93.12,82.9102228224173,8.88,72.4,41.94,13.535549399815327,8.88,36.52,74.03,4.19,32.49,7.11,274.0,2019,4,18,Summer
Ahmedabad,2019-04-19,64.3,82.9102228224173,10.74,95.27,54.49,13.535549399815327,10.74,57.46,74.2,4.19,32.52,7.15,354.0,2019,4,19,Summer
Ahmedabad,2019-04-20,81.71,82.9102228224173,23.23,128.87,79.56,13.535549399815327,23.23,91.79,77.88,4.2,32.51,7.08,419.0,2019,4,20,Summer
Ahmedabad,2019-04-21,66.39,82.9102228224173,60.25,77.36,83.16,13.535549399815327,60.25,50.53,63.95,4.16,32.47,7.06,1205.0,2019,4,21,Summer
Ahmedabad,2019-04-22,92.59,82.9102228224173,35.37,92.43,71.48,13.535549399815327,35.37,72.51,63.21,4.18,32.45,7.07,778.0,2019,4,22,Summer
Ahmedabad,2019-04-23,84.47,82.9102228224173,27.88,85.23,63.88,13.535549399815327,27.88,70.3,59.98,4.21,32.42,7.08,730.0,2019,4,23,Summer
Ahmedabad,2019-04-24,76.98,82.9102228224173,9.49,43.57,28.34,13.535549399815327,9.49,51.35,40.16,4.31,32.51,7.17,608.0,2019,4,24,Summer
Ahmedabad,2019-04-27,84.95,82.9102228224173,38.54,63.41,79.01,13.535549399815327,38.54,54.58,69.89,4.19,32.44,7.12,294.76488095238096,2019,4,27,Summer
Ahmedabad,2019-04-28,91.99,82.9102228224173,75.71,46.84,82.03,13.535549399815327,75.71,42.2,51.25,4.14,32.49,7.13,1346.0,2019,4,28,Summer
Ahmedabad,2019-04-29,110.7,82.9102228224173,11.92,49.22,32.91,13.535549399815327,11.92,49.14,57.93,4.15,32.46,7.1,1015.0,2019,4,29,Summer
Ahmedabad,2019-04-30,132.76,82.9102228224173,9.13,65.49,38.76,13.535549399815327,9.13,55.8,78.36,4.16,32.36,7.03,255.0,2019,4,30,Summer
Ahmedabad,2019-05-01,113.47,82.9102228224173,23.43,70.08,51.67,13.535549399815327,23.43,83.88,49.54,4.15,32.44,7.07,518.0,2019,5,1,Summer
Ahmedabad,2019-05-02,101.68,82.9102228224173,24.04,76.61,55.31,13.535549399815327,24.04,106.65,64.47,4.14,32.48,7.02,604.0,2019,5,2,Summer
Ahmedabad,2019-05-03,86.07,82.9102228224173,13.77,62.42,40.29,13.535549399815327,13.77,96.27,41.5,4.19,32.43,7.13,315.0,2019,5,3,Summer
Ahmedabad,2019-05-04,72.58,82.9102228224173,14.52,54.32,37.33,13.535549399815327,14.52,77.82,2.97,4.21,32.49,7.08,326.0,2019,5,4,Summer
Ahmedabad,2019-05-05,81.79,82.9102228224173,19.4,58.23,42.89,13.535549399815327,19.4,136.27,3.02,4.15,32.45,7.11,449.0,2019,5,5,Summer
Ahmedabad,2019-05-06,72.54,82.9102228224173,23.99,74.87,54.42,13.535549399815327,23.99,98.42,3.11,4.19,32.45,7.06,455.0,2019,5,6,Summer
Ahmedabad,2019-05-07,58.71,82.9102228224173,12.69,70.34,31.99,13.535549399815327,12.69,66.1,2.16,4.18,32.32,7.06,398.0,2019,5,7,Summer
Ahmedabad,2019-05-08,72.51,82.9102228224173,15.56,57.84,39.83,13.535549399815327,15.56,88.54,3.12,4.19,32.52,7.11,346.0,2019,5,8,Summer
Ahmedabad,2019-05-09,43.83,82.9102228224173,11.8,43.77,17.0,13.535549399815327,11.8,46.28,3.13,4.09,32.35,6.94,291.0,2019,5,9,Summer
Ahmedabad,2019-05-10,15.52,82.9102228224173,14.94980870980871,42.06444851444852,0.0,13.535549399815327,12.837420289855071,1.31,36.608304512863775,3.78,28.55,6.81,294.76488095238096,2019,5,10,Summer
Ahmedabad,2019-05-14,46.04,141.54,17.26,130.23,49.54,13.535549399815327,17.26,107.28,48.32,8.89,52.6,8.78,294.76488095238096,2019,5,14,Summer
Ahmedabad,2019-05-15,37.55,122.41,15.08,85.12,58.72,13.535549399815327,15.08,163.01,48.23,16.44,85.54,14.19,281.0,2019,5,15,Summer
Ahmedabad,2019-05-16,33.97,116.32,14.67,79.71,55.61,13.535549399815327,14.67,91.26,51.86,15.55,83.89,13.15,330.0,2019,5,16,Summer
Ahmedabad,2019-05-17,35.48,130.07,18.02,77.61,58.41,13.535549399815327,18.02,98.35,38.99,15.88,83.83,13.34,356.0,2019,5,17,Summer
Ahmedabad,2019-05-18,34.11,138.31,13.27,75.23,51.83,13.535549399815327,13.27,88.66,42.22,15.93,82.73,13.44,359.0,2019,5,18,Summer
Ahmedabad,2019-05-19,33.69,111.73,34.56,68.9,69.77,13.535549399815327,34.56,80.9,36.95,15.53,84.17,13.19,547.0,2019,5,19,Summer
Ahmedabad,2019-05-20,42.31,118.65,17.47,81.84,59.84,13.535549399815327,17.47,89.57,46.68,15.98,83.87,13.6,813.0,2019,5,20,Summer
Ahmedabad,2019-05-21,24.6,103.88,11.03,81.24,52.21,13.535549399815327,11.03,80.74,46.65,15.31,82.95,11.66,321.0,2019,5,21,Summer
Ahmedabad,2019-05-22,27.93,103.3,11.44,76.75,50.49,13.535549399815327,11.44,86.48,54.34,15.6,84.17,13.6,270.0,2019,5,22,Summer
Ahmedabad,2019-05-23,41.39,135.65,14.29,89.1,59.76,13.535549399815327,14.29,105.96,49.7,16.33,83.95,13.48,323.0,2019,5,23,Summer
Ahmedabad,2019-05-24,46.79,148.0,14.31,93.27,61.82,13.535549399815327,14.31,131.04,56.31,15.21,82.4,11.95,344.0,2019,5,24,Summer
Ahmedabad,2019-05-25,51.63,156.97,17.96,89.18,63.98,13.535549399815327,17.96,134.22,49.62,15.72,83.2,13.93,404.0,2019,5,25,Summer
Ahmedabad,2019-05-26,63.15,177.87,28.03,100.08,80.78,13.535549399815327,28.03,122.43,50.32,17.05,84.59,13.16,558.0,2019,5,26,Summer
Ahmedabad,2019-05-27,57.47,163.36,21.39,112.68,79.36,13.535549399815327,21.39,143.3,52.19,16.47,84.11,13.58,435.0,2019,5,27,Summer
Ahmedabad,2019-05-28,50.27,156.63,21.02,103.05,74.24,13.535549399815327,21.02,118.55,49.86,16.92,85.28,14.2,440.0,2019,5,28,Summer
Ahmedabad,2019-05-29,42.02,140.66,16.43,71.51,53.58,13.535549399815327,16.43,82.75,52.44,16.99,85.25,13.8,374.0,2019,5,29,Summer
Ahmedabad,2019-05-30,48.74,153.69,19.89,91.02,67.08,13.535549399815327,19.89,138.12,52.86,17.04,83.72,13.55,515.0,2019,5,30,Summer
Ahmedabad,2019-05-31,46.51,136.34,16.75,85.37,60.74,13.535549399815327,16.75,145.55,44.53,15.68,84.55,13.67,360.0,2019,5,31,Summer
Ahmedabad,2019-06-01,48.1,142.06,23.83,70.71,61.67,13.535549399815327,23.83,142.52,40.22,15.5,84.08,12.18,467.0,2019,6,1,Monsoon
Ahmedabad,2019-06-02,41.38,119.91,21.8,70.35,59.18,13.535549399815327,21.8,134.76,41.5,15.9,83.78,14.01,402.0,2019,6,2,Monsoon
Ahmedabad,2019-06-03,46.46,134.2,22.33,74.31,61.71,13.535549399815327,22.33,137.83,47.63,14.5,81.45,10.98,419.0,2019,6,3,Monsoon
Ahmedabad,2019-06-04,39.68,117.51,20.89,77.12,61.44,13.535549399815327,20.89,139.31,71.62,12.58,79.02,7.46,408.0,2019,6,4,Monsoon
Ahmedabad,2019-06-05,38.27,113.84,18.87,61.74,51.63,13.535549399815327,18.87,112.15,82.73,115.14,371.65,3.477354965585054,402.0,2019,6,5,Monsoon
Ahmedabad,2019-06-06,35.06,127.56,12.63,68.94,48.03,13.535549399815327,12.63,101.14,75.71,26.24,85.15,94.48,303.0,2019,6,6,Monsoon
Ahmedabad,2019-06-07,30.07,124.01,15.49,122.88,78.85,13.535549399815327,15.49,31.67,70.29,4.149716373012463,19.2963644177052,3.477354965585054,354.0,2019,6,7,Monsoon
Ahmedabad,2019-06-08,48.74,135.9,16.38,154.42,94.0,13.535549399815327,16.38,58.6,73.95,7.29,80.04,2.05,358.0,2019,6,8,Monsoon
Ahmedabad,2019-06-09,35.3,120.77,15.2,146.65,88.87,13.535549399815327,15.2,127.62,81.55,29.46,141.33,14.86,324.0,2019,6,9,Monsoon
Ahmedabad,2019-06-10,34.31,115.46,16.31,127.02,80.56,13.535549399815327,16.31,121.46,80.39,26.9,256.09,56.49,360.0,2019,6,10,Monsoon
Ahmedabad,2019-06-11,33.97,107.59,15.38,135.26,83.52,13.535549399815327,15.38,100.23,90.29,7.91,123.47,49.93,348.0,2019,6,11,Monsoon
Ahmedabad,2019-06-12,41.08,156.33,12.8,140.5,83.14,13.535549399815327,12.8,91.23,85.2,6.3,87.51,33.1,333.0,2019,6,12,Monsoon
Ahmedabad,2019-06-13,25.56,77.07,13.75,120.8,74.61,13.535549399815327,13.75,58.37,88.79,6.3,80.04,1.48,321.0,2019,6,13,Monsoon
Ahmedabad,2019-06-14,26.75,103.12,14.4,112.66,71.38,13.535549399815327,14.4,60.94,77.88,6.3,80.04,1.48,338.0,2019,6,14,Monsoon
Ahmedabad,2019-06-15,32.71,96.84,18.89,116.69,78.46,13.535549399815327,18.89,48.67,53.57,6.3,80.04,1.48,369.0,2019,6,15,Monsoon
Ahmedabad,2019-06-16,32.79,107.15,25.17,103.69,79.28,13.535549399815327,25.17,30.37,30.45,6.3,80.04,1.48,397.0,2019,6,16,Monsoon
Ahmedabad,2019-06-17,28.02,104.64,25.92,115.78,86.11,13.535549399815327,25.92,42.55,21.04,6.3,80.04,1.48,414.0,2019,6,17,Monsoon
Ahmedabad,2019-06-18,26.92,72.7,22.25,130.64,89.1,13.535549399815327,22.25,25.9,24.37,6.3,80.04,1.48,363.0,2019,6,18,Monsoon
Ahmedabad,2019-06-19,69.38,171.87,19.2,145.75,92.99,13.535549399815327,19.2,37.85,7.21,6.3,80.04,1.48,371.0,2019,6,19,Monsoon
Ahmedabad,2019-06-20,42.08,125.62,30.2,155.72,113.35,13.535549399815327,30.2,33.25,41.97,6.3,80.04,1.48,565.0,2019,6,20,Monsoon
Ahmedabad,2019-06-21,35.67,103.64,18.86,147.44,93.61,13.535549399815327,18.86,25.28,74.84,6.3,80.04,1.48,348.0,2019,6,21,Monsoon
Ahmedabad,2019-06-22,63.09,152.67,12.65,163.54,110.17,13.535549399815327,12.65,26.31,113.94,6.3,80.04,1.48,184.0,2019,6,22,Monsoon
Ahmedabad,2019-06-23,46.13,102.66,14.35,146.55,87.86,13.535549399815327,14.35,39.92,108.07,6.3,80.04,1.48,328.0,2019,6,23,Monsoon
Ahmedabad,2019-06-24,57.49,115.42,21.05,277.31,162.63,13.535549399815327,21.05,37.43,101.47,6.3,80.04,1.48,440.0,2019,6,24,Monsoon
Ahmedabad,2019-06-25,49.23,97.91,19.38,174.15,107.05,13.535549399815327,19.38,20.97,90.33,6.3,80.04,1.48,411.0,2019,6,25,Monsoon
Ahmedabad,2019-06-26,70.03,136.54,24.95,213.58,136.58,13.535549399815327,24.95,28.94,52.14,6.3,80.04,1.48,469.0,2019,6,26,Monsoon
Ahmedabad,2019-06-27,60.03,109.4,25.55,176.24,117.3,13.535549399815327,25.55,35.87,52.95,6.3,80.04,1.48,436.0,2019,6,27,Monsoon
Ahmedabad,2019-06-28,49.43,102.77,29.88,164.64,114.39,13.535549399815327,29.88,44.06,31.31,6.3,80.04,1.48,517.0,2019,6,28,Monsoon
Ahmedabad,2019-06-29,59.63,112.5,41.59,184.07,141.36,13.535549399815327,41.59,38.49,21.31,6.3,80.04,1.48,640.0,2019,6,29,Monsoon
Ahmedabad,2019-06-30,53.13,117.3,29.06,107.86,84.37,13.535549399815327,29.06,30.43,43.43,6.23,79.21,1.46,465.0,2019,6,30,Monsoon
Ahmedabad,2019-07-01,43.22,104.74,28.45,168.15,117.79,13.535549399815327,28.45,40.42,69.91,6.23,79.21,1.46,486.0,2019,7,1,Monsoon
Ahmedabad,2019-07-02,44.75,114.84,24.72,119.51,88.78,13.535549399815327,24.72,48.21,58.82,6.3,80.04,1.48,446.0,2019,7,2,Monsoon
Ahmedabad,2019-07-03,44.27,96.61,24.13,118.73,95.73,13.535549399815327,24.13,47.13,49.16,6.3,80.04,1.48,426.0,2019,7,3,Monsoon
Ahmedabad,2019-07-04,47.77,102.68,39.11,144.03,114.85,13.535549399815327,39.11,44.8,21.77,6.3,80.04,1.48,534.0,2019,7,4,Monsoon
Ahmedabad,2019-07-05,47.88,116.88,37.12,106.12,94.1,13.535549399815327,37.12,35.22,23.22,6.3,80.04,1.48,610.0,2019,7,5,Monsoon
Ahmedabad,2019-07-06,47.71,100.89,34.67,171.04,122.97,13.535549399815327,34.67,40.63,21.04,6.3,80.04,1.48,491.0,2019,7,6,Monsoon
Ahmedabad,2019-07-07,34.72,80.67,26.15,148.91,102.6,13.535549399815327,26.15,32.86,50.85,6.3,80.04,1.48,451.0,2019,7,7,Monsoon
Ahmedabad,2019-07-08,37.99,113.3,35.85,113.12,96.06,13.535549399815327,35.85,32.57,27.37,6.3,80.04,1.48,509.0,2019,7,8,Monsoon
Ahmedabad,2019-07-09,41.69,120.12,36.14,137.36,108.22,13.535549399815327,36.14,30.42,27.49,6.3,80.04,1.48,491.0,2019,7,9,Monsoon
Ahmedabad,2019-07-10,45.31,128.97,40.51,157.22,122.89,13.535549399815327,40.51,31.64,33.43,6.3,80.04,1.48,524.0,2019,7,10,Monsoon
Ahmedabad,2019-07-11,43.48,116.84,37.34,103.67,93.15,13.535549399815327,37.34,91.4,30.35,6.3,80.04,1.48,575.0,2019,7,11,Monsoon
Ahmedabad,2019-07-12,41.97,109.2,30.92,107.17,87.53,13.535549399815327,30.92,96.35,34.38,6.3,80.04,1.48,490.0,2019,7,12,Monsoon
Ahmedabad,2019-07-13,38.49,101.6,36.22,117.03,98.39,13.535549399815327,36.22,103.19,33.11,6.3,80.04,1.48,503.0,2019,7,13,Monsoon
Ahmedabad,2019-07-14,41.7,109.85,24.82,102.72,78.41,13.535549399815327,24.82,102.03,49.25,6.3,80.04,1.48,469.0,2019,7,14,Monsoon
Ahmedabad,2019-07-15,42.43,116.7,32.1,114.44,92.42,13.535549399815327,32.1,142.27,38.2,6.3,80.04,1.48,455.0,2019,7,15,Monsoon
Ahmedabad,2019-07-16,38.99,114.94,31.97,103.79,87.09,13.535549399815327,31.97,156.48,32.57,6.3,80.04,1.48,488.0,2019,7,16,Monsoon
Ahmedabad,2019-07-17,34.92,114.11,30.5,110.39,88.63,13.535549399815327,30.5,116.97,37.07,6.3,80.04,1.48,513.0,2019,7,17,Monsoon
Ahmedabad,2019-07-18,32.7,105.78,26.0,103.72,80.25,13.535549399815327,26.0,132.41,45.92,6.3,80.04,1.48,466.0,2019,7,18,Monsoon
Ahmedabad,2019-07-19,44.65,120.74,25.34,135.12,94.8,13.535549399815327,25.34,104.15,58.38,6.3,80.04,1.48,429.0,2019,7,19,Monsoon
Ahmedabad,2019-07-20,51.63,130.55,27.48,156.06,107.47,13.535549399815327,27.48,109.13,52.03,6.3,80.04,1.48,459.0,2019,7,20,Monsoon
Ahmedabad,2019-07-21,48.67,104.86,17.33,152.96,94.37,13.535549399815327,17.33,92.83,76.38,6.3,80.04,1.48,385.0,2019,7,21,Monsoon
Ahmedabad,2019-07-22,37.73,82.63,13.1,115.28,71.17,13.535549399815327,13.1,53.67,113.3,6.3,80.04,1.48,309.0,2019,7,22,Monsoon
Ahmedabad,2019-07-23,73.98,202.3,17.81,168.45,107.32,13.535549399815327,17.81,35.04,70.3,6.3,80.04,1.48,587.0,2019,7,23,Monsoon
Ahmedabad,2019-07-24,52.55,172.36,27.02,99.11,79.15,13.535549399815327,27.02,46.88,57.81,6.3,80.04,1.48,482.0,2019,7,24,Monsoon
Ahmedabad,2019-07-25,48.26,165.97,35.25,157.23,116.89,13.535549399815327,35.25,50.5,29.11,6.3,80.04,1.48,502.0,2019,7,25,Monsoon
Ahmedabad,2019-07-26,46.8,98.91,34.26,32.44,54.89,13.535549399815327,34.26,57.06,42.64,6.3,80.04,1.48,469.0,2019,7,26,Monsoon
Ahmedabad,2019-07-27,39.43,98.23,26.55,43.0,50.78,13.535549399815327,26.55,94.84,52.09,6.23,79.17,1.46,413.0,2019,7,27,Monsoon
Ahmedabad,2019-07-28,47.55,100.1,32.36,30.99,49.24,13.535549399815327,32.36,83.52,47.92,6.17,78.37,1.45,478.0,2019,7,28,Monsoon
Ahmedabad,2019-07-29,43.84,148.04,33.11,42.69,58.58,13.535549399815327,33.11,70.53,64.25,6.3,80.04,1.48,515.0,2019,7,29,Monsoon
Ahmedabad,2019-07-30,41.45,82.9102228224173,31.74,30.62,50.01,13.535549399815327,31.74,63.85,43.27,5.77,71.74,1.7,461.0,2019,7,30,Monsoon
Ahmedabad,2019-07-31,28.8,82.9102228224173,32.52,50.61,61.74,13.535549399815327,32.52,53.38,34.57,2.88,24.5,3.39,294.76488095238096,2019,7,31,Monsoon
Ahmedabad,2019-08-01,47.31,110.65,59.19,23.06,66.37,13.535549399815327,59.19,50.69,24.93,2.88,24.5,3.39,957.0,2019,8,1,Monsoon
Ahmedabad,2019-08-02,56.72,139.31,45.45,45.13,68.12,13.535549399815327,45.45,52.12,28.08,2.88,24.5,3.39,685.0,2019,8,2,Monsoon
Ahmedabad,2019-08-03,45.43,118.95,36.56,30.0,55.58,13.535549399815327,36.56,41.96,30.53,2.51,28.31,1.94,492.0,2019,8,3,Monsoon
Ahmedabad,2019-08-04,37.7,106.26,25.9,37.43,47.63,13.535549399815327,25.9,39.98,40.88,2.14,32.05,0.52,464.0,2019,8,4,Monsoon
Ahmedabad,2019-08-05,43.43,153.39,29.34,33.44,49.72,13.535549399815327,29.34,44.51,43.28,2.14,32.05,0.52,477.0,2019,8,5,Monsoon
Ahmedabad,2019-08-06,50.53,181.39,38.94,57.64,70.29,13.535549399815327,38.94,39.45,41.18,2.14,32.05,0.52,564.0,2019,8,6,Monsoon
Ahmedabad,2019-08-07,60.09,199.34,40.91,30.12,60.02,13.535549399815327,40.91,40.22,26.52,2.14,32.05,0.52,545.0,2019,8,7,Monsoon
Ahmedabad,2019-08-08,57.61,195.84,35.46,47.73,62.52,13.535549399815327,35.46,39.76,37.96,2.12,31.72,0.51,530.0,2019,8,8,Monsoon
Ahmedabad,2019-08-09,44.1,99.59,26.54,72.53,65.64,13.535549399815327,26.54,42.51,45.15,2.14,32.05,0.52,448.0,2019,8,9,Monsoon
Ahmedabad,2019-08-10,22.26,50.03,28.38,41.31,52.51,13.535549399815327,28.38,45.34,37.92,2.14,32.05,0.52,440.0,2019,8,10,Monsoon
Ahmedabad,2019-08-11,37.97,95.65,33.04,39.57,56.91,13.535549399815327,33.04,39.94,34.34,2.14,32.05,0.52,452.0,2019,8,11,Monsoon
Ahmedabad,2019-08-12,46.3,160.82,40.24,47.9,65.63,13.535549399815327,40.24,41.94,33.06,2.1,31.38,0.51,573.0,2019,8,12,Monsoon
Ahmedabad,2019-08-13,41.77,175.24,28.77,49.65,57.0,13.535549399815327,28.77,37.04,47.71,2.14,32.05,0.52,467.0,2019,8,13,Monsoon
Ahmedabad,2019-08-14,47.52,184.48,33.11,36.01,55.0,13.535549399815327,33.11,40.95,41.86,2.14,32.05,0.52,492.0,2019,8,14,Monsoon
Ahmedabad,2019-08-15,50.55,117.04,31.12,52.84,61.24,13.535549399815327,31.12,39.98,31.08,2.14,32.05,0.52,471.0,2019,8,15,Monsoon
Ahmedabad,2019-08-16,27.6,75.1,33.81,48.35,60.52,13.535549399815327,33.81,42.4,34.06,2.14,32.05,0.52,505.0,2019,8,16,Monsoon
Ahmedabad,2019-08-17,41.4,143.82,30.09,41.39,53.51,13.535549399815327,30.09,40.05,42.78,2.14,32.05,0.52,473.0,2019,8,17,Monsoon
Ahmedabad,2019-08-18,44.46,134.58,36.78,73.54,77.37,13.535549399815327,36.78,37.46,45.93,2.14,32.05,0.52,539.0,2019,8,18,Monsoon
Ahmedabad,2019-08-19,39.88,184.17,34.38,60.79,67.29,13.535549399815327,34.38,26.36,55.36,2.1,31.43,0.51,627.0,2019,8,19,Monsoon
Ahmedabad,2019-08-20,46.58,138.91,26.7,53.62,56.13,13.535549399815327,26.7,45.91,61.08,2.14,32.05,0.52,466.0,2019,8,20,Monsoon
Ahmedabad,2019-08-21,36.44,151.31,24.36,60.1,54.16,13.535549399815327,24.36,40.9,69.33,2.03,30.38,0.49,465.0,2019,8,21,Monsoon
Ahmedabad,2019-08-22,45.37,176.7,24.41,64.69,59.39,13.535549399815327,24.41,43.82,68.52,2.14,32.05,0.52,462.0,2019,8,22,Monsoon
Ahmedabad,2019-08-23,47.67,182.75,25.81,53.56,53.89,13.535549399815327,25.81,51.27,57.64,2.14,32.05,0.52,523.0,2019,8,23,Monsoon
Ahmedabad,2019-08-24,41.31,142.75,18.93,55.93,48.86,13.535549399815327,18.93,37.66,76.75,4.149716373012463,19.2963644177052,3.477354965585054,385.0,2019,8,24,Monsoon
Ahmedabad,2019-08-25,30.82,119.98,21.13,57.44,52.11,13.535549399815327,21.13,39.97,69.77,4.149716373012463,19.2963644177052,3.477354965585054,360.0,2019,8,25,Monsoon
Ahmedabad,2019-08-26,45.77,164.31,36.07,56.76,68.79,13.535549399815327,36.07,55.67,29.03,2.14,32.05,0.52,532.0,2019,8,26,Monsoon
Ahmedabad,2019-08-27,58.51,142.29,46.11,36.67,70.31,13.535549399815327,46.11,44.52,24.36,2.14,32.05,0.52,651.0,2019,8,27,Monsoon
Ahmedabad,2019-08-28,36.1,88.66,27.22,46.87,53.9,13.535549399815327,27.22,40.52,51.74,2.14,32.05,0.52,434.0,2019,8,28,Monsoon
Ahmedabad,2019-08-29,38.5,93.7,37.89,47.69,66.19,13.535549399815327,37.89,63.22,28.61,2.14,32.05,0.52,517.0,2019,8,29,Monsoon
Ahmedabad,2019-08-30,40.53,118.21,36.0,43.33,61.43,13.535549399815327,36.0,49.29,32.49,2.14,32.05,0.52,563.0,2019,8,30,Monsoon
Ahmedabad,2019-08-31,37.05,111.11,30.71,48.51,58.68,13.535549399815327,30.71,46.13,37.33,2.14,32.05,0.52,464.0,2019,8,31,Monsoon
Ahmedabad,2019-09-01,31.28,87.45,24.16,47.49,50.72,13.535549399815327,24.16,47.71,47.56,2.14,32.05,0.52,420.0,2019,9,1,Monsoon
Ahmedabad,2019-09-02,25.64,69.07,25.23,52.47,54.36,13.535549399815327,25.23,48.58,44.0,2.14,32.05,0.52,419.0,2019,9,2,Monsoon
Ahmedabad,2019-09-03,40.18,82.81,29.4,49.59,57.71,13.535549399815327,29.4,50.91,42.54,2.14,32.05,0.52,447.0,2019,9,3,Monsoon
Ahmedabad,2019-09-04,39.16,86.22,16.72,62.06,49.34,13.535549399815327,16.72,48.32,77.97,2.14,32.05,0.52,401.0,2019,9,4,Monsoon
Ahmedabad,2019-09-05,45.55,69.01,20.81,82.99,64.08,13.535549399815327,20.81,50.79,73.91,2.14,32.05,0.52,446.0,2019,9,5,Monsoon
Ahmedabad,2019-09-06,55.43,80.39,22.28,81.63,67.29,13.535549399815327,22.28,50.6,84.1,2.14,32.05,0.52,432.0,2019,9,6,Monsoon
Ahmedabad,2019-09-07,35.05,77.28,25.02,54.26,54.98,13.535549399815327,25.02,48.29,53.43,2.14,32.05,0.52,454.0,2019,9,7,Monsoon
Ahmedabad,2019-09-08,33.15,59.41,18.87,48.34,45.05,13.535549399815327,18.87,44.03,57.52,2.14,32.05,0.52,408.0,2019,9,8,Monsoon
Ahmedabad,2019-09-09,38.7,69.84,21.33,61.48,54.01,13.535549399815327,21.33,53.34,71.99,2.14,32.05,0.52,381.0,2019,9,9,Monsoon
Ahmedabad,2019-09-10,45.2,69.26,23.33,72.02,63.4,13.535549399815327,23.33,50.39,39.15,2.14,32.05,0.52,468.0,2019,9,10,Monsoon
Ahmedabad,2019-09-11,59.4,196.25,45.92,46.05,74.61,13.535549399815327,45.92,81.09,33.47,2.17,32.76,0.55,294.76488095238096,2019,9,11,Monsoon
Ahmedabad,2019-09-12,54.9846661237785,82.9102228224173,49.78,39.61,79.26,13.535549399815327,49.78,52.59,22.98,2.14,32.05,0.52,294.76488095238096,2019,9,12,Monsoon
Ahmedabad,2019-09-13,64.45,82.9102228224173,51.32,58.92,82.4,13.535549399815327,51.32,66.72,9.64,2.14,32.05,0.52,294.76488095238096,2019,9,13,Monsoon
Ahmedabad,2019-09-14,59.96,82.9102228224173,40.14,69.61,82.74,13.535549399815327,40.14,64.63,13.0,2.14,32.05,0.52,629.0,2019,9,14,Monsoon
Ahmedabad,2019-09-15,66.21,171.53,37.54,44.57,56.46,13.535549399815327,37.54,68.54,20.67,2.14,32.05,0.52,793.0,2019,9,15,Monsoon
Ahmedabad,2019-09-16,38.0,107.96,23.87,53.2,52.89,13.535549399815327,23.87,63.42,26.28,2.14,32.05,0.52,495.0,2019,9,16,Monsoon
Ahmedabad,2019-09-17,44.41,102.31,36.34,236.79,156.68,13.535549399815327,36.34,59.59,32.92,2.14,32.05,0.52,528.0,2019,9,17,Monsoon
Ahmedabad,2019-09-18,50.66,126.48,25.45,94.87,76.75,13.535549399815327,25.45,33.42,34.64,2.14,32.05,0.52,570.0,2019,9,18,Monsoon
Ahmedabad,2019-09-19,73.61,133.78,31.7,129.85,99.5,13.535549399815327,31.7,78.7,31.11,2.93,35.37,2.65,708.0,2019,9,19,Monsoon
Ahmedabad,2019-09-20,27.17,55.41,11.26,61.34,42.53,13.535549399815327,11.26,78.36,42.49,0.66,0.04,0.02,314.0,2019,9,20,Monsoon
Ahmedabad,2019-09-21,39.27,73.22,17.41,132.09,84.28,13.535549399815327,17.41,82.79,48.66,4.149716373012463,19.2963644177052,3.477354965585054,386.0,2019,9,21,Monsoon
Ahmedabad,2019-09-22,45.4,85.77,13.26,128.45,77.78,13.535549399815327,13.26,90.46,51.35,4.149716373012463,19.2963644177052,3.477354965585054,356.0,2019,9,22,Monsoon
Ahmedabad,2019-09-23,59.74,108.29,19.33,112.62,76.98,13.535549399815327,19.33,114.51,43.41,0.96,19.48,1.7,398.0,2019,9,23,Monsoon
Ahmedabad,2019-09-24,58.49,89.47,18.72,124.86,82.26,13.535549399815327,18.72,102.52,60.11,1.31,23.57,2.28,476.0,2019,9,24,Monsoon
Ahmedabad,2019-09-25,61.46,103.64,23.56,112.12,81.56,13.535549399815327,23.56,81.76,60.38,1.15,23.41,2.04,572.0,2019,9,25,Monsoon
Ahmedabad,2019-09-26,39.34,59.29,18.91,96.73,68.75,13.535549399815327,18.91,90.49,48.71,1.15,23.37,2.04,427.0,2019,9,26,Monsoon
Ahmedabad,2019-09-27,28.2,40.35,18.36,80.73,60.32,13.535549399815327,18.36,82.95,40.22,1.15,23.37,2.04,466.0,2019,9,27,Monsoon
Ahmedabad,2019-09-28,30.18,48.65,24.72,99.02,76.5,13.535549399815327,24.72,82.66,34.33,1.15,23.37,2.04,438.0,2019,9,28,Monsoon
Ahmedabad,2019-09-29,20.71,44.65,14.94,79.1,55.63,13.535549399815327,14.94,107.18,33.31,1.15,23.37,2.04,432.0,2019,9,29,Monsoon
Ahmedabad,2019-09-30,21.94,34.95,11.62,65.04,44.98,13.535549399815327,11.62,101.99,42.88,1.15,23.37,2.04,322.0,2019,9,30,Monsoon
Ahmedabad,2019-10-01,33.66,56.01,11.85,92.52,58.64,13.535549399815327,11.85,137.97,72.52,1.15,23.37,2.04,266.0,2019,10,1,PostMonsoon
Ahmedabad,2019-10-02,51.11,106.2,21.47,118.26,82.17,13.535549399815327,21.47,129.38,41.28,1.15,23.37,2.04,430.0,2019,10,2,PostMonsoon
Ahmedabad,2019-10-03,57.08,126.9,18.9,98.77,69.73,13.535549399815327,18.9,99.59,43.21,14.63,27.09,4.1,528.0,2019,10,3,PostMonsoon
Ahmedabad,2019-10-04,49.88,127.47,25.05,101.3,77.98,13.535549399815327,25.05,120.8,48.48,40.9,27.42,6.04,512.0,2019,10,4,PostMonsoon
Ahmedabad,2019-10-05,57.65,138.99,49.58,168.74,138.85,13.535549399815327,49.58,153.44,41.05,1.15,23.37,2.04,614.0,2019,10,5,PostMonsoon
Ahmedabad,2019-10-06,68.62,117.69,55.22,132.77,102.54,13.535549399815327,55.22,158.04,68.56,1.15,23.37,2.04,954.0,2019,10,6,PostMonsoon
Ahmedabad,2019-10-07,99.81,155.39,36.34,162.56,119.48,13.535549399815327,36.34,146.33,68.81,1.15,23.37,2.04,1217.0,2019,10,7,PostMonsoon
Ahmedabad,2019-10-08,73.52,153.75,45.99,171.17,132.92,13.535549399815327,45.99,154.99,70.66,1.15,23.37,2.04,659.0,2019,10,8,PostMonsoon
Ahmedabad,2019-10-09,108.07,195.19,82.73,204.06,176.45,13.535549399815327,82.73,130.56,67.73,1.15,23.37,2.04,1389.0,2019,10,9,PostMonsoon
Ahmedabad,2019-10-10,117.13,188.14,59.24,199.03,144.33,13.535549399815327,59.24,134.87,62.92,1.15,23.37,2.04,1195.0,2019,10,10,PostMonsoon
Ahmedabad,2019-10-11,70.26,153.84,34.88,211.8,143.1,13.535549399815327,34.88,139.0,67.9,1.15,23.37,2.04,615.0,2019,10,11,PostMonsoon
Ahmedabad,2019-10-12,109.48,212.8,68.52,245.62,197.94,13.535549399815327,68.52,178.58,54.14,1.15,23.37,2.04,904.0,2019,10,12,PostMonsoon
Ahmedabad,2019-10-13,194.36,335.86,119.3,207.05,223.66,13.535549399815327,119.3,36.68408281573499,27.16,1.15,23.37,2.04,1595.0,2019,10,13,PostMonsoon
Ahmedabad,2019-10-14,98.5,231.88,45.18,221.25,160.39,13.535549399815327,45.18,172.85,69.56,1.15,23.37,2.04,294.76488095238096,2019,10,14,PostMonsoon
Ahmedabad,2019-10-15,96.74,208.83,57.78,229.45,160.83,13.535549399815327,57.78,156.5,59.05,1.15,23.37,2.04,919.0,2019,10,15,PostMonsoon
Ahmedabad,2019-10-16,90.7,188.75,51.18,219.01,162.35,13.535549399815327,51.18,135.76,77.07,1.15,23.37,2.04,1190.0,2019,10,16,PostMonsoon
Ahmedabad,2019-10-17,100.06,175.79,39.85,239.1,160.51,13.535549399815327,39.85,134.84,59.32,1.15,23.37,2.04,956.0,2019,10,17,PostMonsoon
Ahmedabad,2019-10-18,109.01,174.56,40.53,217.53,148.54,13.535549399815327,40.53,36.68408281573499,73.44,1.15,23.37,2.04,1124.0,2019,10,18,PostMonsoon
Ahmedabad,2019-10-19,87.87,154.68,6.94,186.56,98.87,13.535549399815327,6.94,100.46,93.28,1.15,23.37,2.04,318.0,2019,10,19,PostMonsoon
Ahmedabad,2019-10-20,89.05,129.36,5.69,159.1,83.99,13.535549399815327,5.69,105.73,76.58,1.15,23.37,2.04,228.0,2019,10,20,PostMonsoon
Ahmedabad,2019-10-21,81.62,118.57,1.7,121.02,60.92,13.535549399815327,1.7,117.2,114.49,1.15,23.37,2.04,225.0,2019,10,21,PostMonsoon
Ahmedabad,2019-10-22,84.9,128.62,3.67,108.85,57.21,13.535549399815327,3.67,113.16,133.14,1.15,23.37,2.04,258.0,2019,10,22,PostMonsoon
Ahmedabad,2019-10-23,46.84,83.85,6.05,114.63,62.81,13.535549399815327,6.05,118.83,91.42,1.15,23.37,2.04,249.0,2019,10,23,PostMonsoon
Ahmedabad,2019-10-24,53.59,106.77,4.79,152.09,79.64,13.535549399815327,4.79,119.97,116.38,1.15,23.37,2.04,270.0,2019,10,24,PostMonsoon
Ahmedabad,2019-10-25,82.74,148.8,7.26,186.72,99.36,13.535549399815327,7.26,133.53,90.23,1.15,23.37,2.04,334.0,2019,10,25,PostMonsoon
Ahmedabad,2019-10-26,62.7,108.91,1.41,86.91,43.97,13.535549399815327,1.41,88.46,162.43,1.15,23.37,2.04,273.0,2019,10,26,PostMonsoon
Ahmedabad,2019-10-27,57.54,81.3,7.32,72.14,43.54,13.535549399815327,7.32,120.11,103.24,1.15,23.37,2.04,199.0,2019,10,27,PostMonsoon
Ahmedabad,2019-10-28,75.12,158.06,7.95,68.64,42.55,13.535549399815327,7.95,106.2,55.96,1.15,23.37,2.04,212.0,2019,10,28,PostMonsoon
Ahmedabad,2019-10-29,37.74,93.24,7.42,62.2,38.81,13.535549399815327,7.42,110.11,51.34,1.15,23.37,2.04,200.0,2019,10,29,PostMonsoon
Ahmedabad,2019-10-30,20.1,52.97,16.72,74.41,55.36,13.535549399815327,16.72,134.66,50.0,1.15,23.37,2.04,305.0,2019,10,30,PostMonsoon
Ahmedabad,2019-10-31,54.57,135.53,22.31,115.84,81.95,13.535549399815327,22.31,129.06,51.69,1.15,23.37,2.04,502.0,2019,10,31,PostMonsoon
Ahmedabad,2019-11-01,63.17,145.88,9.85,112.58,66.15,13.535549399815327,9.85,136.87,46.54,1.15,23.37,2.04,362.0,2019,11,1,PostMonsoon
Ahmedabad,2019-11-02,42.27,111.98,10.87,87.8,55.23,13.535549399815327,10.87,129.66,39.52,1.15,23.37,2.04,275.0,2019,11,2,PostMonsoon
Ahmedabad,2019-11-03,33.68,69.15,23.59,115.67,83.3,13.535549399815327,23.59,133.73,36.66,1.44,23.55,1.89,351.0,2019,11,3,PostMonsoon
Ahmedabad,2019-11-04,69.31,112.61,28.8,175.04,118.22,13.535549399815327,28.8,136.74,62.53,2.14,27.52,1.91,636.0,2019,11,4,PostMonsoon
Ahmedabad,2019-11-05,84.29,131.73,17.04,203.26,118.58,13.535549399815327,17.04,138.03,59.57,2.14,27.52,1.91,346.0,2019,11,5,PostMonsoon
Ahmedabad,2019-11-06,112.08,171.65,28.47,192.27,126.26,13.535549399815327,28.47,120.4,79.31,2.14,27.52,1.91,561.0,2019,11,6,PostMonsoon
Ahmedabad,2019-11-07,56.86,79.47,15.77,156.28,94.22,13.535549399815327,15.77,163.2,46.86,2.14,27.52,1.91,358.0,2019,11,7,PostMonsoon
Ahmedabad,2019-11-08,64.96,92.32,14.87,157.51,93.79,13.535549399815327,14.87,174.83,27.22,2.14,27.52,1.91,316.0,2019,11,8,PostMonsoon
Ahmedabad,2019-11-09,48.99,107.67,14.05,163.7,95.88,13.535549399815327,14.05,167.13,38.58,2.14,27.52,1.91,358.0,2019,11,9,PostMonsoon
Ahmedabad,2019-11-10,68.07,133.46,9.16,155.92,86.5,13.535549399815327,9.16,168.45,51.38,2.14,27.52,1.91,282.0,2019,11,10,PostMonsoon
Ahmedabad,2019-11-11,84.08,170.94,17.69,208.92,122.08,13.535549399815327,17.69,36.68408281573499,49.3,2.14,27.52,1.91,289.0,2019,11,11,PostMonsoon
Ahmedabad,2019-11-12,100.47,217.53,47.92,292.02,197.09,13.535549399815327,47.92,36.68408281573499,34.64,2.14,27.52,1.91,733.0,2019,11,12,PostMonsoon
Ahmedabad,2019-11-13,88.0,145.34,18.8,226.03,131.69,13.535549399815327,18.8,36.68408281573499,32.59,2.14,27.52,1.91,638.0,2019,11,13,PostMonsoon
Ahmedabad,2019-11-14,49.19,116.2,20.01,202.95,121.82,13.535549399815327,20.01,155.16,27.68,2.14,27.52,1.91,415.0,2019,11,14,PostMonsoon
Ahmedabad,2019-11-15,43.56,94.58,10.3,121.43,70.98,13.535549399815327,10.3,145.89,16.36,2.14,27.52,1.91,411.0,2019,11,15,PostMonsoon
Ahmedabad,2019-11-16,70.05,133.55,28.74,145.72,103.85,13.535549399815327,28.74,156.97,16.41,2.14,27.52,1.91,433.0,2019,11,16,PostMonsoon
Ahmedabad,2019-11-17,58.66,78.4,29.52,136.69,100.34,13.535549399815327,29.52,135.46,16.08,2.14,27.52,1.91,632.0,2019,11,17,PostMonsoon
Ahmedabad,2019-11-18,62.15,94.91,42.34,147.33,120.16,13.535549399815327,42.34,143.33,15.8,2.14,27.52,1.91,883.0,2019,11,18,PostMonsoon
Ahmedabad,2019-11-19,52.04,85.17,39.43,112.69,99.94,13.535549399815327,39.43,158.25,15.84,2.14,27.52,1.91,884.0,2019,11,19,PostMonsoon
Ahmedabad,2019-11-20,46.54,93.8,34.48,97.74,87.15,13.535549399815327,34.48,172.68,16.99,2.14,27.52,1.91,552.0,2019,11,20,PostMonsoon
Ahmedabad,2019-11-21,55.43,91.22,17.98,109.17,73.76,13.535549399815327,17.98,157.33,15.43,2.14,27.52,1.91,662.0,2019,11,21,PostMonsoon
Ahmedabad,2019-11-22,55.5,95.86,17.1,99.44,68.01,13.535549399815327,17.1,176.88,16.02,2.14,27.52,1.91,356.0,2019,11,22,PostMonsoon
Ahmedabad,2019-11-23,58.97,104.2,19.45,106.63,74.19,13.535549399815327,19.45,132.97,14.99,2.14,27.52,1.91,477.0,2019,11,23,PostMonsoon
Ahmedabad,2019-11-24,60.38,98.67,17.72,98.24,68.13,13.535549399815327,17.72,137.97,16.21,2.14,27.52,1.91,443.0,2019,11,24,PostMonsoon
Ahmedabad,2019-11-25,73.87,106.75,20.3,110.17,76.89,13.535549399815327,20.3,127.11,15.31,2.14,27.52,1.91,378.0,2019,11,25,PostMonsoon
Ahmedabad,2019-11-26,64.06,101.44,16.8,92.88,64.46,13.535549399815327,16.8,139.64,30.45,1.83,31.73,1.78,441.0,2019,11,26,PostMonsoon
Ahmedabad,2019-11-27,53.91,108.89,11.11,98.4,60.11,13.535549399815327,11.11,142.7,46.08,4.92,38.32,2.02,411.0,2019,11,27,PostMonsoon
Ahmedabad,2019-11-28,38.15,89.99,7.78,140.56,77.43,13.535549399815327,7.78,166.39,40.11,1.46,23.05,1.8,236.0,2019,11,28,PostMonsoon
Ahmedabad,2019-11-29,48.47,87.26,5.55,103.61,56.87,13.535549399815327,5.55,186.08,44.3,3.84,46.94,1.65,212.0,2019,11,29,PostMonsoon
Ahmedabad,2019-11-30,46.95,86.39,8.07,86.67,51.48,13.535549399815327,8.07,147.78,41.06,3.5,43.31,1.72,199.0,2019,11,30,PostMonsoon
Ahmedabad,2019-12-01,43.06,79.08,5.26,81.68,45.84,13.535549399815327,5.26,137.18,42.68,2.75,35.25,1.87,248.0,2019,12,1,Winter
Ahmedabad,2019-12-02,46.74,76.39,4.02,60.49,34.1,13.535549399815327,4.02,112.45,48.16,2.75,35.25,1.87,192.0,2019,12,2,Winter
Ahmedabad,2019-12-03,41.61,83.5,3.87,54.14,30.83,13.535549399815327,3.87,123.27,57.81,2.75,35.25,1.87,134.0,2019,12,3,Winter
Ahmedabad,2019-12-04,77.66,99.48,4.32,62.09,35.21,13.535549399815327,4.32,93.11,51.79,2.75,35.25,1.87,140.0,2019,12,4,Winter
Ahmedabad,2019-12-05,65.48,121.86,7.8,82.62,48.13,13.535549399815327,7.8,66.09,42.3,2.75,35.25,1.87,197.0,2019,12,5,Winter
Ahmedabad,2019-12-06,64.87,122.33,14.15,71.51,50.36,13.535549399815327,14.15,36.29,47.75,4.149716373012463,19.2963644177052,3.477354965585054,344.0,2019,12,6,Winter
Ahmedabad,2019-12-07,93.24,157.33,9.08,83.89,51.27,13.535549399815327,9.08,36.22,53.07,4.149716373012463,19.2963644177052,3.477354965585054,276.0,2019,12,7,Winter
Ahmedabad,2019-12-08,92.26,135.81,12.09,76.33,51.02,13.535549399815327,12.09,31.8,53.65,4.149716373012463,19.2963644177052,3.477354965585054,293.0,2019,12,8,Winter
Ahmedabad,2019-12-09,78.95,123.59,12.83,54.51,38.77,13.535549399815327,12.83,41.87,54.56,4.149716373012463,19.2963644177052,3.477354965585054,329.0,2019,12,9,Winter
Ahmedabad,2019-12-10,86.88,143.98,26.73,35.11,36.8,13.535549399815327,26.73,58.5,35.3,4.149716373012463,19.2963644177052,3.477354965585054,458.0,2019,12,10,Winter
Ahmedabad,2019-12-11,72.3,118.19,26.27,24.48,29.66,13.535549399815327,26.27,54.58,32.36,4.149716373012463,19.2963644177052,3.477354965585054,538.0,2019,12,11,Winter
Ahmedabad,2019-12-12,62.39,116.84,14.39,14.9,16.14,13.535549399815327,14.39,60.87,24.18,4.149716373012463,19.2963644177052,3.477354965585054,520.0,2019,12,12,Winter
Ahmedabad,2019-12-13,52.59,92.57,6.92,11.32,10.69,13.535549399815327,6.92,25.09,23.94,4.149716373012463,19.2963644177052,3.477354965585054,242.0,2019,12,13,Winter
Ahmedabad,2019-12-14,63.33,99.3,4.66,14.79,10.69,13.535549399815327,4.66,29.4,24.07,4.149716373012463,19.2963644177052,3.477354965585054,157.0,2019,12,14,Winter
Ahmedabad,2019-12-15,48.58,93.92,2.56,12.0,7.76,13.535549399815327,2.56,20.56,27.73,4.149716373012463,19.2963644177052,3.477354965585054,177.0,2019,12,15,Winter
Ahmedabad,2019-12-16,45.47,89.73,5.2,20.62,13.94,13.535549399815327,5.2,18.8,30.45,4.149716373012463,19.2963644177052,3.477354965585054,145.0,2019,12,16,Winter
Ahmedabad,2019-12-17,54.42,102.4,5.67,25.45,16.65,13.535549399815327,5.67,26.19,29.22,4.149716373012463,19.2963644177052,3.477354965585054,237.0,2019,12,17,Winter
Ahmedabad,2019-12-18,72.45,116.1,8.84,25.88,19.22,13.535549399815327,8.84,29.77,24.83,4.149716373012463,19.2963644177052,3.477354965585054,231.0,2019,12,18,Winter
Ahmedabad,2019-12-19,89.97,155.63,28.91,28.82,33.61,13.535549399815327,28.91,39.43,18.76,4.149716373012463,19.2963644177052,3.477354965585054,391.0,2019,12,19,Winter
Ahmedabad,2019-12-20,104.25,163.95,29.17,23.33,32.46,13.535549399815327,29.17,35.42,15.46,4.149716373012463,19.2963644177052,3.477354965585054,712.0,2019,12,20,Winter
Ahmedabad,2019-12-21,64.25,121.71,10.97,34.29,24.92,13.535549399815327,10.97,73.34,12.43,4.149716373012463,19.2963644177052,3.477354965585054,206.0,2019,12,21,Winter
Ahmedabad,2019-12-22,60.17,104.08,3.75,18.36,11.75,13.535549399815327,3.75,39.26,8.94,4.149716373012463,19.2963644177052,3.477354965585054,170.0,2019,12,22,Winter
Ahmedabad,2019-12-23,57.99,97.02,2.2,17.47,10.16,13.535549399815327,2.2,52.32,6.35,4.149716373012463,19.2963644177052,3.477354965585054,113.0,2019,12,23,Winter
Ahmedabad,2019-12-24,49.63,95.51,1.89,19.99,11.16,13.535549399815327,1.89,79.47,4.87,4.149716373012463,19.2963644177052,3.477354965585054,113.0,2019,12,24,Winter
Ahmedabad,2019-12-25,53.0,98.1,4.07,20.11,12.85,13.535549399815327,4.07,69.13,5.4,4.149716373012463,19.2963644177052,3.477354965585054,166.0,2019,12,25,Winter
Ahmedabad,2019-12-26,52.77,95.25,6.64,31.26,20.2,13.535549399815327,6.64,50.74,10.61,4.149716373012463,19.2963644177052,3.477354965585054,216.0,2019,12,26,Winter
Ahmedabad,2019-12-27,39.89,83.69,17.34,50.41,37.37,13.535549399815327,17.34,53.83,19.03,4.149716373012463,19.2963644177052,3.477354965585054,381.0,2019,12,27,Winter
Ahmedabad,2019-12-28,43.95,85.68,11.4,45.51,30.71,13.535549399815327,11.4,73.27,19.15,4.149716373012463,19.2963644177052,3.477354965585054,288.0,2019,12,28,Winter
Ahmedabad,2019-12-29,53.52,89.41,30.94,43.92,44.52,13.535549399815327,30.94,49.84,23.66,4.149716373012463,19.2963644177052,3.477354965585054,398.0,2019,12,29,Winter
Ahmedabad,2019-12-30,69.1,115.57,34.49,45.08,45.8,13.535549399815327,34.49,68.73,23.67,66.38,271.92,65.59,703.0,2019,12,30,Winter
Ahmedabad,2019-12-31,74.18,126.67,6.36,22.77,15.85,13.535549399815327,6.36,95.2,23.67,3.62,17.96,2.74,385.0,2019,12,31,Winter
Ahmedabad,2020-01-01,79.57,131.62,3.78,12.64,8.99,13.535549399815327,3.78,27.7,23.67,4.21,31.42,2.52,216.0,2020,1,1,Winter
Ahmedabad,2020-01-02,72.59,128.86,3.63,14.38,9.73,13.535549399815327,3.63,23.96,23.67,3.71,31.14,2.52,162.0,2020,1,2,Winter
Ahmedabad,2020-01-03,69.54,128.99,7.06,15.13,12.65,13.535549399815327,7.06,35.78,23.66,4.78,31.14,2.52,220.0,2020,1,3,Winter
Ahmedabad,2020-01-04,66.2,138.47,8.97,20.79,16.84,13.535549399815327,8.97,38.98,23.65,4.12,31.14,2.52,254.0,2020,1,4,Winter
Ahmedabad,2020-01-05,55.99,110.41,5.41,15.34,11.53,13.535549399815327,5.41,45.83,23.61,3.3,31.14,2.52,255.0,2020,1,5,Winter
Ahmedabad,2020-01-06,46.96,109.44,7.17,16.88,13.58,13.535549399815327,7.17,38.11,23.64,2.75,31.14,2.52,175.0,2020,1,6,Winter
Ahmedabad,2020-01-07,70.06,161.09,7.37,22.67,16.56,13.535549399815327,7.37,58.67,23.58,2.75,31.14,2.52,285.0,2020,1,7,Winter
Ahmedabad,2020-01-08,61.4,118.44,2.38,16.33,9.74,13.535549399815327,2.38,30.54,23.59,2.75,31.14,2.52,157.0,2020,1,8,Winter
Ahmedabad,2020-01-09,38.89,93.4,2.41,14.14,8.7,13.535549399815327,2.41,46.78,23.64,2.75,31.14,2.52,129.0,2020,1,9,Winter
Ahmedabad,2020-01-10,56.14,108.83,2.5,11.65,7.55,13.535549399815327,2.5,26.75,23.58,2.75,31.14,2.52,129.0,2020,1,10,Winter
Ahmedabad,2020-01-11,59.96,109.98,2.38,14.37,8.79,13.535549399815327,2.38,45.44,23.58,2.75,31.14,2.52,114.0,2020,1,11,Winter
Ahmedabad,2020-01-12,83.9,152.94,8.81,20.66,16.65,13.535549399815327,8.81,58.01,23.56,4.42,31.14,2.52,212.0,2020,1,12,Winter
Ahmedabad,2020-01-13,89.34,143.84,8.08,19.05,15.32,13.535549399815327,8.08,62.71,23.69,4.45,31.14,2.52,368.0,2020,1,13,Winter
Ahmedabad,2020-01-14,39.83,44.53,3.26,16.42,10.29,13.535549399815327,3.26,25.78,23.62,2.72,30.82,2.49,189.0,2020,1,14,Winter
Ahmedabad,2020-01-15,53.27,90.4,3.59,16.01,10.43,13.535549399815327,3.59,19.5,23.66,2.72,30.82,2.49,142.0,2020,1,15,Winter
Ahmedabad,2020-01-16,40.07,79.32,3.75,13.41,9.34,13.535549399815327,3.75,10.67,23.6,2.75,31.14,2.52,152.0,2020,1,16,Winter
Ahmedabad,2020-01-17,80.24,219.84,20.06,15.61,22.26,13.535549399815327,20.06,36.88,23.62,2.36,34.32,2.3,334.0,2020,1,17,Winter
Ahmedabad,2020-01-18,59.51,106.43,24.98,25.39,30.87,13.535549399815327,24.98,71.69,23.57,1.82,38.68,2.0,547.0,2020,1,18,Winter
Ahmedabad,2020-01-19,36.05,79.23,13.05,22.26,20.59,13.535549399815327,13.05,46.67,23.6,1.82,38.68,2.0,375.0,2020,1,19,Winter
Ahmedabad,2020-01-20,36.21,82.86,20.86,15.65,22.94,13.535549399815327,20.86,44.86,23.6,1.47,34.83,1.49,384.0,2020,1,20,Winter
Ahmedabad,2020-01-21,51.15,123.03,33.0,25.32,36.81,13.535549399815327,33.0,84.52,23.61,1.15,31.37,1.04,529.0,2020,1,21,Winter
Ahmedabad,2020-01-22,51.32,121.82,20.18,23.56,26.48,13.535549399815327,20.18,50.3,23.6,1.15,31.37,1.04,449.0,2020,1,22,Winter
Ahmedabad,2020-01-23,38.71,88.47,10.39,16.11,15.61,13.535549399815327,10.39,34.63,23.56,1.15,31.37,1.04,483.0,2020,1,23,Winter
Ahmedabad,2020-01-24,40.83,96.12,18.14,19.84,3.56,13.535549399815327,18.14,54.28,23.58,0.18,4.83,0.16,294.76488095238096,2020,1,24,Winter
Ahmedabad,2020-01-25,61.05,132.46,19.52,23.86,26.05,13.535549399815327,19.52,144.29,47.16,1.15,31.37,1.04,294.76488095238096,2020,1,25,Winter
Ahmedabad,2020-01-26,62.03,191.09,118.0,12.48,74.5,13.535549399815327,118.0,112.57,36.76,1.15,31.37,1.04,294.76488095238096,2020,1,26,Winter
Ahmedabad,2020-01-27,33.93,85.43,9.53,30.39,21.94,13.535549399815327,9.53,51.25,41.25,1.15,31.37,1.04,294.76488095238096,2020,1,27,Winter
Ahmedabad,2020-01-28,18.03,66.54,11.31,18.02,17.23,13.535549399815327,11.31,35.39,30.29,1.15,31.37,1.04,289.0,2020,1,28,Winter
Ahmedabad,2020-01-29,28.77,73.99,20.76,21.98,25.69,13.535549399815327,20.76,40.13,32.37,1.05,30.73,1.07,204.0,2020,1,29,Winter
Ahmedabad,2020-01-30,41.74,92.88,36.07,26.88,38.15,13.535549399815327,36.07,100.04,30.37,1.02,30.57,1.08,528.0,2020,1,30,Winter
Ahmedabad,2020-01-31,57.28,109.84,36.16,50.06,51.39,13.535549399815327,36.16,83.08,34.61,1.39,30.64,1.05,660.0,2020,1,31,Winter
Ahmedabad,2020-02-01,88.79,125.19,15.2,54.23,37.8,13.535549399815327,15.2,56.67,45.39,1.82,31.52,1.04,483.0,2020,2,1,Winter
Ahmedabad,2020-02-02,52.31,97.67,9.38,38.28,25.67,13.535549399815327,9.38,36.8,26.07,1.82,31.52,1.04,336.0,2020,2,2,Winter
Ahmedabad,2020-02-03,68.19,106.14,10.08,45.94,29.93,13.535549399815327,10.08,31.18,43.72,1.53,34.6,0.81,272.0,2020,2,3,Winter
Ahmedabad,2020-02-04,80.59,127.97,29.48,59.9,51.22,13.535549399815327,29.48,48.18,41.9,1.15,38.57,0.52,571.0,2020,2,4,Winter
Ahmedabad,2020-02-05,77.56,137.39,30.93,59.03,51.88,13.535549399815327,30.93,59.11,36.15,1.15,38.57,0.52,568.0,2020,2,5,Winter
Ahmedabad,2020-02-06,56.5,121.52,6.1,55.49,31.62,13.535549399815327,6.1,51.41,41.16,1.15,38.57,0.52,387.0,2020,2,6,Winter
Ahmedabad,2020-02-07,66.87,127.71,23.75,53.47,43.78,13.535549399815327,23.75,47.32,53.97,1.15,38.57,0.52,322.0,2020,2,7,Winter
Ahmedabad,2020-02-08,95.25,160.18,14.56,54.77,37.58,13.535549399815327,14.56,55.99,68.81,1.15,38.57,0.52,652.0,2020,2,8,Winter
Ahmedabad,2020-02-09,69.85,124.4,6.25,40.74,24.54,13.535549399815327,6.25,27.16,36.608304512863775,1.15,38.57,0.52,215.0,2020,2,9,Winter
Ahmedabad,2020-02-10,64.94,116.45,8.62,47.28,29.5,13.535549399815327,8.62,31.84,71.69,1.15,38.57,0.52,223.0,2020,2,10,Winter
Ahmedabad,2020-02-11,79.58,145.12,12.48,55.78,36.51,13.535549399815327,12.48,48.28,42.4,1.15,38.57,0.52,340.0,2020,2,11,Winter
Ahmedabad,2020-02-12,83.67,164.2,27.61,56.27,48.05,13.535549399815327,27.61,52.9,44.73,1.15,38.57,0.52,475.0,2020,2,12,Winter
Ahmedabad,2020-02-13,88.83,182.12,57.7,45.43,63.19,13.535549399815327,57.7,40.9,51.73,1.15,38.57,0.52,974.0,2020,2,13,Winter
Ahmedabad,2020-02-14,50.55,116.51,18.72,57.55,42.05,13.535549399815327,18.72,54.6,31.28,1.15,38.57,0.52,412.0,2020,2,14,Winter
Ahmedabad,2020-02-15,73.04,136.02,24.78,67.15,51.25,13.535549399815327,24.78,57.08,53.88,1.08,37.29,0.56,480.0,2020,2,15,Winter
Ahmedabad,2020-02-16,59.47,124.36,14.28,63.11,41.44,13.535549399815327,14.28,66.39,76.89,1.16,35.51,0.61,388.0,2020,2,16,Winter
Ahmedabad,2020-02-17,62.48,147.78,43.22,50.12,52.43,13.535549399815327,43.22,57.29,63.76,0.99,34.54,0.59,543.0,2020,2,17,Winter
Ahmedabad,2020-02-18,85.33,163.52,59.34,54.08,67.01,13.535549399815327,59.34,64.71,75.45,1.42,32.61,0.56,1226.0,2020,2,18,Winter
Ahmedabad,2020-02-19,114.79,217.94,42.62,80.38,70.43,13.535549399815327,42.62,118.91,43.63,1.76,32.61,0.56,1291.0,2020,2,19,Winter
Ahmedabad,2020-02-20,65.74,164.24,22.33,70.75,51.18,13.535549399815327,22.33,72.14,50.08,0.99,32.61,0.56,493.0,2020,2,20,Winter
Ahmedabad,2020-02-21,60.61,133.31,10.49,52.78,33.57,13.535549399815327,10.49,52.84,38.67,0.99,32.61,0.56,407.0,2020,2,21,Winter
Ahmedabad,2020-02-22,36.35,97.03,4.78,52.87,29.36,13.535549399815327,4.78,42.9,52.15,0.99,32.61,0.56,168.0,2020,2,22,Winter
Ahmedabad,2020-02-23,54.06,104.74,4.22,51.33,28.19,13.535549399815327,4.22,48.07,39.74,0.99,32.61,0.56,219.0,2020,2,23,Winter
Ahmedabad,2020-02-24,68.68,141.39,10.92,74.32,44.41,13.535549399815327,10.92,42.37,44.44,0.99,32.61,0.56,282.0,2020,2,24,Winter
Ahmedabad,2020-02-25,73.18,193.22,31.41,94.67,69.62,13.535549399815327,31.41,62.73,46.23,1.79,32.61,0.56,528.0,2020,2,25,Winter
Ahmedabad,2020-02-26,137.81,242.98,70.45,124.33,113.23,13.535549399815327,70.45,103.5,37.79,0.99,32.61,0.56,983.0,2020,2,26,Winter
Ahmedabad,2020-02-27,94.27,177.11,92.96,92.35,114.42,13.535549399815327,92.96,68.76,52.7,2.63,39.93,0.86,1262.0,2020,2,27,Winter
Ahmedabad,2020-02-28,79.68,169.52,57.77,91.2,87.59,13.535549399815327,57.77,64.67,50.27,2.85,46.56,1.13,962.0,2020,2,28,Winter
Ahmedabad,2020-02-29,53.86,136.6,17.8,75.13,49.93,13.535549399815327,17.8,64.67,52.74,2.85,46.56,1.13,421.0,2020,2,29,Winter
Ahmedabad,2020-03-01,53.06,123.32,22.34,59.64,45.76,13.535549399815327,22.34,70.8,41.7,2.85,46.56,1.13,475.0,2020,3,1,Summer
Ahmedabad,2020-03-02,56.2,149.92,23.13,62.85,47.92,13.535549399815327,23.13,81.42,34.18,3.02,46.56,1.13,508.0,2020,3,2,Summer
Ahmedabad,2020-03-03,77.58,155.65,21.26,60.32,45.29,13.535549399815327,21.26,119.95,39.83,2.85,46.56,1.13,460.0,2020,3,3,Summer
Ahmedabad,2020-03-04,49.16,125.88,7.4,31.08,20.69,13.535549399815327,7.4,51.07,45.99,2.85,46.56,1.13,246.0,2020,3,4,Summer
Ahmedabad,2020-03-05,43.75,115.5,8.43,24.16,18.08,13.535549399815327,8.43,63.99,38.62,2.85,46.56,1.13,261.0,2020,3,5,Summer
Ahmedabad,2020-03-06,54.05,128.08,10.7,28.74,22.0,13.535549399815327,10.7,61.9,45.82,2.85,46.56,1.13,308.0,2020,3,6,Summer
Ahmedabad,2020-03-07,51.32,140.9,12.19,41.31,29.25,13.535549399815327,12.19,45.6,64.01,3.45,46.56,1.13,359.0,2020,3,7,Summer
Ahmedabad,2020-03-08,35.04,85.35,7.87,45.21,27.93,13.535549399815327,7.87,32.78,36.608304512863775,2.85,46.56,1.13,325.0,2020,3,8,Summer
Ahmedabad,2020-03-09,37.02,90.26,5.55,32.91,20.2,13.535549399815327,5.55,42.98,67.75,2.85,46.56,1.13,170.0,2020,3,9,Summer
Ahmedabad,2020-03-10,37.67,94.36,2.28,17.52,10.25,13.535549399815327,2.28,26.68,16.92,2.85,46.56,1.13,116.0,2020,3,10,Summer
Ahmedabad,2020-03-11,31.12,80.79,3.56,21.51,13.13,13.535549399815327,3.56,19.43,16.68,2.85,46.56,1.13,152.0,2020,3,11,Summer
Ahmedabad,2020-03-12,41.19,114.05,6.04,31.18,19.72,13.535549399815327,6.04,40.38,36.608304512863775,2.85,46.56,1.13,218.0,2020,3,12,Summer
Ahmedabad,2020-03-13,41.72,97.7,6.95,24.99,17.38,13.535549399815327,6.95,27.3,72.25,2.85,46.56,1.13,302.0,2020,3,13,Summer
Ahmedabad,2020-03-14,39.57,111.46,4.0,35.3,20.2,13.535549399815327,4.0,49.34,39.51,2.85,46.56,1.13,170.0,2020,3,14,Summer
Ahmedabad,2020-03-15,39.42,115.8,5.11,31.33,19.1,13.535549399815327,5.11,27.4,33.16,2.85,46.56,1.13,215.0,2020,3,15,Summer
Ahmedabad,2020-03-16,36.03,90.32,3.89,34.32,19.65,13.535549399815327,3.89,28.6,53.81,2.85,46.56,1.13,222.0,2020,3,16,Summer
Ahmedabad,2020-03-17,53.07,112.92,16.02,37.65,30.33,13.535549399815327,16.02,34.49,36.608304512863775,2.85,46.56,1.13,310.0,2020,3,17,Summer
Ahmedabad,2020-03-18,58.54,124.58,15.45,44.39,33.18,13.535549399815327,15.45,42.86,81.35,2.85,46.56,1.13,487.0,2020,3,18,Summer
Ahmedabad,2020-03-19,101.09,162.86,15.07,43.66,31.13,13.535549399815327,15.07,42.07,44.44,2.85,46.56,1.13,988.0,2020,3,19,Summer
Ahmedabad,2020-03-20,50.47,109.06,4.67,35.13,13.3,13.535549399815327,4.67,44.08,45.98,0.0,0.0,0.0,294.76488095238096,2020,3,20,Summer
Ahmedabad,2020-03-21,74.43,132.17,9.82,31.56,22.73,13.535549399815327,9.82,67.89,36.14,4.149716373012463,19.2963644177052,3.477354965585054,296.0,2020,3,21,Summer
Ahmedabad,2020-03-22,48.16,122.17,5.47,18.27,12.99,13.535549399815327,5.47,52.62,33.69,4.149716373012463,19.2963644177052,3.477354965585054,180.0,2020,3,22,Summer
Ahmedabad,2020-03-23,44.61,112.32,4.98,31.4,17.08,13.535549399815327,4.98,34.25,49.45,6.81,28.18,7.52,247.0,2020,3,23,Summer
Ahmedabad,2020-03-24,31.89,98.52,2.96,25.2,14.5,13.535549399815327,2.96,44.87,47.99,4.01,23.25,3.33,135.0,2020,3,24,Summer
Ahmedabad,2020-03-25,33.25,91.38,4.28,33.45,19.44,13.535549399815327,4.28,61.4,38.86,4.9,18.98,2.85,195.0,2020,3,25,Summer
Ahmedabad,2020-03-26,43.67,91.12,7.11,26.61,17.61,13.535549399815327,7.11,34.72,39.74,4.71,19.16,2.8,216.0,2020,3,26,Summer
Ahmedabad,2020-03-27,22.93,37.12,5.23,18.52,12.87,13.535549399815327,5.23,16.19,34.41,1.58,7.5,1.08,193.0,2020,3,27,Summer
Ahmedabad,2020-03-28,37.73,72.43,4.67,35.52,20.77,13.535549399815327,4.67,16.06,34.72,6.37,26.05,3.56,160.0,2020,3,28,Summer
Ahmedabad,2020-03-29,20.67,75.48,3.08,26.98,15.46,13.535549399815327,3.08,22.76,40.17,4.79,15.29,1.95,125.0,2020,3,29,Summer
Ahmedabad,2020-03-30,28.55,89.1,4.11,38.65,21.89,13.535549399815327,4.11,19.14,31.5,8.51,37.5,4.88,140.0,2020,3,30,Summer
Ahmedabad,2020-03-31,29.97,98.96,3.85,22.08,13.64,13.535549399815327,3.85,32.01,36.86,7.0,29.53,2.5,145.0,2020,3,31,Summer
Ahmedabad,2020-04-01,24.79,86.06,4.5,21.29,13.7,13.535549399815327,4.5,22.16,36.76,3.58,15.89,1.88,153.0,2020,4,1,Summer
Ahmedabad,2020-04-02,25.52,88.12,4.46,24.24,15.15,13.535549399815327,4.46,18.54,38.17,4.59,19.84,2.09,164.0,2020,4,2,Summer
Ahmedabad,2020-04-03,33.48,87.96,4.51,41.44,23.58,13.535549399815327,4.51,23.84,46.53,9.31,40.13,5.44,173.0,2020,4,3,Summer
Ahmedabad,2020-04-04,39.44,84.83,3.82,39.88,22.28,13.535549399815327,3.82,27.53,58.08,9.71,36.32,4.85,182.0,2020,4,4,Summer
Ahmedabad,2020-04-05,43.77,87.96,3.35,40.99,22.49,13.535549399815327,3.35,31.4,53.61,10.92,46.65,5.63,152.0,2020,4,5,Summer
Ahmedabad,2020-04-06,46.64,95.3,3.75,29.6,17.24,13.535549399815327,3.75,22.2,49.67,7.65,37.78,3.94,145.0,2020,4,6,Summer
Ahmedabad,2020-04-07,45.8,104.5,3.87,16.8,11.04,13.535549399815327,3.87,31.04,48.2,5.44,20.89,1.47,159.0,2020,4,7,Summer
Ahmedabad,2020-04-08,36.3,90.07,5.19,15.65,11.51,13.535549399815327,5.19,30.8,49.83,4.66,14.64,1.08,183.0,2020,4,8,Summer
Ahmedabad,2020-04-09,32.12,89.74,5.07,21.61,14.33,13.535549399815327,5.07,20.75,62.53,5.64,18.82,2.04,168.0,2020,4,9,Summer
Ahmedabad,2020-04-10,30.73,78.56,4.36,28.65,17.23,13.535549399815327,0.59,32.01,42.61,6.91,32.15,3.51,113.0,2020,4,10,Summer
Ahmedabad,2020-04-11,30.18,74.99,3.06,34.81,19.26,13.535549399815327,0.45,25.09,39.0,8.52,51.18,6.71,89.0,2020,4,11,Summer
Ahmedabad,2020-04-12,26.7,72.83,2.72,27.0,15.18,13.535549399815327,0.36,21.57,42.16,5.63,34.1,3.97,101.0,2020,4,12,Summer
Ahmedabad,2020-04-13,18.77,61.54,2.81,23.01,13.01,13.535549399815327,0.39,26.86,47.88,3.41,25.88,2.56,95.0,2020,4,13,Summer
Ahmedabad,2020-04-14,31.16,72.09,3.22,25.9,14.73,13.535549399815327,0.37,21.85,43.35,4.75,31.33,3.61,89.0,2020,4,14,Summer
Ahmedabad,2020-04-15,23.69,64.81,2.28,17.18,10.04,13.535549399815327,0.43,23.5,44.04,2.14,29.17,1.67,88.0,2020,4,15,Summer
Ahmedabad,2020-04-16,38.65,81.47,3.7,26.76,14.75,13.535549399815327,0.36,22.03,54.24,5.84,34.58,3.22,95.0,2020,4,16,Summer
Ahmedabad,2020-04-17,30.8,76.25,4.22,25.97,12.68,13.535549399815327,0.36,18.03,37.28,3.22,22.59,1.83,92.0,2020,4,17,Summer
Ahmedabad,2020-04-18,30.69,107.31,3.43,22.57,11.7,13.535549399815327,0.41,36.24,39.3,3.89,31.0,2.45,96.0,2020,4,18,Summer
Ahmedabad,2020-04-19,21.27,65.12,3.66,13.93,9.31,13.535549399815327,0.36,21.0,40.56,1.67,14.29,0.95,99.0,2020,4,19,Summer
Ahmedabad,2020-04-20,29.84,77.98,3.91,15.77,10.58,13.535549399815327,0.34,25.22,38.31,2.27,15.74,1.02,86.0,2020,4,20,Summer
Ahmedabad,2020-04-21,27.81,73.99,3.41,16.32,10.46,13.535549399815327,0.39,19.16,38.23,2.33,17.57,1.5,87.0,2020,4,21,Summer
Ahmedabad,2020-04-22,32.11,94.34,3.68,17.95,11.49,13.535549399815327,0.45,15.83,42.22,5.48,33.62,2.16,101.0,2020,4,22,Summer
Ahmedabad,2020-04-23,31.67,81.09,3.93,16.17,10.82,13.535549399815327,0.35,32.39,43.6,3.97,20.74,1.23,106.0,2020,4,23,Summer
Ahmedabad,2020-04-24,27.19,82.36,3.52,16.13,9.85,13.535549399815327,0.28,20.59,51.81,1.78,9.02,0.67,110.0,2020,4,24,Summer
Ahmedabad,2020-04-25,28.25,70.48,4.83,13.88,10.25,13.535549399815327,0.38,16.51,41.74,1.17,9.32,0.56,98.0,2020,4,25,Summer
Ahmedabad,2020-04-26,25.91,73.35,4.78,13.82,10.29,13.535549399815327,0.4,10.58,44.44,1.8,10.39,0.75,101.0,2020,4,26,Summer
Ahmedabad,2020-04-27,31.76,81.16,3.99,19.95,12.7,13.535549399815327,0.46,29.73,52.46,3.52,20.49,1.34,117.0,2020,4,27,Summer
Ahmedabad,2020-04-28,32.55,87.41,3.53,23.58,14.12,13.535549399815327,0.46,42.86,50.2,4.92,32.73,2.51,130.0,2020,4,28,Summer
Ahmedabad,2020-04-29,27.15,76.73,3.18,24.82,14.4,13.535549399815327,0.67,32.97,54.81,3.39,32.14,2.46,122.0,2020,4,29,Summer
Ahmedabad,2020-04-30,26.93,74.38,2.76,17.05,10.37,13.535549399815327,0.46,37.7,56.97,1.92,18.54,1.64,128.0,2020,4,30,Summer
Ahmedabad,2020-05-01,28.71,89.91,2.83,13.32,8.6,13.535549399815327,0.54,26.36,49.97,1.59,15.82,0.92,128.0,2020,5,1,Summer
Ahmedabad,2020-05-02,22.56,63.23,3.68,15.16,10.09,13.535549399815327,0.56,25.87,55.72,1.55,10.29,0.65,131.0,2020,5,2,Summer
Ahmedabad,2020-05-03,23.82,62.1,4.69,16.38,11.49,13.535549399815327,0.64,22.71,54.35,2.83,16.27,0.89,121.0,2020,5,3,Summer
Ahmedabad,2020-05-04,23.73,69.88,4.85,15.87,11.36,13.535549399815327,0.73,20.04,58.72,2.38,16.23,0.9,130.0,2020,5,4,Summer
Ahmedabad,2020-05-05,33.47,134.83,3.6,29.05,13.84,13.535549399815327,0.54,2.42,54.8,3.57,26.59,1.91,143.0,2020,5,5,Summer
Ahmedabad,2020-05-06,26.52,79.38,4.06,18.06,11.7,13.535549399815327,0.67,36.68408281573499,59.96,3.7,19.68,1.57,146.0,2020,5,6,Summer
Ahmedabad,2020-05-07,30.45,75.08,3.74,21.48,13.23,13.535549399815327,0.4,36.68408281573499,58.31,7.47,34.84,1.72,135.0,2020,5,7,Summer
Ahmedabad,2020-05-08,26.79,66.34,3.71,14.99,10.06,13.535549399815327,0.51,36.68408281573499,57.81,3.26,20.64,0.86,127.0,2020,5,8,Summer
Ahmedabad,2020-05-09,23.79,74.56,5.61,16.64,11.91,13.535549399815327,0.55,36.68408281573499,52.49,4.37,20.72,1.14,122.0,2020,5,9,Summer
Ahmedabad,2020-05-10,26.17,62.14,1.93,14.73,8.61,13.535549399815327,0.77,36.68408281573499,56.28,2.65,16.72,0.84,125.0,2020,5,10,Summer
Ahmedabad,2020-05-11,21.31,66.1,1.85,15.01,8.68,13.535549399815327,0.54,36.68408281573499,57.55,1.9,13.92,0.76,125.0,2020,5,11,Summer
Ahmedabad,2020-05-12,21.94,69.06,2.95,16.95,10.47,13.535549399815327,0.58,36.68408281573499,57.89,3.3,16.19,0.97,135.0,2020,5,12,Summer
Ahmedabad,2020-05-13,23.19,67.28,4.12,17.46,11.59,13.535549399815327,0.48,36.68408281573499,52.31,2.85,18.48,0.88,117.0,2020,5,13,Summer
Ahmedabad,2020-05-14,21.9,64.39,2.98,18.73,11.33,13.535549399815327,0.49,36.68408281573499,51.86,2.28,16.67,0.81,127.0,2020,5,14,Summer
Ahmedabad,2020-05-15,19.15,78.8,3.93,19.59,12.47,13.535549399815327,0.51,36.68408281573499,61.79,4.14,25.58,1.62,125.0,2020,5,15,Summer
Ahmedabad,2020-05-16,35.75,107.68,2.54,18.72,11.0,13.535549399815327,0.39,36.68408281573499,54.31,3.02,18.12,1.25,136.0,2020,5,16,Summer
Ahmedabad,2020-05-17,27.28,63.5,2.5,18.56,10.84,13.535549399815327,0.68,36.68408281573499,55.52,2.91,17.83,1.29,137.0,2020,5,17,Summer
Ahmedabad,2020-05-18,20.85,61.13,2.6,21.35,12.35,13.535549399815327,0.62,36.68408281573499,54.41,2.95,20.62,3.15,133.0,2020,5,18,Summer
Ahmedabad,2020-05-19,23.98,56.9,4.15,26.56,16.04,13.535549399815327,0.61,36.68408281573499,59.05,4.36,22.17,2.43,133.0,2020,5,19,Summer
Ahmedabad,2020-05-20,25.6,82.26,2.86,22.47,13.05,13.535549399815327,0.69,36.68408281573499,60.12,5.5,25.02,1.96,132.0,2020,5,20,Summer
Ahmedabad,2020-05-21,33.35,84.99,2.64,25.02,14.15,13.535549399815327,0.56,36.68408281573499,62.4,6.41,21.6,1.86,130.0,2020,5,21,Summer
Ahmedabad,2020-05-22,31.38,90.28,4.54,35.67,20.77,13.535549399815327,0.65,36.68408281573499,62.39,7.75,32.76,2.64,142.0,2020,5,22,Summer
Ahmedabad,2020-05-23,29.26,82.26,2.58,22.23,12.73,13.535549399815327,0.67,36.68408281573499,55.64,5.36,25.91,1.69,135.0,2020,5,23,Summer
Ahmedabad,2020-05-24,25.47,67.79,2.73,17.85,10.7,13.535549399815327,0.81,36.68408281573499,57.16,2.62,11.5,1.34,140.0,2020,5,24,Summer
Ahmedabad,2020-05-25,24.84,70.95,3.98,16.03,10.65,13.535549399815327,0.57,36.68408281573499,57.53,2.24,12.49,0.98,126.0,2020,5,25,Summer
Ahmedabad,2020-05-26,29.78,99.14,2.88,19.35,11.55,13.535549399815327,0.59,36.68408281573499,50.52,1.68,10.42,0.99,126.0,2020,5,26,Summer
Ahmedabad,2020-05-27,31.25,89.65,3.65,21.42,13.17,13.535549399815327,0.83,36.68408281573499,54.58,4.01,15.74,1.08,123.0,2020,5,27,Summer
Ahmedabad,2020-05-28,30.7,86.02,3.56,18.84,11.85,13.535549399815327,0.56,36.68408281573499,55.49,8.88,17.32,1.41,117.0,2020,5,28,Summer
Ahmedabad,2020-05-29,23.91,81.0,3.29,18.6,11.52,13.535549399815327,0.57,36.68408281573499,44.9,5.47,15.33,1.37,126.0,2020,5,29,Summer
Ahmedabad,2020-05-30,25.71,66.36,3.4,16.46,10.53,13.535549399815327,0.41,36.68408281573499,47.74,4.67,15.53,1.27,112.0,2020,5,30,Summer
Ahmedabad,2020-05-31,22.83,67.92,3.82,15.35,10.31,13.535549399815327,0.4,36.68408281573499,53.06,3.03,15.14,1.13,104.0,2020,5,31,Summer
Ahmedabad,2020-06-01,31.02,312.28,2.74,22.62,13.07,13.535549399815327,0.64,36.68408281573499,66.9,6.78,23.27,3.08,126.0,2020,6,1,Monsoon
Ahmedabad,2020-06-02,131.88,173.4,2.71,41.56,22.26,13.535549399815327,0.45,20.08,34.26,10.84,43.9,5.19,152.0,2020,6,2,Monsoon
Ahmedabad,2020-06-03,54.9846661237785,586.27,2.23,43.36,21.25,13.535549399815327,0.44,23.71,73.66,8.04,42.98,3.65,294.76488095238096,2020,6,3,Monsoon
Ahmedabad,2020-06-04,26.08,84.25,4.99,37.3,21.51,13.535549399815327,0.79,21.29,56.78,5.69,32.56,3.39,101.0,2020,6,4,Monsoon
Ahmedabad,2020-06-05,30.72,88.9,3.76,33.6,19.08,13.535549399815327,0.63,14.73,4.08,7.45,43.04,2.98,92.0,2020,6,5,Monsoon
Ahmedabad,2020-06-06,33.19,65.77,3.91,39.76,22.28,13.535549399815327,0.71,14.4,40.28,8.11,25.23,3.18,95.0,2020,6,6,Monsoon
Ahmedabad,2020-06-07,20.67,69.5,5.19,34.11,20.48,13.535549399815327,0.82,13.05,36.32,6.71,20.69,3.63,93.0,2020,6,7,Monsoon
Ahmedabad,2020-06-08,22.92,70.97,4.88,28.47,17.52,13.535549399815327,0.57,11.6,30.16,7.93,20.35,3.84,97.0,2020,6,8,Monsoon
Ahmedabad,2020-06-09,21.17,81.73,5.23,25.68,16.39,13.535549399815327,0.86,12.69,39.69,4.48,18.91,3.27,84.0,2020,6,9,Monsoon
Ahmedabad,2020-06-10,23.62,94.06,5.9,20.92,14.59,13.535549399815327,0.85,16.22,44.32,5.27,23.65,6.7,101.0,2020,6,10,Monsoon
Ahmedabad,2020-06-11,20.4,66.21,5.3,26.94,17.05,13.535549399815327,0.68,18.41,37.38,8.21,38.36,7.98,92.0,2020,6,11,Monsoon
Ahmedabad,2020-06-12,21.4,93.89,5.28,22.4,14.85,13.535549399815327,0.85,16.27,45.05,7.9,40.74,13.19,105.0,2020,6,12,Monsoon
Ahmedabad,2020-06-13,21.72,62.28,3.93,28.15,16.62,13.535549399815327,1.18,17.51,30.53,7.01,30.2,8.68,98.0,2020,6,13,Monsoon
Ahmedabad,2020-06-14,24.1,87.14,3.16,27.53,15.77,13.535549399815327,0.86,20.82,35.29,6.89,28.99,6.74,96.0,2020,6,14,Monsoon
Ahmedabad,2020-06-15,21.21,92.72,4.03,31.93,18.56,13.535549399815327,0.85,19.3,33.59,21.69,44.29,6.77,96.0,2020,6,15,Monsoon
Ahmedabad,2020-06-16,31.49,94.09,6.95,24.73,17.23,13.535549399815327,0.85,11.26,38.44,7.54,45.98,3.36,80.0,2020,6,16,Monsoon
Ahmedabad,2020-06-17,14.79,11.5,4.88,19.65,13.18,13.535549399815327,0.81,9.4,18.2,4.6,49.52,3.04,95.0,2020,6,17,Monsoon
Ahmedabad,2020-06-18,12.1,89.23,6.87,36.24,20.97,13.535549399815327,0.56,11.72,75.83,3.28,45.51,2.98,294.76488095238096,2020,6,18,Monsoon
Ahmedabad,2020-06-19,17.65,135.16,19.86,33.84,22.86,13.535549399815327,0.71,9.9,40.03,3.99,51.14,3.62,108.0,2020,6,19,Monsoon
Ahmedabad,2020-06-20,22.9,120.7,11.79,15.81,10.1,13.535549399815327,0.5,10.1,46.04,3.37,42.06,3.59,124.0,2020,6,20,Monsoon
Ahmedabad,2020-06-21,24.28,138.12,3.45,12.44,8.23,13.535549399815327,0.7,11.45,57.31,3.17,58.65,2.87,106.0,2020,6,21,Monsoon
Ahmedabad,2020-06-22,19.02,98.37,4.48,16.76,11.49,13.535549399815327,0.52,13.32,45.85,3.33,53.61,2.67,75.0,2020,6,22,Monsoon
Ahmedabad,2020-06-23,22.2,88.99,7.13,15.67,12.2,13.535549399815327,0.51,13.0,64.75,3.18,60.9,2.46,85.0,2020,6,23,Monsoon
Ahmedabad,2020-06-24,30.29,82.9102228224173,13.07,25.92,21.72,13.535549399815327,0.75,11.99,43.31,1.95,55.13,1.19,91.0,2020,6,24,Monsoon
Ahmedabad,2020-06-25,32.56,142.43,8.29,24.83,18.21,13.535549399815327,0.65,11.73,40.54,0.98,51.94,1.22,95.0,2020,6,25,Monsoon
Ahmedabad,2020-06-26,36.48,150.65,8.96,30.78,20.8,13.535549399815327,0.59,10.41,44.47,1.76,49.31,1.72,93.0,2020,6,26,Monsoon
Ahmedabad,2020-06-27,62.12,118.67,9.18,56.35,19.86,13.535549399815327,0.49,12.44,68.05,1.32,37.76,1.62,92.0,2020,6,27,Monsoon
Ahmedabad,2020-06-28,31.57,82.9102228224173,6.37,23.99,16.4,13.535549399815327,0.52,11.01,26.34,1.37,49.58,1.34,82.0,2020,6,28,Monsoon
Ahmedabad,2020-06-29,29.75,127.98,9.06,25.15,18.92,13.535549399815327,0.67,12.1,34.99,1.39,60.21,0.79,74.0,2020,6,29,Monsoon
Ahmedabad,2020-06-30,40.02,121.1,7.09,58.92,33.41,13.535549399815327,0.73,16.39,41.64,1.21,44.1,1.35,98.0,2020,6,30,Monsoon
Ahmedabad,2020-07-01,37.63,82.9102228224173,4.42,35.04,20.17,13.535549399815327,0.28,14.4,9.69,1.73,47.05,1.87,119.0,2020,7,1,Monsoon
Aizawl,2020-03-11,32.69,47.91,6.99,2.85,11.93,26.64,0.6,4.53,4.48,0.03,0.3,3.477354965585054,294.76488095238096,2020,3,11,Summer
Aizawl,2020-03-12,31.21,38.66,7.2,1.27,10.65,25.63,0.56,4.22,2.81,0.01,0.08,3.477354965585054,52.0,2020,3,12,Summer
Aizawl,2020-03-13,38.39,46.68,7.19,0.91,10.37,29.16,0.57,4.46,0.18,0.0,0.0,3.477354965585054,60.0,2020,3,13,Summer
Aizawl,2020-03-14,43.23,50.83,7.14,1.07,10.48,28.95,0.57,4.53,0.41,0.0,0.0,3.477354965585054,62.0,2020,3,14,Summer
Aizawl,2020-03-15,33.82,41.03,7.09,0.36,9.73,28.41,0.48,4.63,0.3,0.0,0.0,3.477354965585054,70.0,2020,3,15,Summer
Aizawl,2020-03-16,27.14,35.04,5.63,2.32,8.09,23.98,0.5,4.71,13.02,0.13,0.68,3.477354965585054,54.0,2020,3,16,Summer
Aizawl,2020-03-17,27.32,35.75,3.07,2.14,3.41,24.57,0.48,4.84,6.03,0.25,1.34,3.477354965585054,40.0,2020,3,17,Summer
Aizawl,2020-03-18,31.76,41.51,3.0,1.48,5.24,23.42,0.47,5.04,8.76,0.24,1.19,3.477354965585054,51.0,2020,3,18,Summer
Aizawl,2020-03-19,43.8,53.59,2.97,1.31,4.97,23.41,0.48,5.3,9.96,0.26,1.11,3.477354965585054,63.0,2020,3,19,Summer
Aizawl,2020-03-20,35.48,44.02,3.01,0.83,4.64,24.85,0.49,5.32,6.43,0.27,1.15,3.477354965585054,69.0,2020,3,20,Summer
Aizawl,2020-03-21,51.27,60.05,3.01,0.88,4.62,24.44,0.49,5.63,8.62,49.66,50.11,3.477354965585054,70.0,2020,3,21,Summer
Aizawl,2020-03-22,33.24,40.33,2.93,0.13,3.65,18.55,0.37,5.41,5.64,13.07,13.69,3.477354965585054,71.0,2020,3,22,Summer
Aizawl,2020-03-23,35.34,41.55,2.98,0.16,3.71,20.24,0.32,5.63,5.73,62.93,62.45,3.477354965585054,53.0,2020,3,23,Summer
Aizawl,2020-03-24,47.34,56.65,2.96,0.14,3.66,20.21,0.37,6.17,5.59,0.33,0.33,3.477354965585054,66.0,2020,3,24,Summer
Aizawl,2020-03-25,53.64,62.86,2.96,0.17,3.77,25.43,0.44,6.75,6.44,0.23,0.84,3.477354965585054,92.0,2020,3,25,Summer
Aizawl,2020-03-26,54.9,62.7,2.96,0.13,3.69,25.48,0.42,6.8,5.87,0.25,0.92,3.477354965585054,89.0,2020,3,26,Summer
Aizawl,2020-03-27,44.64,53.86,2.94,0.11,3.59,28.26,0.4,7.34,6.42,0.22,0.82,3.477354965585054,82.0,2020,3,27,Summer
Aizawl,2020-03-28,51.33,60.03,2.92,0.35,3.89,29.89,0.44,7.69,8.76,0.23,0.66,3.477354965585054,71.0,2020,3,28,Summer
Aizawl,2020-03-29,34.54,41.95,2.93,0.13,3.64,28.47,0.36,7.8,7.99,0.19,0.6,3.477354965585054,81.0,2020,3,29,Summer
Aizawl,2020-03-30,39.47,48.07,2.93,0.24,3.79,29.05,0.42,7.67,7.4,0.19,0.73,3.477354965585054,60.0,2020,3,30,Summer
Aizawl,2020-03-31,27.27,33.9,2.95,0.25,3.8,30.99,0.4,7.9,6.74,0.18,0.8,3.477354965585054,51.0,2020,3,31,Summer
Aizawl,2020-04-01,38.6,49.19,2.98,0.26,3.94,32.95,0.45,8.11,6.12,36.6,37.17,3.477354965585054,62.0,2020,4,1,Summer
Aizawl,2020-04-02,36.22,48.66,2.93,0.25,3.86,32.94,0.4,8.36,9.24,0.15,0.55,3.477354965585054,64.0,2020,4,2,Summer
Aizawl,2020-04-03,30.35,39.84,2.9,0.21,3.75,23.37,0.29,8.25,10.87,0.08,0.47,3.477354965585054,54.0,2020,4,3,Summer
Aizawl,2020-04-04,24.05,41.95,2.97,0.25,3.79,21.6,0.26,8.16,11.09,0.08,0.42,3.477354965585054,43.0,2020,4,4,Summer
Aizawl,2020-04-05,26.47,33.51,2.96,0.08,3.5,26.0,0.31,8.79,5.76,10.03,10.52,3.477354965585054,44.0,2020,4,5,Summer
Aizawl,2020-04-06,35.13,43.65,2.96,0.15,3.69,25.1,0.31,8.49,7.94,0.12,0.52,3.477354965585054,48.0,2020,4,6,Summer
Aizawl,2020-04-07,33.19,42.17,2.92,0.3,3.85,22.71,0.3,8.78,13.38,0.12,0.38,3.477354965585054,61.0,2020,4,7,Summer
Aizawl,2020-04-08,24.92,31.74,2.97,0.18,3.74,23.73,0.27,8.69,9.67,0.08,0.41,3.477354965585054,45.0,2020,4,8,Summer
Aizawl,2020-04-09,39.15,45.79,3.32,0.31,4.47,22.95,0.39,7.81,7.66,6.27,6.66,3.477354965585054,59.0,2020,4,9,Summer
Aizawl,2020-04-10,38.01,45.39,4.41,0.13,5.7,27.97,0.41,4.52,5.62,0.16,0.7,3.477354965585054,64.0,2020,4,10,Summer
Aizawl,2020-04-11,30.06,35.53,4.37,0.17,5.74,30.0,0.37,4.77,6.71,0.15,0.71,3.477354965585054,55.0,2020,4,11,Summer
Aizawl,2020-04-12,21.7,27.32,4.33,0.12,5.6,26.24,0.27,4.54,8.47,8.27,8.6,3.477354965585054,41.0,2020,4,12,Summer
Aizawl,2020-04-13,28.33,33.24,6.24,0.39,8.44,28.53,0.36,5.3,10.16,0.12,0.57,3.477354965585054,42.0,2020,4,13,Summer
Aizawl,2020-04-14,46.26,49.81,10.26,0.45,14.04,31.28,0.47,5.66,2.97,29.29,29.74,3.477354965585054,64.0,2020,4,14,Summer
Aizawl,2020-04-15,40.72,48.87,11.4,0.51,15.65,30.38,0.42,5.71,0.72,1.55,2.05,3.477354965585054,76.0,2020,4,15,Summer
Aizawl,2020-04-16,22.63,28.06,11.4,0.33,15.49,23.59,0.28,5.52,0.79,4.18,4.62,3.477354965585054,49.0,2020,4,16,Summer
Aizawl,2020-04-17,15.06,19.85,11.4,0.36,15.51,14.87,0.22,5.43,2.46,0.05,0.35,3.477354965585054,33.0,2020,4,17,Summer
Aizawl,2020-04-18,19.5,25.12,11.44,0.25,15.38,17.65,0.25,6.06,1.17,0.05,0.31,3.477354965585054,31.0,2020,4,18,Summer
Aizawl,2020-04-19,10.48,14.73,11.44,0.11,15.2,19.03,0.22,6.4,1.27,0.03,0.33,3.477354965585054,24.0,2020,4,19,Summer
Aizawl,2020-04-20,11.79,18.9,11.47,0.95,16.08,19.13,0.25,6.79,8.71,1.02,1.41,3.477354965585054,24.0,2020,4,20,Summer
Aizawl,2020-04-21,9.53,20.94,11.54,0.75,15.94,16.64,0.27,6.62,7.67,10.19,10.54,3.477354965585054,23.0,2020,4,21,Summer
Aizawl,2020-04-22,8.53,11.26,11.47,0.34,15.48,15.61,0.24,6.61,1.3,0.05,0.45,3.477354965585054,20.0,2020,4,22,Summer
Aizawl,2020-04-23,10.42,14.56,11.56,0.26,15.49,16.78,0.26,6.96,1.75,0.06,0.49,3.477354965585054,19.0,2020,4,23,Summer
Aizawl,2020-04-24,5.74,9.67,11.53,0.34,15.57,12.4,0.21,6.79,1.16,0.03,0.31,3.477354965585054,19.0,2020,4,24,Summer
Aizawl,2020-04-25,3.14,5.83,11.51,0.2,14.68,17.91,0.18,7.47,0.55,7.73,8.0,3.477354965585054,19.0,2020,4,25,Summer
Aizawl,2020-04-26,1.97,4.06,11.54,0.13,15.25,12.44,0.18,6.98,1.78,6.7,6.95,3.477354965585054,18.0,2020,4,26,Summer
Aizawl,2020-04-27,5.4,9.88,11.62,0.27,15.57,17.69,0.25,7.21,0.22,8.33,8.74,3.477354965585054,19.0,2020,4,27,Summer
Aizawl,2020-04-28,3.55,7.84,11.7,0.18,15.6,17.07,0.26,6.97,36.608304512863775,6.89,7.42,3.477354965585054,19.0,2020,4,28,Summer
Aizawl,2020-04-29,3.85,6.78,11.6,0.17,15.4,15.28,0.21,7.23,36.608304512863775,13.67,14.03,3.477354965585054,19.0,2020,4,29,Summer
Aizawl,2020-04-30,4.49,8.9,11.7,0.3,15.65,14.49,0.24,6.6,1.55,20.86,21.42,3.477354965585054,19.0,2020,4,30,Summer
Aizawl,2020-05-01,7.92,12.97,11.68,0.35,15.71,18.21,0.3,6.47,1.61,0.06,0.76,3.477354965585054,20.0,2020,5,1,Summer
Aizawl,2020-05-02,8.24,13.13,11.6,0.23,15.48,16.69,0.28,6.46,0.1,10.3,10.91,3.477354965585054,20.0,2020,5,2,Summer
Aizawl,2020-05-03,5.48,9.88,11.53,0.08,15.15,14.56,0.19,6.42,0.07,16.64,17.0,3.477354965585054,19.0,2020,5,3,Summer
Aizawl,2020-05-04,6.32,11.92,11.56,0.22,15.43,15.74,0.23,6.93,0.41,22.57,22.98,3.477354965585054,19.0,2020,5,4,Summer
Aizawl,2020-05-05,10.16,14.63,11.58,0.25,15.58,18.64,0.27,7.6,0.12,6.11,6.56,3.477354965585054,19.0,2020,5,5,Summer
Aizawl,2020-05-06,6.15,8.99,13.16,0.63,16.56,15.26,0.24,7.36,2.82,3.21,3.68,3.477354965585054,20.0,2020,5,6,Summer
Aizawl,2020-05-07,3.93,6.85,11.51,0.18,15.43,19.43,0.27,8.04,0.19,10.76,11.43,3.477354965585054,20.0,2020,5,7,Summer
Aizawl,2020-05-08,13.61,17.4,11.52,0.49,15.75,22.37,0.32,8.51,2.66,22.22,22.76,3.477354965585054,20.0,2020,5,8,Summer
Aizawl,2020-05-09,13.29,19.14,11.54,0.34,15.65,27.89,0.37,8.6,0.24,0.07,1.0,3.477354965585054,24.0,2020,5,9,Summer
Aizawl,2020-05-10,16.09,20.04,11.47,0.09,15.21,32.66,0.31,8.61,0.06,0.06,0.82,3.477354965585054,24.0,2020,5,10,Summer
Aizawl,2020-05-11,25.35,31.71,11.55,0.69,15.98,29.77,0.39,8.87,7.63,12.22,13.15,3.477354965585054,35.0,2020,5,11,Summer
Aizawl,2020-05-12,27.97,33.56,11.51,0.44,15.73,29.94,0.42,8.91,0.18,0.12,1.04,3.477354965585054,46.0,2020,5,12,Summer
Aizawl,2020-05-13,23.72,28.88,11.51,0.6,15.86,21.17,0.37,8.41,1.74,5.14,5.68,3.477354965585054,46.0,2020,5,13,Summer
Aizawl,2020-05-14,21.05,24.86,11.46,0.65,15.85,23.68,0.32,9.08,7.27,8.15,8.56,3.477354965585054,33.0,2020,5,14,Summer
Aizawl,2020-05-15,14.82,19.67,11.65,0.35,15.83,23.19,0.31,9.06,0.05,10.0,10.96,3.477354965585054,31.0,2020,5,15,Summer
Aizawl,2020-05-16,8.3,12.62,11.6,0.29,15.67,22.47,0.27,9.19,36.608304512863775,14.93,15.51,3.477354965585054,21.0,2020,5,16,Summer
Aizawl,2020-05-17,12.42,18.0,11.49,0.12,15.26,25.82,0.23,9.84,0.04,4.149716373012463,19.2963644177052,3.477354965585054,20.0,2020,5,17,Summer
Aizawl,2020-05-18,17.92,25.29,11.55,0.56,15.89,28.94,0.38,10.05,4.03,39.79,40.5,3.477354965585054,26.0,2020,5,18,Summer
Aizawl,2020-05-19,18.83,24.52,11.59,0.48,15.9,25.16,0.36,9.84,1.16,13.31,13.96,3.477354965585054,32.0,2020,5,19,Summer
Aizawl,2020-05-20,6.53,10.27,11.81,0.51,16.12,17.62,0.31,9.81,0.44,3.61,3.97,3.477354965585054,24.0,2020,5,20,Summer
Aizawl,2020-05-21,8.97,14.44,11.41,0.34,15.53,13.24,0.21,10.1,2.88,0.02,0.22,3.477354965585054,20.0,2020,5,21,Summer
Aizawl,2020-05-22,14.67,19.13,11.48,0.36,15.59,11.35,0.25,9.92,1.07,0.02,0.3,3.477354965585054,22.0,2020,5,22,Summer
Aizawl,2020-05-23,16.13,21.52,11.49,0.27,15.52,16.11,0.25,10.88,0.28,28.67,28.82,3.477354965585054,22.0,2020,5,23,Summer
Aizawl,2020-05-24,13.4,19.09,11.38,0.09,15.1,15.75,0.19,11.19,0.68,16.38,16.57,3.477354965585054,27.0,2020,5,24,Summer
Aizawl,2020-05-25,9.72,14.84,11.49,0.28,15.49,14.45,0.19,11.14,1.77,11.99,12.1,3.477354965585054,20.0,2020,5,25,Summer
Aizawl,2020-05-26,9.03,13.23,11.57,0.42,15.65,12.13,0.22,11.09,2.5,0.04,0.26,3.477354965585054,19.0,2020,5,26,Summer
Aizawl,2020-05-27,1.96,4.32,15.59,0.62,20.63,16.72,0.21,11.13,4.82,3.34,3.51,3.477354965585054,21.0,2020,5,27,Summer
Aizawl,2020-05-28,3.47,9.67,11.6,0.35,15.67,19.71,0.24,11.89,2.67,0.38,4.02,3.477354965585054,21.0,2020,5,28,Summer
Aizawl,2020-05-29,3.62,7.84,11.59,0.47,15.72,12.68,0.24,11.24,1.98,3.06,3.58,3.477354965585054,20.0,2020,5,29,Summer
Aizawl,2020-05-30,3.43,7.24,11.61,0.21,15.46,12.93,0.22,11.38,0.24,30.73,31.04,3.477354965585054,20.0,2020,5,30,Summer
Aizawl,2020-05-31,3.68,7.45,11.54,0.08,15.13,12.87,0.17,11.58,0.1,4.149716373012463,19.2963644177052,3.477354965585054,19.0,2020,5,31,Summer
Aizawl,2020-06-01,4.52,9.11,12.06,0.59,15.89,12.84,0.22,11.83,3.37,14.32,14.63,3.477354965585054,19.0,2020,6,1,Monsoon
Aizawl,2020-06-02,3.96,8.56,11.74,0.21,15.7,13.28,0.24,12.13,36.608304512863775,4.149716373012463,19.2963644177052,3.477354965585054,20.0,2020,6,2,Monsoon
Aizawl,2020-06-03,2.33,6.33,11.68,0.29,15.65,14.43,0.24,12.24,2.76,36.41,36.5,3.477354965585054,20.0,2020,6,3,Monsoon
Aizawl,2020-06-04,2.17,4.57,11.64,0.22,15.57,16.06,0.19,12.61,2.8,3.74,4.0,3.477354965585054,19.0,2020,6,4,Monsoon
Aizawl,2020-06-05,2.49,7.33,20.36,0.7,25.15,25.23,0.24,12.97,3.3,17.11,17.44,3.477354965585054,31.0,2020,6,5,Monsoon
Aizawl,2020-06-06,2.81,6.19,11.75,0.15,15.62,18.88,0.21,12.82,36.608304512863775,4.149716373012463,19.2963644177052,3.477354965585054,20.0,2020,6,6,Monsoon
Aizawl,2020-06-07,5.2,82.9102228224173,11.58,0.09,15.25,19.16,0.18,12.16,36.608304512863775,4.149716373012463,19.2963644177052,3.477354965585054,19.0,2020,6,7,Monsoon
Aizawl,2020-06-08,14.44,22.3,11.79,0.76,16.31,22.38,0.41,13.0,0.87,10.9,11.62,3.477354965585054,25.0,2020,6,8,Monsoon
Aizawl,2020-06-09,10.08,13.04,11.62,0.13,15.49,24.75,0.33,13.48,36.608304512863775,0.04,0.55,3.477354965585054,23.0,2020,6,9,Monsoon
Aizawl,2020-06-10,1.54,2.79,11.77,0.1,15.52,21.4,0.22,13.44,36.608304512863775,65.53,65.67,3.477354965585054,19.0,2020,6,10,Monsoon
Aizawl,2020-06-11,54.9846661237785,6.11,11.79,0.31,15.78,20.59,0.21,13.53,1.92,1.59,1.9,3.477354965585054,294.76488095238096,2020,6,11,Monsoon
Aizawl,2020-06-12,0.99,8.1,11.67,0.25,15.53,21.22,0.2,11.92,3.6,0.03,0.33,3.477354965585054,19.0,2020,6,12,Monsoon
Aizawl,2020-06-13,1.4,5.8,11.65,0.07,15.31,22.03,0.17,8.11,4.35,81.92,82.01,3.477354965585054,19.0,2020,6,13,Monsoon
Aizawl,2020-06-14,0.98,4.59,11.63,0.07,15.17,24.59,0.16,8.82,3.77,4.149716373012463,19.2963644177052,3.477354965585054,19.0,2020,6,14,Monsoon
Aizawl,2020-06-15,1.19,4.99,11.66,0.07,15.3,24.48,0.17,8.52,4.17,4.149716373012463,19.2963644177052,3.477354965585054,19.0,2020,6,15,Monsoon
Aizawl,2020-06-16,1.14,6.19,11.83,0.37,15.85,20.36,0.17,8.62,4.86,12.62,12.86,3.477354965585054,19.0,2020,6,16,Monsoon
Aizawl,2020-06-17,54.9846661237785,1.99,13.01,0.33,15.57,19.46,0.16,5.65,4.5,35.02,35.09,3.477354965585054,20.0,2020,6,17,Monsoon
Aizawl,2020-06-18,1.25,9.1,11.7,0.22,15.6,24.03,0.15,1.76,2.0,23.25,23.25,3.477354965585054,20.0,2020,6,18,Monsoon
Aizawl,2020-06-19,5.92,19.02,11.74,0.26,15.74,36.73,0.2,2.84,1.58,13.67,13.94,3.477354965585054,20.0,2020,6,19,Monsoon
Aizawl,2020-06-20,2.46,12.72,11.74,0.08,15.47,34.12,0.22,2.39,36.608304512863775,0.04,0.25,3.477354965585054,19.0,2020,6,20,Monsoon
Aizawl,2020-06-21,2.63,9.03,11.55,0.06,15.15,29.9,0.15,2.33,0.34,4.149716373012463,19.2963644177052,3.477354965585054,19.0,2020,6,21,Monsoon
Aizawl,2020-06-22,2.88,13.68,11.74,0.32,15.79,29.98,0.16,1.91,1.79,12.27,12.38,3.477354965585054,20.0,2020,6,22,Monsoon
Aizawl,2020-06-23,2.76,13.65,11.61,0.38,15.67,25.38,0.05,0.95,2.6,20.29,20.36,3.477354965585054,20.0,2020,6,23,Monsoon
Aizawl,2020-06-24,8.62,32.1,11.57,0.14,15.41,25.57,0.07,1.08,1.84,17.08,17.17,3.477354965585054,25.0,2020,6,24,Monsoon
Aizawl,2020-06-25,7.98,28.92,11.57,0.16,15.5,23.4,0.05,1.03,1.76,4.149716373012463,19.2963644177052,3.477354965585054,33.0,2020,6,25,Monsoon
Aizawl,2020-06-26,1.39,7.21,11.8,0.18,15.71,22.46,0.03,1.24,1.08,4.149716373012463,19.2963644177052,3.477354965585054,21.0,2020,6,26,Monsoon
Aizawl,2020-06-27,0.16,3.16,11.69,0.07,15.41,22.42,0.02,1.08,1.29,4.149716373012463,19.2963644177052,3.477354965585054,19.0,2020,6,27,Monsoon
Aizawl,2020-06-28,0.24,1.15,11.56,0.05,15.14,25.45,0.02,1.38,1.4,4.149716373012463,19.2963644177052,3.477354965585054,19.0,2020,6,28,Monsoon
Aizawl,2020-06-29,0.28,10.02,12.04,0.13,15.96,28.73,0.12,2.03,0.95,4.149716373012463,19.2963644177052,3.477354965585054,20.0,2020,6,29,Monsoon
Aizawl,2020-06-30,1.89,9.27,11.91,0.1,15.75,28.68,0.11,2.23,1.16,4.149716373012463,19.2963644177052,3.477354965585054,20.0,2020,6,30,Monsoon
Aizawl,2020-07-01,4.49,5.39,11.44,0.07,15.11,19.41,0.02,2.07,3.39,4.149716373012463,19.2963644177052,3.477354965585054,20.0,2020,7,1,Monsoon
Amaravati,2017-11-24,71.36,115.75,1.75,20.65,12.4,12.19,0.1,10.76,109.26,0.17,5.92,0.1,294.76488095238096,2017,11,24,PostMonsoon
Amaravati,2017-11-25,81.4,124.5,1.44,20.5,12.08,10.72,0.12,15.24,127.09,0.2,6.5,0.06,184.0,2017,11,25,PostMonsoon
Amaravati,2017-11-26,78.32,129.06,1.26,26.0,14.85,10.28,0.14,26.96,117.44,0.22,7.95,0.08,197.0,2017,11,26,PostMonsoon
Amaravati,2017-11-27,88.76,135.32,6.6,30.85,21.77,12.91,0.11,33.59,111.81,0.29,7.63,0.12,198.0,2017,11,27,PostMonsoon
Amaravati,2017-11-28,64.18,104.09,2.56,28.07,17.01,11.42,0.09,19.0,138.18,0.17,5.02,0.07,188.0,2017,11,28,PostMonsoon
Amaravati,2017-11-29,72.47,114.84,5.23,23.2,16.59,12.25,0.16,10.55,109.74,0.21,4.71,0.08,173.0,2017,11,29,PostMonsoon
Amaravati,2017-11-30,69.8,114.86,4.69,20.17,14.54,10.95,0.12,14.07,118.09,0.16,3.52,0.06,165.0,2017,11,30,PostMonsoon
Amaravati,2017-12-01,73.96,113.56,4.58,19.29,13.97,10.95,0.1,13.9,123.8,0.17,2.85,0.04,191.0,2017,12,1,Winter
Amaravati,2017-12-02,89.9,140.2,7.71,26.19,19.87,13.12,0.1,19.37,128.73,0.25,2.79,0.07,191.0,2017,12,2,Winter
Amaravati,2017-12-03,87.14,130.52,0.97,21.31,12.12,14.36,0.15,11.41,114.8,0.23,3.82,0.04,227.0,2017,12,3,Winter
Amaravati,2017-12-04,84.64,125.0,4.02,26.98,17.58,14.41,0.18,9.84,112.41,0.31,3.53,0.09,168.0,2017,12,4,Winter
Amaravati,2017-12-05,88.36,121.77,3.7,20.23,13.75,13.72,0.12,14.02,117.93,0.24,2.92,0.03,198.0,2017,12,5,Winter
Amaravati,2017-12-06,96.83,139.36,1.6,25.65,14.99,15.12,0.11,16.54,117.21,0.29,4.45,0.07,201.0,2017,12,6,Winter
Amaravati,2017-12-07,117.46,181.64,4.26,41.1,25.32,17.34,0.13,28.79,94.63,0.36,6.21,0.17,252.0,2017,12,7,Winter
Amaravati,2017-12-08,122.88,208.86,5.56,54.87,33.71,17.96,0.27,22.97,68.6,0.36,6.28,0.21,310.0,2017,12,8,Winter
Amaravati,2017-12-09,74.28,141.22,6.1,44.97,28.88,15.73,0.09,21.9,60.62,0.26,4.79,0.16,196.0,2017,12,9,Winter
Amaravati,2017-12-10,50.32,102.77,1.73,33.85,19.41,12.56,0.1,13.65,68.15,0.2,4.29,0.1,132.0,2017,12,10,Winter
Amaravati,2017-12-11,58.47,115.27,4.93,41.64,26.15,15.2,0.16,18.37,73.75,0.23,5.51,0.16,147.0,2017,12,11,Winter
Amaravati,2017-12-12,89.35,131.48,7.97,42.1,28.88,21.24,0.24,7.42,44.67,0.28,7.01,0.19,179.0,2017,12,12,Winter
Amaravati,2017-12-13,64.42,99.74,7.2,34.78,24.36,17.63,0.15,5.81,50.16,0.24,6.11,0.14,145.0,2017,12,13,Winter
Amaravati,2017-12-14,69.4,98.94,5.81,29.97,20.67,19.34,0.14,5.8,55.0,0.23,5.09,0.14,115.0,2017,12,14,Winter
Amaravati,2017-12-15,71.07,109.65,4.19,25.0,16.7,16.0,0.1,8.33,79.04,0.18,3.45,0.07,140.0,2017,12,15,Winter
Amaravati,2017-12-16,79.76,129.81,8.77,40.92,28.84,15.56,0.17,8.51,73.17,0.24,4.41,0.13,156.0,2017,12,16,Winter
Amaravati,2017-12-17,108.06,167.62,7.29,47.05,30.94,18.52,0.08,16.05,70.74,0.31,4.32,0.24,225.0,2017,12,17,Winter
Amaravati,2017-12-18,100.75,172.04,7.63,53.94,33.45,18.49,0.11,14.05,59.2,0.26,3.77,0.19,251.0,2017,12,18,Winter
Amaravati,2017-12-19,106.25,171.56,2.74,43.09,21.78,19.66,0.13,15.45,66.9,0.28,3.13,0.18,228.0,2017,12,19,Winter
Amaravati,2017-12-20,83.79,141.83,6.77,47.47,30.74,17.37,0.3,13.35,77.54,0.29,3.7,0.15,223.0,2017,12,20,Winter
Amaravati,2017-12-21,79.98,147.74,7.02,49.55,32.07,17.28,0.14,13.58,79.71,0.33,3.95,0.19,170.0,2017,12,21,Winter
Amaravati,2017-12-22,76.27,152.59,7.51,56.0,35.9,19.53,0.15,29.88,56.97,0.29,4.44,0.19,165.0,2017,12,22,Winter
Amaravati,2017-12-23,86.5,147.95,5.24,42.0,26.6,20.78,0.15,11.85,73.09,0.31,3.9,0.17,159.0,2017,12,23,Winter
Amaravati,2017-12-24,100.62,167.75,3.75,47.68,28.41,23.68,0.22,10.85,62.78,0.34,4.81,0.29,232.0,2017,12,24,Winter
Amaravati,2017-12-25,110.73,171.47,1.69,31.06,17.89,21.66,0.1,12.23,76.07,0.33,3.96,0.16,242.0,2017,12,25,Winter
Amaravati,2017-12-26,107.7,170.21,4.97,43.54,27.2,22.52,0.17,18.07,64.6,0.33,4.01,0.16,274.0,2017,12,26,Winter
Amaravati,2017-12-27,104.81,192.2,9.59,63.48,41.57,21.06,0.23,17.01,63.87,0.38,4.1,0.36,259.0,2017,12,27,Winter
Amaravati,2017-12-28,89.95,175.16,10.95,64.53,43.23,18.87,0.27,15.52,62.49,0.36,4.12,0.23,225.0,2017,12,28,Winter
Amaravati,2017-12-29,74.58,138.6,6.14,46.65,29.81,18.2,0.17,9.47,67.11,0.32,3.76,0.18,177.0,2017,12,29,Winter
Amaravati,2017-12-30,56.68,109.33,4.6,33.26,21.44,16.86,0.1,8.26,66.91,0.25,3.28,0.14,120.0,2017,12,30,Winter
Amaravati,2017-12-31,61.03,131.62,5.51,39.5,25.49,17.82,0.08,11.45,61.91,0.33,4.16,0.19,120.0,2017,12,31,Winter
Amaravati,2018-01-01,59.03,108.83,3.45,23.36,15.23,18.03,0.09,26.05,87.55,0.23,3.2,0.09,120.0,2018,1,1,Winter
Amaravati,2018-01-02,61.88,109.82,3.87,23.14,15.45,19.57,0.09,12.81,81.38,0.2,3.84,0.04,132.0,2018,1,2,Winter
Amaravati,2018-01-03,71.57,137.48,5.01,39.99,25.36,25.61,0.09,16.82,80.3,0.24,6.55,0.11,136.0,2018,1,3,Winter
Amaravati,2018-01-04,92.44,174.75,5.84,53.79,33.36,19.45,0.11,16.93,71.09,0.3,7.23,0.23,182.0,2018,1,4,Winter
Amaravati,2018-01-05,92.9,162.69,6.38,56.39,35.19,21.02,0.08,23.11,68.79,0.29,7.88,0.2,222.0,2018,1,5,Winter
Amaravati,2018-01-06,85.15,151.97,11.05,61.55,41.72,18.71,0.07,11.86,90.8,0.26,7.14,0.16,230.0,2018,1,6,Winter
Amaravati,2018-01-07,81.47,145.68,6.45,46.9,30.18,20.18,0.07,9.63,96.49,0.25,7.26,0.15,224.0,2018,1,7,Winter
Amaravati,2018-01-08,81.58,132.66,3.97,34.93,21.81,21.59,0.09,12.81,118.91,0.29,6.16,0.15,217.0,2018,1,8,Winter
Amaravati,2018-01-09,79.56,146.64,4.44,37.58,23.6,17.71,0.05,17.77,137.61,0.05,1.1,0.02,230.0,2018,1,9,Winter
Amaravati,2018-01-10,87.43,155.95,3.9,37.31,23.02,22.35,0.1,13.4,121.72,0.1,1.93,0.01,229.0,2018,1,10,Winter
Amaravati,2018-01-11,87.33,153.97,3.95,42.52,25.82,23.66,0.08,35.39,106.17,0.22,6.61,0.07,229.0,2018,1,11,Winter
Amaravati,2018-01-12,110.39,182.54,4.54,52.24,31.49,24.74,0.04,36.01,82.2,0.28,8.48,0.12,235.0,2018,1,12,Winter
Amaravati,2018-01-13,77.51,125.01,3.85,36.41,22.49,20.06,0.05,14.36,72.16,0.19,7.12,0.07,214.0,2018,1,13,Winter
Amaravati,2018-01-14,86.96,129.99,3.65,28.32,18.03,21.23,0.05,4.83,62.6,0.23,6.93,0.07,186.0,2018,1,14,Winter
Amaravati,2018-01-15,76.29,115.53,2.96,21.35,13.75,20.38,0.05,8.75,69.99,0.18,7.71,0.07,172.0,2018,1,15,Winter
Amaravati,2018-01-16,67.06,100.34,3.22,20.25,13.29,18.78,0.06,4.7,54.92,0.15,6.52,0.07,138.0,2018,1,16,Winter
Amaravati,2018-01-17,68.34,104.45,3.71,26.26,16.99,20.29,0.06,6.43,45.63,0.15,6.54,0.07,125.0,2018,1,17,Winter
Amaravati,2018-01-18,66.28,117.3,7.36,45.13,29.99,21.68,0.05,7.21,45.97,0.19,6.81,0.1,132.0,2018,1,18,Winter
Amaravati,2018-01-19,64.98,116.14,6.98,45.4,29.83,21.32,0.06,8.83,50.28,0.18,6.79,0.14,111.0,2018,1,19,Winter
Amaravati,2018-01-20,75.46,132.84,9.56,56.53,37.84,21.88,0.13,30.48,51.98,0.2,6.58,0.14,137.0,2018,1,20,Winter
Amaravati,2018-01-21,81.58,141.85,4.99,38.15,24.35,19.33,0.05,11.04,59.76,0.16,5.83,0.07,172.0,2018,1,21,Winter
Amaravati,2018-01-22,78.27,142.86,5.98,45.36,29.01,19.12,0.06,10.32,58.53,0.16,5.57,0.06,160.0,2018,1,22,Winter
Amaravati,2018-01-23,79.01,138.14,6.16,45.43,29.17,20.29,0.06,10.18,58.04,0.18,5.76,0.07,163.0,2018,1,23,Winter
Amaravati,2018-01-24,77.98,137.31,5.09,44.96,28.04,21.11,0.06,7.22,50.69,0.17,6.37,0.08,165.0,2018,1,24,Winter
Amaravati,2018-01-25,77.96,155.73,8.4,59.92,38.7,23.45,0.06,31.01,40.77,0.18,7.39,0.13,139.0,2018,1,25,Winter
Amaravati,2018-01-26,79.04,143.38,6.19,43.61,28.23,26.0,0.08,8.67,45.46,0.19,7.14,0.1,176.0,2018,1,26,Winter
Amaravati,2018-01-27,77.78,131.14,6.1,43.84,28.33,26.3,0.09,7.62,43.26,0.18,6.61,0.07,162.0,2018,1,27,Winter
Amaravati,2018-01-28,76.48,131.86,4.06,33.37,21.04,22.05,0.06,7.49,45.71,0.16,4.43,0.06,160.0,2018,1,28,Winter
Amaravati,2018-01-29,74.2,135.97,4.3,35.82,22.55,20.24,0.07,12.16,53.0,0.15,4.24,0.05,142.0,2018,1,29,Winter
Amaravati,2018-01-30,78.23,140.66,5.36,45.76,28.7,21.73,0.05,12.45,45.35,0.19,4.83,0.08,172.0,2018,1,30,Winter
Amaravati,2018-01-31,68.53,147.48,8.28,61.52,39.46,19.74,0.04,23.68,37.99,0.18,5.11,0.11,134.0,2018,1,31,Winter
Amaravati,2018-02-01,62.08,152.59,10.08,62.18,41.29,19.42,0.05,8.97,34.93,0.16,4.65,0.13,136.0,2018,2,1,Winter
Amaravati,2018-02-02,50.64,130.36,6.48,45.52,29.49,19.89,0.07,10.61,40.57,0.18,3.9,0.11,130.0,2018,2,2,Winter
Amaravati,2018-02-03,44.21,119.52,3.63,34.37,21.23,23.31,0.07,5.86,31.73,0.09,3.54,0.06,111.0,2018,2,3,Winter
Amaravati,2018-02-04,50.71,115.65,7.91,35.16,25.13,11.19,0.06,8.16,32.58,0.13,3.19,0.08,117.0,2018,2,4,Winter
Amaravati,2018-02-05,42.27,100.54,4.95,30.69,20.33,13.4,0.66,8.99,32.18,0.12,2.8,0.09,102.0,2018,2,5,Winter
Amaravati,2018-02-06,39.41,101.1,3.21,28.53,17.83,17.9,0.81,5.86,28.72,0.12,3.07,0.11,108.0,2018,2,6,Winter
Amaravati,2018-02-07,50.56,116.89,6.93,37.27,25.44,11.05,0.97,5.25,23.36,0.08,2.3,0.1,99.0,2018,2,7,Winter
Amaravati,2018-02-08,50.54,120.05,2.91,26.96,16.74,13.02,0.9,17.9,36.66,0.1,2.28,0.21,121.0,2018,2,8,Winter
Amaravati,2018-02-09,26.22,62.82,2.24,20.1,12.54,12.32,0.61,8.25,23.74,0.07,3.07,0.12,86.0,2018,2,9,Winter
Amaravati,2018-02-10,31.83,66.74,2.76,16.83,11.14,11.9,0.61,5.87,24.72,0.05,2.64,0.11,57.0,2018,2,10,Winter
Amaravati,2018-02-11,70.26,112.29,0.4,11.87,6.57,13.05,0.62,7.29,31.4,0.06,2.1,0.1,107.0,2018,2,11,Winter
Amaravati,2018-02-12,59.47,99.73,0.54,12.85,7.18,11.94,0.68,7.62,30.57,0.04,1.88,0.11,118.0,2018,2,12,Winter
Amaravati,2018-02-13,58.71,99.04,0.41,13.88,7.62,11.99,0.86,6.89,36.2,0.12,1.84,0.1,110.0,2018,2,13,Winter
Amaravati,2018-02-14,56.29,107.96,0.25,16.71,9.02,10.89,0.95,12.91,48.39,0.16,2.37,0.1,114.0,2018,2,14,Winter
Amaravati,2018-02-15,50.41,118.62,1.68,25.6,15.01,20.24,0.69,11.81,33.46,0.17,3.82,0.11,111.0,2018,2,15,Winter
Amaravati,2018-02-16,57.53,128.81,1.94,25.03,14.88,33.72,0.78,25.39,31.15,0.15,3.02,0.14,117.0,2018,2,16,Winter
Amaravati,2018-02-17,43.82,97.19,1.45,16.01,9.45,22.52,0.67,17.62,27.62,0.09,2.52,0.12,107.0,2018,2,17,Winter
Amaravati,2018-02-18,42.71,80.24,15.9,17.35,22.25,24.68,0.49,9.53,30.68,0.1,3.09,0.12,87.0,2018,2,18,Winter
Amaravati,2018-02-19,54.73,94.12,3.49,12.79,9.73,22.79,0.58,8.21,30.21,0.08,2.23,0.15,89.0,2018,2,19,Winter
Amaravati,2018-02-20,50.91,99.84,4.55,16.33,12.39,23.18,0.64,10.34,26.24,0.1,2.51,0.1,97.0,2018,2,20,Winter
Amaravati,2018-02-21,38.5,106.7,4.5,16.82,12.69,19.54,0.58,11.02,26.62,0.1,2.68,0.11,100.0,2018,2,21,Winter
Amaravati,2018-02-22,32.21,107.43,7.39,17.33,15.32,18.13,0.6,11.81,24.84,0.12,3.28,0.13,105.0,2018,2,22,Winter
Amaravati,2018-02-23,35.36,107.25,6.13,17.75,14.52,16.57,0.85,10.87,23.99,0.09,2.92,0.2,114.0,2018,2,23,Winter
Amaravati,2018-02-24,59.65,127.26,8.21,19.14,16.94,20.46,0.7,10.82,21.64,0.16,2.67,0.15,116.0,2018,2,24,Winter
Amaravati,2018-02-25,46.16,115.95,11.52,17.19,18.59,16.35,12.837420289855071,9.18,16.94,0.13,2.51,0.13,116.0,2018,2,25,Winter
Amaravati,2018-02-26,34.31,107.74,9.19,20.85,18.66,15.88,12.837420289855071,13.97,16.28,0.1,2.44,0.12,98.0,2018,2,26,Winter
Amaravati,2018-02-27,39.52,113.31,19.35,21.18,27.0,18.5,0.81,15.02,18.8,0.15,2.65,0.2,116.0,2018,2,27,Winter
Amaravati,2018-02-28,43.08,116.06,5.34,19.02,14.54,22.46,0.79,22.7,25.64,0.09,2.16,0.12,108.0,2018,2,28,Winter
Amaravati,2018-03-01,38.1,97.0,7.1,22.21,17.68,19.27,0.79,13.89,22.73,0.06,2.12,0.11,100.0,2018,3,1,Summer
Amaravati,2018-03-02,33.08,83.16,5.37,18.83,14.38,14.52,0.72,8.98,23.63,0.05,2.04,0.1,92.0,2018,3,2,Summer
Amaravati,2018-03-03,29.7,77.45,4.45,17.33,13.01,12.72,0.65,9.71,29.26,0.05,1.85,0.1,80.0,2018,3,3,Summer
Amaravati,2018-03-04,38.67,82.67,4.45,22.81,15.74,12.41,0.66,12.63,22.9,0.06,2.18,0.11,88.0,2018,3,4,Summer
Amaravati,2018-03-05,30.04,83.07,11.58,24.74,22.65,12.52,0.78,8.98,17.81,0.05,1.91,0.21,83.0,2018,3,5,Summer
Amaravati,2018-03-06,39.72,103.81,19.66,26.29,30.06,14.03,0.81,9.68,17.53,0.11,2.46,0.17,100.0,2018,3,6,Summer
Amaravati,2018-03-07,38.21,78.95,5.71,19.03,14.85,14.15,0.75,8.03,22.81,0.05,2.19,0.1,81.0,2018,3,7,Summer
Amaravati,2018-03-08,58.31,124.64,11.93,28.85,25.14,14.0,1.03,10.21,22.24,0.12,2.38,0.16,112.0,2018,3,8,Summer
Amaravati,2018-03-09,62.49,113.56,8.08,22.65,18.7,16.53,0.91,12.68,26.26,0.09,2.18,0.12,113.0,2018,3,9,Summer
Amaravati,2018-03-10,49.04,102.46,5.75,19.92,15.26,14.09,0.64,6.82,26.52,0.1,2.5,0.1,105.0,2018,3,10,Summer
Amaravati,2018-03-11,41.67,80.09,2.74,13.08,9.19,13.51,0.78,8.35,30.38,0.11,2.08,0.1,88.0,2018,3,11,Summer
Amaravati,2018-03-12,32.44,75.3,6.01,19.07,15.02,12.65,0.68,7.75,21.52,0.09,2.72,0.15,78.0,2018,3,12,Summer
Amaravati,2018-03-13,26.43,80.85,10.73,20.82,19.8,11.64,0.72,9.43,16.52,0.08,2.24,0.13,78.0,2018,3,13,Summer
Amaravati,2018-03-14,25.08,60.67,7.17,15.22,13.94,14.1,0.56,8.63,13.8,0.05,2.19,0.12,69.0,2018,3,14,Summer
Amaravati,2018-03-15,26.09,63.05,4.9,10.42,9.51,10.74,0.58,11.33,21.38,0.02,1.26,0.1,60.0,2018,3,15,Summer
Amaravati,2018-03-16,16.62,39.94,4.9,8.18,8.43,11.53,0.58,6.37,12.68,0.01,1.52,3.477354965585054,51.0,2018,3,16,Summer
Amaravati,2018-03-17,49.58,82.95,4.98,19.05,14.27,13.47,0.7,12.47,20.32,0.09,2.18,0.22,61.0,2018,3,17,Summer
Amaravati,2018-03-18,43.52,80.01,6.41,20.43,16.16,13.75,0.8,10.57,23.36,0.12,2.6,0.29,90.0,2018,3,18,Summer
Amaravati,2018-03-19,39.83,76.09,4.63,14.37,11.5,13.34,0.7,8.89,23.13,0.09,2.71,0.1,74.0,2018,3,19,Summer
Amaravati,2018-03-20,36.89,76.61,6.62,18.83,15.39,13.96,0.57,7.04,13.58,0.06,2.88,0.1,76.0,2018,3,20,Summer
Amaravati,2018-03-21,48.71,96.46,5.63,14.86,12.65,13.01,0.92,15.45,27.48,0.06,1.73,0.1,294.76488095238096,2018,3,21,Summer
Amaravati,2018-03-22,52.69,94.25,4.69,14.44,11.58,15.35,0.59,16.81,19.03,0.01,1.48,0.1,92.0,2018,3,22,Summer
Amaravati,2018-03-23,46.48,95.41,4.35,14.79,11.5,15.02,0.6,15.55,21.04,0.03,1.62,0.16,93.0,2018,3,23,Summer
Amaravati,2018-03-24,44.22,77.62,3.56,8.53,7.52,14.58,0.73,9.61,23.87,0.02,1.28,0.1,88.0,2018,3,24,Summer
Amaravati,2018-03-25,35.91,71.26,2.94,6.99,6.19,13.53,0.67,3.69,27.58,0.01,1.69,3.477354965585054,75.0,2018,3,25,Summer
Amaravati,2018-03-26,39.05,81.51,3.43,9.86,8.11,10.94,0.68,7.26,23.74,0.05,2.2,0.13,79.0,2018,3,26,Summer
Amaravati,2018-03-27,30.21,67.22,5.11,11.29,10.25,11.24,0.58,13.19,20.89,0.01,1.96,0.1,74.0,2018,3,27,Summer
Amaravati,2018-03-28,31.14,60.35,4.25,10.36,9.05,11.8,0.83,14.42,20.99,0.02,1.69,0.1,62.0,2018,3,28,Summer
Amaravati,2018-03-29,26.82,52.51,3.63,7.68,7.14,11.54,0.69,13.63,23.6,0.0,1.27,3.477354965585054,53.0,2018,3,29,Summer
Amaravati,2018-03-30,26.34,52.07,3.49,8.43,7.41,9.3,0.57,18.83,23.6,0.0,1.38,3.477354965585054,53.0,2018,3,30,Summer
Amaravati,2018-03-31,28.48,55.8,3.06,6.86,6.23,10.49,0.64,12.97,24.19,0.0,1.42,3.477354965585054,55.0,2018,3,31,Summer
Amaravati,2018-04-01,21.83,52.92,2.69,5.28,5.09,7.53,0.55,8.3,23.34,0.0,1.43,3.477354965585054,52.0,2018,4,1,Summer
Amaravati,2018-04-02,24.23,52.06,4.32,14.33,11.23,8.17,0.56,9.95,23.86,0.04,1.38,0.1,55.0,2018,4,2,Summer
Amaravati,2018-04-03,22.29,55.96,4.38,11.27,9.64,10.88,0.67,8.08,19.63,0.03,1.85,0.1,56.0,2018,4,3,Summer
Amaravati,2018-04-04,25.28,54.59,4.93,9.65,9.24,12.44,0.72,8.7,19.64,0.01,1.5,0.1,56.0,2018,4,4,Summer
Amaravati,2018-04-05,19.68,45.57,2.06,6.63,5.2,8.44,0.69,5.86,14.34,0.0,1.43,3.477354965585054,52.0,2018,4,5,Summer
Amaravati,2018-04-06,29.89,71.75,5.08,9.62,9.25,9.17,0.87,10.34,20.63,0.0,1.12,3.477354965585054,294.76488095238096,2018,4,6,Summer
Amaravati,2018-04-07,24.4,70.25,5.01,10.84,9.84,10.27,0.74,7.4,13.13,0.0,1.11,0.1,76.0,2018,4,7,Summer
Amaravati,2018-04-08,20.05,79.5,4.17,13.54,10.69,9.77,0.65,10.35,34.29,0.02,1.12,3.477354965585054,76.0,2018,4,8,Summer
Amaravati,2018-04-09,23.72,55.74,4.18,8.86,8.18,10.54,0.81,6.71,19.29,0.0,0.99,0.1,81.0,2018,4,9,Summer
Amaravati,2018-04-10,26.12,56.77,4.8,11.71,10.14,9.83,0.5,6.88,14.32,0.0,1.14,0.12,59.0,2018,4,10,Summer
Amaravati,2018-04-11,13.0,29.0,3.8,2.8,4.6,20.1,12.837420289855071,36.68408281573499,19.6,0.0,0.8,3.477354965585054,294.76488095238096,2018,4,11,Summer
Amaravati,2018-04-12,9.25,35.45,4.7,4.6,6.48,9.06,0.54,6.2,21.66,0.0,0.89,3.477354965585054,294.76488095238096,2018,4,12,Summer
Amaravati,2018-04-13,7.16,26.39,3.86,5.22,5.99,8.62,0.59,6.62,14.29,0.0,0.95,3.477354965585054,46.0,2018,4,13,Summer
Amaravati,2018-04-14,7.97,33.2,4.26,6.48,7.0,8.66,0.61,6.01,11.52,0.0,1.06,3.477354965585054,40.0,2018,4,14,Summer
Amaravati,2018-04-15,6.48,23.83,2.39,3.54,3.83,8.32,0.47,5.97,11.63,0.0,0.82,3.477354965585054,33.0,2018,4,15,Summer
Amaravati,2018-04-16,7.2,34.11,3.7,5.73,6.14,7.23,0.5,7.01,18.9,0.0,1.07,3.477354965585054,49.0,2018,4,16,Summer
Amaravati,2018-04-17,8.27,27.27,3.72,5.86,6.14,6.04,0.53,6.69,7.51,0.0,0.98,3.477354965585054,32.0,2018,4,17,Summer
Amaravati,2018-04-18,17.79,53.96,4.51,6.55,7.31,8.37,0.73,10.53,28.54,0.0,1.02,3.477354965585054,294.76488095238096,2018,4,18,Summer
Amaravati,2018-04-19,9.21,27.62,2.67,3.26,3.9,6.59,0.44,6.91,11.95,0.0,0.73,3.477354965585054,42.0,2018,4,19,Summer
Amaravati,2018-04-20,24.83,67.21,3.41,6.22,6.25,10.45,0.56,15.16,30.26,0.0,0.82,3.477354965585054,294.76488095238096,2018,4,20,Summer
Amaravati,2018-04-21,19.78,49.86,3.0,4.9,5.14,6.3,0.66,7.64,23.67,0.0,0.7,3.477354965585054,53.0,2018,4,21,Summer
Amaravati,2018-04-22,8.85,30.54,2.7,3.86,4.26,5.01,0.36,5.44,20.73,0.0,0.74,3.477354965585054,47.0,2018,4,22,Summer
Amaravati,2018-04-23,25.0,61.0,3.1,8.8,7.2,7.5,12.837420289855071,36.68408281573499,19.6,0.0,1.1,3.477354965585054,294.76488095238096,2018,4,23,Summer
Amaravati,2018-04-24,23.35,91.83,4.6,7.1,7.6,7.8,0.62,11.15,34.95,0.0,0.52,3.477354965585054,294.76488095238096,2018,4,24,Summer
Amaravati,2018-04-25,18.48,62.52,3.36,12.71,9.5,6.68,0.76,7.38,17.57,0.0,0.87,3.477354965585054,79.0,2018,4,25,Summer
Amaravati,2018-04-26,24.79,66.54,4.32,7.23,7.54,9.86,0.6,13.05,29.11,0.0,0.89,3.477354965585054,294.76488095238096,2018,4,26,Summer
Amaravati,2018-04-27,11.04,38.34,3.76,5.11,5.87,6.78,0.48,6.21,16.31,0.0,0.71,3.477354965585054,47.0,2018,4,27,Summer
Amaravati,2018-04-28,9.74,33.83,3.94,4.84,5.87,5.66,0.66,7.51,12.65,0.0,0.83,3.477354965585054,51.0,2018,4,28,Summer
Amaravati,2018-04-29,10.35,30.98,3.51,5.55,5.81,4.43,1.01,5.38,7.55,0.0,0.86,3.477354965585054,52.0,2018,4,29,Summer
Amaravati,2018-04-30,28.85,64.52,3.84,5.51,6.23,6.12,0.45,5.93,32.05,0.0,0.68,3.477354965585054,294.76488095238096,2018,4,30,Summer
Amaravati,2018-05-01,22.81,53.85,3.12,6.96,6.33,5.76,0.8,7.09,34.26,0.0,0.22,3.477354965585054,88.0,2018,5,1,Summer
Amaravati,2018-05-02,28.54,56.36,4.29,22.75,15.68,8.96,0.85,7.28,32.62,4.149716373012463,19.2963644177052,3.477354965585054,78.0,2018,5,2,Summer
Amaravati,2018-05-03,18.46,39.45,3.59,14.17,10.55,12.76,0.49,6.37,30.3,4.149716373012463,19.2963644177052,3.477354965585054,90.0,2018,5,3,Summer
Amaravati,2018-05-04,23.9,37.71,4.65,26.74,18.01,12.69,0.56,6.01,12.46,4.149716373012463,19.2963644177052,3.477354965585054,43.0,2018,5,4,Summer
Amaravati,2018-05-07,17.0,50.0,3.6,12.1,9.4,18.0,12.837420289855071,36.68408281573499,54.9,0.1,0.3,3.477354965585054,294.76488095238096,2018,5,7,Summer
Amaravati,2018-05-08,29.12,74.4,3.36,10.7,8.42,10.16,0.54,17.55,53.09,0.07,5.08,3.477354965585054,294.76488095238096,2018,5,8,Summer
Amaravati,2018-05-09,14.42,36.29,3.41,6.9,6.44,7.77,0.43,9.19,35.44,0.08,2.85,3.477354965585054,55.0,2018,5,9,Summer
Amaravati,2018-05-10,19.06,43.83,5.12,9.93,9.48,9.06,0.54,8.34,51.0,0.05,0.47,3.477354965585054,294.76488095238096,2018,5,10,Summer
Amaravati,2018-05-11,12.42,36.29,4.47,10.28,9.11,4.63,0.51,5.82,36.88,0.03,0.21,0.15,52.0,2018,5,11,Summer
Amaravati,2018-05-12,21.4,54.19,4.04,8.19,7.82,9.19,0.57,9.63,56.23,0.32,0.3,3.477354965585054,294.76488095238096,2018,5,12,Summer
Amaravati,2018-05-13,16.78,42.22,2.87,5.94,5.57,7.82,0.4,7.31,50.24,0.21,0.74,3.477354965585054,84.0,2018,5,13,Summer
Amaravati,2018-05-14,19.77,62.11,3.66,10.0,8.38,9.3,1.03,12.02,43.79,0.57,0.0,3.477354965585054,95.0,2018,5,14,Summer
Amaravati,2018-05-15,22.63,54.13,2.87,14.93,10.28,9.67,0.26,9.43,41.32,0.81,0.0,3.477354965585054,58.0,2018,5,15,Summer
Amaravati,2018-05-16,22.44,55.03,4.24,10.94,9.25,9.46,1.31,7.48,40.74,0.28,0.05,3.477354965585054,294.76488095238096,2018,5,16,Summer
Amaravati,2018-05-17,15.2,45.09,4.69,9.26,8.84,8.99,1.18,6.82,54.21,2.11,0.06,4.47,125.0,2018,5,17,Summer
Amaravati,2018-05-18,9.58,28.33,3.12,9.05,7.35,13.54,0.59,7.27,122.21,1.0,0.0,3.477354965585054,192.0,2018,5,18,Summer
Amaravati,2018-05-19,43.35,103.42,2.84,10.57,7.94,10.89,12.837420289855071,21.69,64.07,0.88,0.0,3.477354965585054,294.76488095238096,2018,5,19,Summer
Amaravati,2018-05-20,16.44,54.42,2.37,7.26,5.79,9.16,12.837420289855071,8.06,40.47,0.95,0.0,0.1,81.0,2018,5,20,Summer
Amaravati,2018-05-21,27.93,81.18,3.98,11.44,9.32,8.48,12.837420289855071,11.16,51.06,0.2,0.0,3.477354965585054,294.76488095238096,2018,5,21,Summer
Amaravati,2018-05-22,13.23,41.25,2.51,5.4,4.92,9.37,12.837420289855071,6.55,29.12,0.23,0.04,1.3,65.0,2018,5,22,Summer
Amaravati,2018-05-23,20.52,77.6,4.36,11.91,10.02,11.75,0.25,7.92,79.94,0.14,0.0,3.477354965585054,294.76488095238096,2018,5,23,Summer
Amaravati,2018-05-24,25.62,56.44,4.28,13.88,10.97,11.52,0.48,7.3,44.62,0.44,0.34,8.45,86.0,2018,5,24,Summer
Amaravati,2018-05-25,40.32,66.25,4.36,11.3,9.65,10.61,0.5,7.57,24.35,39.22,4.47,8.46,62.0,2018,5,25,Summer
Amaravati,2018-05-26,13.07,37.35,3.8,8.59,7.75,9.78,0.46,6.09,29.05,28.37,5.06,4.02,78.0,2018,5,26,Summer
Amaravati,2018-05-27,16.56,41.96,3.03,7.25,6.31,9.48,0.41,6.48,62.01,35.84,0.44,1.52,114.0,2018,5,27,Summer
Amaravati,2018-05-28,19.57,44.72,3.72,7.72,7.22,10.79,0.34,5.99,64.58,53.89,26.79,125.18,103.0,2018,5,28,Summer
Amaravati,2018-05-29,30.96,72.18,3.63,10.82,8.8,11.18,0.36,11.72,82.13,48.64,6.44,3.477354965585054,134.0,2018,5,29,Summer
Amaravati,2018-05-30,32.1,83.29,3.17,10.17,8.07,9.85,0.29,6.4,105.09,4.149716373012463,19.2963644177052,3.477354965585054,168.0,2018,5,30,Summer
Amaravati,2018-05-31,31.82,74.79,3.17,9.57,7.76,9.97,0.32,9.41,100.6,4.149716373012463,19.2963644177052,3.477354965585054,150.0,2018,5,31,Summer
Amaravati,2018-06-01,37.5,84.96,3.27,11.57,8.91,10.06,0.57,4.53,79.11,4.149716373012463,19.2963644177052,3.477354965585054,127.0,2018,6,1,Monsoon
Amaravati,2018-06-02,23.25,61.1,4.29,15.21,11.68,9.62,0.43,9.78,57.54,21.16,20.84,3.477354965585054,106.0,2018,6,2,Monsoon
Amaravati,2018-06-03,27.42,57.28,3.36,19.38,13.04,7.89,0.32,6.83,77.6,16.54,8.98,89.7,129.0,2018,6,3,Monsoon
Amaravati,2018-06-04,31.26,72.82,2.6,10.78,7.92,9.02,0.4,7.7,100.25,6.66,1.0,47.94,136.0,2018,6,4,Monsoon
Amaravati,2018-06-05,28.12,70.21,2.67,13.18,9.28,11.27,0.38,7.28,126.43,4.24,6.34,22.67,155.0,2018,6,5,Monsoon
Amaravati,2018-06-06,32.33,55.74,3.37,18.42,12.62,13.99,0.51,6.22,44.58,1.84,76.32,3.477354965585054,87.0,2018,6,6,Monsoon
Amaravati,2018-06-07,19.29,31.22,2.93,13.9,9.86,17.3,0.42,5.87,65.87,4.149716373012463,19.2963644177052,3.477354965585054,84.0,2018,6,7,Monsoon
Amaravati,2018-06-08,17.99,29.24,2.8,10.45,7.92,14.89,0.32,6.37,63.95,4.149716373012463,19.2963644177052,3.477354965585054,85.0,2018,6,8,Monsoon
Amaravati,2018-06-09,12.72,24.79,2.33,9.03,6.78,10.79,0.4,5.82,72.26,4.149716373012463,19.2963644177052,3.477354965585054,91.0,2018,6,9,Monsoon
Amaravati,2018-06-10,13.65,35.39,1.9,6.11,4.79,9.14,0.46,7.1,60.03,4.149716373012463,19.2963644177052,3.477354965585054,76.0,2018,6,10,Monsoon
Amaravati,2018-06-11,17.64,47.81,3.95,10.06,8.65,9.74,0.49,5.81,46.41,4.149716373012463,19.2963644177052,3.477354965585054,60.0,2018,6,11,Monsoon
Amaravati,2018-06-12,23.43,57.11,5.5,13.82,11.83,10.29,0.79,6.68,46.96,4.149716373012463,19.2963644177052,3.477354965585054,69.0,2018,6,12,Monsoon
Amaravati,2018-06-13,25.92,68.27,4.85,15.08,11.96,9.72,0.61,6.36,36.27,4.149716373012463,19.2963644177052,3.477354965585054,64.0,2018,6,13,Monsoon
Amaravati,2018-06-14,32.7,103.88,3.83,11.83,9.5,11.4,0.55,8.41,47.71,4.149716373012463,19.2963644177052,3.477354965585054,98.0,2018,6,14,Monsoon
Amaravati,2018-06-15,31.58,107.31,4.62,13.57,11.07,13.41,1.13,8.66,62.14,4.149716373012463,19.2963644177052,3.477354965585054,128.0,2018,6,15,Monsoon
Amaravati,2018-06-16,22.9,69.96,3.08,10.96,8.42,10.54,0.75,5.29,61.1,4.149716373012463,19.2963644177052,3.477354965585054,113.0,2018,6,16,Monsoon
Amaravati,2018-06-17,24.23,78.11,3.0,8.32,6.95,10.85,0.98,9.0,59.68,4.149716373012463,19.2963644177052,3.477354965585054,87.0,2018,6,17,Monsoon
Amaravati,2018-06-18,17.92,68.72,3.53,7.85,7.13,10.72,0.46,6.66,52.83,4.149716373012463,19.2963644177052,3.477354965585054,79.0,2018,6,18,Monsoon
Amaravati,2018-06-19,17.38,55.59,4.73,9.13,8.79,9.36,0.84,6.18,54.36,4.149716373012463,19.2963644177052,3.477354965585054,69.0,2018,6,19,Monsoon
Amaravati,2018-06-20,19.06,59.46,4.75,11.31,9.96,10.32,1.02,5.43,62.58,4.149716373012463,19.2963644177052,3.477354965585054,78.0,2018,6,20,Monsoon
Amaravati,2018-06-21,18.81,55.66,3.91,11.7,9.49,11.32,1.01,5.53,62.72,0.23,0.26,0.1,88.0,2018,6,21,Monsoon
Amaravati,2018-06-22,18.69,50.06,3.48,12.39,9.52,12.21,0.81,7.62,68.32,0.38,0.2,3.477354965585054,101.0,2018,6,22,Monsoon
Amaravati,2018-06-23,17.85,43.47,3.35,11.42,8.88,11.67,1.05,6.86,63.17,0.41,0.24,3.477354965585054,80.0,2018,6,23,Monsoon
Amaravati,2018-06-24,18.09,45.11,3.0,7.26,6.39,9.25,1.0,6.14,64.6,0.4,0.24,0.1,89.0,2018,6,24,Monsoon
Amaravati,2018-06-25,18.93,60.89,3.85,7.4,7.15,10.94,0.55,6.76,50.27,0.43,0.26,3.477354965585054,71.0,2018,6,25,Monsoon
Amaravati,2018-06-26,16.86,48.26,2.98,8.54,6.96,10.01,0.52,7.12,50.39,0.36,0.22,0.1,68.0,2018,6,26,Monsoon
Amaravati,2018-06-27,16.85,54.97,5.26,10.6,10.0,11.26,0.57,7.55,43.4,0.38,0.25,3.477354965585054,56.0,2018,6,27,Monsoon
Amaravati,2018-06-28,16.46,33.5,5.95,17.41,14.19,11.74,0.61,4.72,40.44,0.48,0.5,0.3,65.0,2018,6,28,Monsoon
Amaravati,2018-06-29,18.4,49.43,4.29,13.66,10.85,13.37,0.38,5.51,48.0,0.4,0.28,0.1,66.0,2018,6,29,Monsoon
Amaravati,2018-06-30,20.31,49.14,3.84,12.76,9.99,12.81,0.41,7.54,61.59,0.39,0.25,0.1,96.0,2018,6,30,Monsoon
Amaravati,2018-07-01,23.99,46.59,3.45,16.64,11.74,15.06,0.51,5.01,46.14,0.34,0.32,0.13,68.0,2018,7,1,Monsoon
Amaravati,2018-07-02,20.36,41.99,4.47,15.53,11.98,13.73,0.52,6.62,53.13,0.32,0.27,0.11,76.0,2018,7,2,Monsoon
Amaravati,2018-07-03,15.08,38.79,5.11,13.96,11.66,10.28,0.4,4.9,44.36,0.32,0.25,0.11,70.0,2018,7,3,Monsoon
Amaravati,2018-07-04,19.42,69.33,5.64,13.23,11.71,10.96,0.41,5.6,47.28,0.29,0.25,0.1,75.0,2018,7,4,Monsoon
Amaravati,2018-07-05,13.93,48.97,5.11,10.72,9.94,11.11,0.33,6.52,44.77,0.3,0.25,0.1,73.0,2018,7,5,Monsoon
Amaravati,2018-07-06,18.29,41.01,6.12,17.63,14.44,13.21,0.63,6.53,37.35,0.32,0.29,0.13,85.0,2018,7,6,Monsoon
Amaravati,2018-07-07,17.25,32.02,2.58,6.82,5.82,11.04,0.37,4.65,65.23,0.29,0.2,0.2,83.0,2018,7,7,Monsoon
Amaravati,2018-07-08,13.43,26.94,2.11,5.31,4.54,9.79,0.46,5.17,54.03,0.26,0.2,3.477354965585054,73.0,2018,7,8,Monsoon
Amaravati,2018-07-09,16.83,38.25,3.04,7.43,6.51,9.56,0.37,5.69,61.43,0.28,0.21,3.477354965585054,75.0,2018,7,9,Monsoon
Amaravati,2018-07-10,18.16,38.17,3.03,6.81,6.17,10.87,0.36,5.36,53.27,0.24,0.21,3.477354965585054,63.0,2018,7,10,Monsoon
Amaravati,2018-07-11,16.89,30.98,2.61,6.37,5.51,10.19,0.39,6.75,54.84,0.35,0.87,4.88,62.0,2018,7,11,Monsoon
Amaravati,2018-07-12,15.95,25.24,7.52,7.16,10.56,16.27,0.64,8.77,37.76,0.28,0.12,0.1,79.0,2018,7,12,Monsoon
Amaravati,2018-07-13,14.05,30.86,2.4,7.74,6.2,13.78,0.16,6.45,30.33,0.26,0.09,3.477354965585054,37.0,2018,7,13,Monsoon
Amritsar,2017-03-18,72.87,98.47,10.71,26.07,33.92948160535117,12.03,0.0,3.56,12.86,4.149716373012463,19.2963644177052,3.477354965585054,184.0,2017,3,18,Summer
Amritsar,2017-03-19,73.26,97.64,10.47,25.73,33.92948160535117,11.99,0.0,1.85,11.77,4.149716373012463,19.2963644177052,3.477354965585054,138.0,2017,3,19,Summer
Amritsar,2017-03-20,65.26,95.91,9.38,25.23,33.92948160535117,12.4,0.0,1.31,19.98,4.149716373012463,19.2963644177052,3.477354965585054,138.0,2017,3,20,Summer
Amritsar,2017-03-21,56.39,92.68,10.42,26.26,33.92948160535117,12.67,0.0,2.97,19.83,4.149716373012463,19.2963644177052,3.477354965585054,100.0,2017,3,21,Summer
Amritsar,2017-03-22,55.43,88.17,13.56,28.39,33.92948160535117,13.0,0.0,1.91,13.71,4.149716373012463,19.2963644177052,3.477354965585054,89.0,2017,3,22,Summer
Amritsar,2017-03-23,40.95,77.09,11.86,26.26,33.92948160535117,12.72,0.0,1.03,21.21,4.149716373012463,19.2963644177052,3.477354965585054,84.0,2017,3,23,Summer
Amritsar,2017-03-24,40.99,67.5,9.68,24.95,33.92948160535117,12.41,0.0,0.86,20.82,4.149716373012463,19.2963644177052,3.477354965585054,72.0,2017,3,24,Summer
Amritsar,2017-03-25,57.49,80.09,8.06,23.95,33.92948160535117,11.87,0.0,2.29,24.66,4.149716373012463,19.2963644177052,3.477354965585054,90.0,2017,3,25,Summer
Amritsar,2017-03-26,45.98,72.74,8.94,23.68,33.92948160535117,12.35,0.0,7.96,24.14,4.149716373012463,19.2963644177052,3.477354965585054,84.0,2017,3,26,Summer
Amritsar,2017-03-27,47.2,78.45,12.41,27.32,33.92948160535117,12.16,0.0,3.29,31.95,4.149716373012463,19.2963644177052,3.477354965585054,74.0,2017,3,27,Summer
Amritsar,2017-03-28,58.95,83.09,10.69,30.37,33.92948160535117,12.03,0.0,4.97,33.22,4.149716373012463,19.2963644177052,3.477354965585054,96.0,2017,3,28,Summer
Amritsar,2017-03-29,39.4,66.81,12.1,30.1,33.92948160535117,12.31,0.0,2.04,33.88,4.149716373012463,19.2963644177052,3.477354965585054,76.0,2017,3,29,Summer
Amritsar,2017-03-30,39.47,71.86,11.17,30.88,33.92948160535117,12.66,0.0,3.9,28.11,4.149716373012463,19.2963644177052,3.477354965585054,71.0,2017,3,30,Summer
Amritsar,2017-03-31,52.77,72.49,11.76,31.49,33.92948160535117,13.3,0.0,2.11,26.72,4.149716373012463,19.2963644177052,3.477354965585054,91.0,2017,3,31,Summer
Amritsar,2017-04-01,16.38,25.27,13.47,31.72,33.92948160535117,12.84,0.0,3.28,23.22,4.149716373012463,19.2963644177052,3.477354965585054,45.0,2017,4,1,Summer
Amritsar,2017-04-02,20.11,34.76,12.78,30.57,33.92948160535117,12.37,0.0,4.88,25.45,4.149716373012463,19.2963644177052,3.477354965585054,30.0,2017,4,2,Summer
Amritsar,2017-04-03,42.05,88.9,3.55,23.44,33.92948160535117,10.01,0.0,2.61,21.0,4.149716373012463,19.2963644177052,3.477354965585054,72.0,2017,4,3,Summer
Amritsar,2017-04-04,40.64,63.97,8.88,27.46,33.92948160535117,16.51,0.0,2.64,16.77,4.149716373012463,19.2963644177052,3.477354965585054,76.0,2017,4,4,Summer
Amritsar,2017-04-05,31.96,59.43,12.81,30.01,33.92948160535117,19.88,0.0,2.96,18.72,4.149716373012463,19.2963644177052,3.477354965585054,60.0,2017,4,5,Summer
Amritsar,2017-04-08,33.2,49.73,16.68,40.39,33.92948160535117,29.59,0.0,4.31,22.8,4.149716373012463,19.2963644177052,3.477354965585054,294.76488095238096,2017,4,8,Summer
Amritsar,2017-04-09,24.29,39.48,20.48,37.9,33.92948160535117,30.36,0.0,5.14,18.12,4.149716373012463,19.2963644177052,3.477354965585054,44.0,2017,4,9,Summer
Amritsar,2017-04-10,30.05,55.59,14.87,19.08,33.92948160535117,29.24,0.0,3.23,27.2,4.149716373012463,19.2963644177052,3.477354965585054,57.0,2017,4,10,Summer
Amritsar,2017-04-11,41.4,62.53,13.62,21.1,33.92948160535117,29.47,0.0,5.88,22.06,4.149716373012463,19.2963644177052,3.477354965585054,66.0,2017,4,11,Summer
Amritsar,2017-04-12,33.11,58.18,12.64,19.74,33.92948160535117,28.98,0.0,1.1,15.98,4.149716373012463,19.2963644177052,3.477354965585054,63.0,2017,4,12,Summer
Amritsar,2017-04-13,50.72,70.44,12.78,23.29,33.92948160535117,29.37,0.0,7.12,24.73,4.149716373012463,19.2963644177052,3.477354965585054,85.0,2017,4,13,Summer
Amritsar,2017-04-14,25.84,28.59,12.4,21.97,33.92948160535117,29.11,0.0,2.6,28.36,4.149716373012463,19.2963644177052,3.477354965585054,61.0,2017,4,14,Summer
Amritsar,2017-04-15,24.3,27.21,12.55,21.26,33.92948160535117,29.06,0.0,3.13,31.65,4.149716373012463,19.2963644177052,3.477354965585054,49.0,2017,4,15,Summer
Amritsar,2017-04-16,33.02,45.93,11.88,20.9,33.92948160535117,28.81,0.0,11.78,31.99,4.149716373012463,19.2963644177052,3.477354965585054,53.0,2017,4,16,Summer
Amritsar,2017-04-17,53.08,101.55,13.42,20.53,33.92948160535117,28.7,0.0,7.66,24.0,4.149716373012463,19.2963644177052,3.477354965585054,82.0,2017,4,17,Summer
Amritsar,2017-04-18,82.91,116.95,14.58,20.7,33.92948160535117,28.86,0.0,8.74,29.95,4.149716373012463,19.2963644177052,3.477354965585054,170.0,2017,4,18,Summer
Amritsar,2017-04-19,32.08,94.3,16.02,21.29,33.92948160535117,28.73,0.0,12.41,25.46,4.149716373012463,19.2963644177052,3.477354965585054,109.0,2017,4,19,Summer
Amritsar,2017-04-20,27.6,39.29,15.53,22.4,33.92948160535117,28.94,0.0,15.52,19.14,4.149716373012463,19.2963644177052,3.477354965585054,65.0,2017,4,20,Summer
Amritsar,2017-04-21,56.22,94.96,12.13,16.5,33.92948160535117,27.97,0.0,7.77,24.91,4.149716373012463,19.2963644177052,3.477354965585054,294.76488095238096,2017,4,21,Summer
Amritsar,2017-04-24,23.98,82.9102228224173,17.29,16.95,33.92948160535117,28.71,0.0,4.86,14.81,4.149716373012463,19.2963644177052,3.477354965585054,294.76488095238096,2017,4,24,Summer
Amritsar,2017-04-25,25.74,82.9102228224173,17.33,16.62,33.92948160535117,28.63,0.0,5.49,14.42,4.149716373012463,19.2963644177052,3.477354965585054,42.0,2017,4,25,Summer
Amritsar,2017-04-26,28.28,82.9102228224173,15.97,17.11,33.92948160535117,28.5,0.0,5.78,15.2,4.149716373012463,19.2963644177052,3.477354965585054,46.0,2017,4,26,Summer
Amritsar,2017-04-27,25.1,82.9102228224173,14.79,16.71,33.92948160535117,28.27,0.0,7.31,13.77,4.149716373012463,19.2963644177052,3.477354965585054,43.0,2017,4,27,Summer
Amritsar,2017-04-28,25.99,82.9102228224173,14.47,17.07,33.92948160535117,28.26,0.0,12.18,15.0,4.149716373012463,19.2963644177052,3.477354965585054,43.0,2017,4,28,Summer
Amritsar,2017-04-29,27.14,82.9102228224173,15.96,16.78,33.92948160535117,28.42,0.0,7.85,14.22,4.149716373012463,19.2963644177052,3.477354965585054,45.0,2017,4,29,Summer
Amritsar,2017-04-30,25.81,82.9102228224173,15.62,16.07,33.92948160535117,28.3,0.0,5.27,13.02,4.149716373012463,19.2963644177052,3.477354965585054,43.0,2017,4,30,Summer
Amritsar,2017-05-01,23.96,82.9102228224173,15.77,16.56,33.92948160535117,28.38,0.0,9.33,13.83,4.149716373012463,19.2963644177052,3.477354965585054,41.0,2017,5,1,Summer
Amritsar,2017-05-02,41.54,124.19,12.43,10.76,33.92948160535117,28.71,0.0,9.99,31.76,4.149716373012463,19.2963644177052,3.477354965585054,97.0,2017,5,2,Summer
Amritsar,2017-05-03,52.43,105.5,14.68,16.31,33.92948160535117,30.36,0.0,7.51,13.82,4.149716373012463,19.2963644177052,3.477354965585054,102.0,2017,5,3,Summer
Amritsar,2017-05-04,53.42,91.16,14.43,16.67,33.92948160535117,30.45,0.0,11.67,14.19,4.149716373012463,19.2963644177052,3.477354965585054,100.0,2017,5,4,Summer
Amritsar,2017-05-05,194.39,100.51,13.94,16.7,33.92948160535117,30.32,0.0,14.47,16.02,4.149716373012463,19.2963644177052,3.477354965585054,121.0,2017,5,5,Summer
Amritsar,2017-05-06,296.84,138.35,13.41,16.92,33.92948160535117,30.49,0.0,15.32,15.81,4.149716373012463,19.2963644177052,3.477354965585054,117.0,2017,5,6,Summer
Amritsar,2017-05-07,105.49,125.37,14.23,16.7,33.92948160535117,30.52,0.0,18.78,14.66,4.149716373012463,19.2963644177052,3.477354965585054,123.0,2017,5,7,Summer
Amritsar,2017-05-08,868.66,116.29,13.21,16.46,33.92948160535117,30.05,0.0,27.92,15.99,4.149716373012463,19.2963644177052,3.477354965585054,110.0,2017,5,8,Summer
Amritsar,2017-05-09,54.9846661237785,156.75,14.23,16.57,33.92948160535117,30.0,0.0,15.77,14.46,4.149716373012463,19.2963644177052,3.477354965585054,122.0,2017,5,9,Summer
Amritsar,2017-05-10,832.8,145.53,11.59,15.78,33.92948160535117,29.12,0.0,5.84,25.25,4.149716373012463,19.2963644177052,3.477354965585054,294.76488095238096,2017,5,10,Summer
Amritsar,2017-05-11,595.88,219.63,12.27,15.87,33.92948160535117,29.09,0.0,4.57,15.85,4.149716373012463,19.2963644177052,3.477354965585054,539.0,2017,5,11,Summer
Amritsar,2017-05-12,157.6,94.34,12.68,16.01,33.92948160535117,29.27,0.0,10.25,16.36,4.149716373012463,19.2963644177052,3.477354965585054,473.0,2017,5,12,Summer
Amritsar,2017-05-13,53.9,124.48,12.69,15.91,33.92948160535117,29.05,0.0,7.37,15.59,4.149716373012463,19.2963644177052,3.477354965585054,138.0,2017,5,13,Summer
Amritsar,2017-05-14,40.51,121.36,12.86,16.19,33.92948160535117,28.95,0.0,16.06,15.09,4.149716373012463,19.2963644177052,3.477354965585054,116.0,2017,5,14,Summer
Amritsar,2017-05-15,54.9846661237785,113.72,12.7,15.71,33.92948160535117,28.86,0.0,15.43,15.33,4.149716373012463,19.2963644177052,3.477354965585054,114.0,2017,5,15,Summer
